,BETWEENNESS,DENSITY,BROKERAGE,TRANSITIVITY,YEAR,MONTH,DAY,HOUR,MINUTE,help,office,dance,money,wedding,domestic_work,sleep,medical_emergency,cold,hate,cheerfulness,aggression,occupation,envy,anticipation,family,vacation,crime,attractive,masculine,prison,health,pride,dispute,nervousness,government,weakness,horror,swearing_terms,leisure,suffering,royalty,wealthy,tourism,furniture,school,magic,beach,journalism,morning,banking,social_media,exercise,night,kill,blue_collar_job,art,ridicule,play,computer,college,optimism,stealing,real_estate,home,divine,sexual,fear,irritability,superhero,business,driving,pet,childish,cooking,exasperation,religion,hipster,internet,surprise,reading,worship,leader,independence,movement,body,noise,eating,medieval,zest,confusion,water,sports,death,healing,legend,heroic,celebration,restaurant,violence,programming,dominant_heirarchical,military,neglect,swimming,exotic,love,hiking,communication,hearing,order,sympathy,hygiene,weather,anonymity,trust,ancient,deception,fabric,air_travel,fight,dominant_personality,music,vehicle,politeness,toy,farming,meeting,war,speaking,listen,urban,shopping,disgust,fire,tool,phone,gain,sound,injury,sailing,rage,science,work,appearance,valuable,warmth,youth,sadness,fun,emotional,joy,affection,traveling,fashion,ugliness,lust,shame,torment,economics,anger,politics,ship,clothing,car,strength,technology,breaking,shape_and_size,power,white_collar_job,animal,party,terrorism,smell,disappointment,poor,plant,pain,beauty,timidity,philosophy,negotiate,negative_emotion,cleaning,messaging,competing,law,friends,payment,achievement,alcohol,liquid,feminine,weapon,children,monster,ocean,giving,contentment,writing,rural,positive_emotion,musical,STATUS_CHAR_LEN,STATUS_WORD_LEN,AVG_WORD_LEN,EXCLAMATION_COUNT,QUESTION_COUNT,UPPERCASE_RATIO,FIRST_PERSON_PRONOUN_DENSITY,DAY_OF_WEEK,IS_WEEKEND,IS_NIGHT
132,0.01026857513068392,0.04,0.010213603944236762,0.21,0.08333333333325754,0.7583333333333334,0.5416666666666667,0.7840909090909091,0.6797752808988764,0.0,0.0,0.0,0.0,0.0043859649122807015,0.013888888888888888,0.010416666666666666,0.0,0.0,0.005208333333333333,0.0,0.0,0.0,0.0,0.0,0.013888888888888888,0.0,0.0,0.0,0.0,0.0,0.0,0.0,0.0,0.0,0.0,0.0,0.0,0.0,0.0,0.0,0.0,0.0,0.0,0.0,0.007575757575757576,0.0,0.0,0.0,0.0,0.0,0.0,0.0,0.010416666666666666,0.0,0.0,0.007575757575757576,0.0,0.004166666666666667,0.0,0.0,0.0043859649122807015,0.0,0.0,0.013888888888888888,0.0,0.0,0.0,0.0,0.0,0.007575757575757576,0.005208333333333333,0.0,0.0,0.0,0.0,0.0,0.0,0.0,0.0,0.0,0.0,0.0,0.0,0.0,0.0,0.0,0.027777777777777776,0.0,0.0,0.0028735632183908046,0.0,0.0,0.0,0.0,0.0,0.0,0.0,0.027777777777777776,0.0,0.0,0.0,0.0,0.0,0.0,0.0,0.0,0.0,0.0,0.0,0.0,0.0,0.0,0.0,0.0,0.0,0.0,0.0,0.0,0.0,0.0043859649122807015,0.0,0.0,0.0,0.008333333333333333,0.0,0.0,0.027777777777777776,0.0,0.015151515151515152,0.0,0.0,0.0,0.0,0.0,0.0,0.0,0.0,0.0,0.0,0.0,0.0,0.0,0.0,0.0,0.0,0.0,0.0,0.0,0.0,0.004166666666666667,0.0,0.0,0.0,0.0,0.005208333333333333,0.0,0.0,0.0,0.0,0.0,0.0,0.0,0.0,0.0,0.0,0.0,0.0,0.0,0.0,0.0,0.0,0.004166666666666667,0.0,0.0,0.0,0.0,0.0,0.0,0.0,0.0,0.0,0.0,0.012248563218390804,0.0,0.0,0.0,0.0,0.008333333333333333,0.0,0.0,0.0,0.0,0.0,0.0,0.0,0.0,0.0,0.007575757575757576,0.0,0.0,0.0,0.0028735632183908046,0.0,0.27432045779685266,0.26436781609195403,0.13393719927018877,0.00505050505050505,0.07051282051282051,0.030023493696039998,0.011206896551724138,0.48611111111111105,0.3333333333333333,0.0
225,0.002197237572887936,0.08,0.0021711031942840543,0.26,1.0,0.1,0.1607142857142857,0.9090909090909092,0.11235955056179775,0.0,0.0,0.0,0.0,0.0,0.0,0.0,0.0,0.0,0.0,0.0,0.0,0.0,0.0,0.0,0.0,0.0,0.0,0.0,0.0,0.0,0.0,0.0,0.0,0.0,0.0,0.0,0.0,0.0,0.0,0.0,0.0,0.0,0.0,0.0,0.08333333333333333,0.0,0.0,0.0,0.0,0.0,0.0,0.0,0.0,0.0,0.0,0.0,0.0,0.0,0.0,0.08333333333333333,0.0,0.0,0.0,0.0,0.0,0.0,0.0,0.0,0.0,0.0,0.0,0.0,0.0,0.0,0.0,0.0,0.0,0.0,0.0,0.08333333333333333,0.0,0.0,0.0,0.0,0.0,0.0,0.0,0.0,0.0,0.0,0.0,0.0,0.0,0.0,0.0,0.0,0.0,0.0,0.0,0.0,0.0,0.0,0.0,0.0,0.0,0.0,0.0,0.0,0.0,0.0,0.0,0.0,0.0,0.0,0.0,0.0,0.0,0.0,0.0,0.0,0.0,0.0,0.0,0.0,0.0,0.0,0.0,0.0,0.0,0.0,0.0,0.0,0.0,0.0,0.0,0.0,0.0,0.0,0.0,0.0,0.0,0.0,0.0,0.0,0.0,0.0,0.0,0.0,0.0,0.0,0.0,0.0,0.0,0.0,0.0,0.0,0.0,0.0,0.0,0.0,0.0,0.0,0.0,0.0,0.08333333333333333,0.0,0.0,0.0,0.0,0.0,0.0,0.0,0.0,0.0,0.0,0.0,0.0,0.0,0.0,0.0,0.0,0.0,0.08333333333333333,0.0,0.0,0.0,0.0,0.0,0.0,0.0,0.0,0.0,0.0,0.0,0.0,0.0,0.0,0.0,0.0,0.0,0.0,0.0,0.0,0.11158798283261803,0.10344827586206898,0.12467223546096351,0.0,0.0,0.06690561529271206,0.0,0.16666666666666666,0.0,0.0
238,0.04674804804358767,0.02,0.050220315922030245,0.05,0.23809523809518396,0.6285714285714287,0.5850340136054422,0.5930735930735931,0.6570358480470839,0.0,0.0026455026455026454,0.0,0.0,0.005291005291005291,0.0,0.0,0.0,0.0,0.0,0.0,0.0,0.0,0.0,0.0,0.0,0.0,0.0,0.0,0.0,0.0,0.0,0.0,0.0,0.0,0.0,0.0,0.0,0.0,0.0,0.0,0.0,0.0,0.0,0.0,0.0,0.0,0.002976190476190476,0.01092707614446745,0.0,0.0,0.0026455026455026454,0.0,0.0,0.0,0.0,0.0,0.003968253968253968,0.0,0.0026455026455026454,0.0,0.0,0.0,0.0,0.0,0.0,0.0,0.0,0.0,0.0,0.0,0.0,0.0,0.0,0.001984126984126984,0.0,0.0,0.0,0.0026455026455026454,0.0,0.006211180124223602,0.0,0.0,0.0,0.0,0.0,0.0,0.001984126984126984,0.0,0.0,0.0,0.002976190476190476,0.0,0.0,0.0,0.0,0.0,0.0,0.0,0.0,0.0026455026455026454,0.0,0.0,0.0,0.0,0.0,0.0,0.0,0.006211180124223602,0.0,0.0,0.0,0.0,0.0,0.0,0.0,0.0,0.0,0.0,0.0,0.0,0.0,0.0,0.0,0.0,0.0,0.0,0.0,0.0,0.002070393374741201,0.001984126984126984,0.0,0.0,0.0,0.0,0.0026455026455026454,0.001984126984126984,0.0,0.0,0.003968253968253968,0.002976190476190476,0.0,0.0026455026455026454,0.007361398665746492,0.0,0.0,0.0,0.0,0.0,0.0,0.0,0.0,0.0,0.002380952380952381,0.0,0.0,0.0,0.0,0.0,0.0,0.0,0.0,0.002976190476190476,0.0,0.0,0.0,0.0026455026455026454,0.0,0.0,0.0,0.0,0.0,0.0,0.0,0.0,0.0,0.0,0.0,0.0,0.0,0.0,0.0,0.0,0.003968253968253968,0.0,0.004629629629629629,0.0,0.0,0.0,0.0,0.0,0.0,0.0,0.0,0.0,0.0,0.0,0.002976190476190476,0.0,0.0,0.01092707614446745,0.0,0.0,0.0,0.2017167381974249,0.19157088122605365,0.1569074752972594,0.06926406926406926,0.06043956043956043,0.09532737207499722,0.04796041605047817,0.3412698412698412,0.09523809523809523,0.47619047619047616
119,0.0320421643981773,0.02,0.03218266710885514,0.08,0.1323529411765776,0.7014705882352943,0.555672268907563,0.5307486631016043,0.5717118307997355,0.0,0.002850797069399842,0.00027233115468409583,0.0008691656010230179,0.002563772544590959,0.005816269195425205,0.004248366013071895,0.0025358116219460756,0.0016330770547705895,0.001395522526456342,0.000319693094629156,0.00022977941176470588,0.0022554172170540458,0.0,0.0,0.0012388107416879796,0.0034002265388705833,0.00031289111389236547,0.0010504201680672268,0.0005656108597285068,0.0,0.002777741531395167,0.0,0.0008982286096256685,0.0,0.0010263830932830797,0.0,0.00022977941176470588,0.0013109573605394867,0.002660987955105602,0.0014899017768458228,0.0,0.0,0.0006684491978609626,0.0018244139761167625,0.002305856553147575,0.00022977941176470588,0.0,0.0,0.004561257126964261,0.000639386189258312,0.0,0.001374263445688603,0.005052822411015688,0.0006272356915739269,0.0016898063573255388,0.00038699690402476777,0.0,0.0034590317872051617,0.0007066899986539238,0.0010263830932830797,0.0030716277511549173,0.001278772378516624,0.004561902971599876,0.007069138328135107,0.000397456279809221,0.0,0.00031289111389236547,0.0,0.0,0.004048828979752436,0.00031289111389236547,0.0011331834071157967,0.000717149374438377,0.0,0.0,0.0,0.0010504201680672268,0.0016078164066639362,0.0,0.00022977941176470588,0.0,0.0005656108597285068,0.000639386189258312,0.0020699507753637915,0.006107864534260021,0.00024108003857280618,0.000794912559618442,0.0,0.0,0.0,0.0,0.0010893246187363833,0.0016268290773153202,0.00455905585988372,0.0,0.0016488413547237077,0.001767569542505604,0.0,0.0023590673778688407,0.001614618387400727,0.0,0.000639386189258312,0.0004743833017077799,0.0,0.0,0.0,0.0,0.0007975412387177093,0.0005134111932569021,0.00038699690402476777,0.0,0.002050339366515837,0.0007905525449666681,0.0,0.001193659281894576,0.0015099789915966385,0.0006684491978609626,0.0006127450980392157,0.000981340311753328,0.004677506278139883,0.0,0.0005446623093681917,0.0,0.004333539798391373,0.0017800606035900154,0.0021008403361344537,0.000319693094629156,0.0010678806096906849,0.002333435201566006,0.0005134111932569021,0.0009522773031506775,0.0014313417674762213,0.0,0.0008853039543576628,0.0,0.00027233115468409583,0.000639386189258312,0.00024108003857280618,0.0026099637891163012,0.00031289111389236547,0.0,0.0021886006977161576,0.006208477879358044,0.0,0.0,0.0005494725063938619,0.000397456279809221,0.0,0.0019925387572446397,0.000998066246647121,0.0,0.0005252100840336134,0.006324515944119834,0.0011312217194570137,0.000397456279809221,0.0,0.0003586800573888092,0.0017570039472417447,0.002558971958348557,0.0,0.0,0.0,0.0019850468560690354,0.0,0.00047085945033751214,0.002254004576659039,0.002977032159017453,0.004541069145049324,0.0006167763157894736,0.0028948034063123575,0.0021960261779770916,0.006575536866457583,0.0005656108597285068,0.00045955882352941176,0.0,0.0028035758482916305,0.003454587663845137,0.0014899017768458228,0.005042016806722689,0.0,0.0,0.002740226525392766,0.005195126456105641,0.0012777977044476326,0.0,0.0034432870370370372,0.0011312217194570137,0.003431792186117446,0.000639386189258312,0.0007048571062411893,0.0027573529411764708,0.00031289111389236547,0.0020391501082038166,0.0018044216014164863,0.000397456279809221,0.0005426705256570713,0.00022977941176470588,0.002967235487545402,0.0,0.00022977941176470588,0.005271796218487395,0.002378740799076789,0.0005446623093681917,0.4361272405958092,0.39621365787694385,0.20761225487778273,0.01693404634581105,0.024886877828054297,0.07219124314457354,0.012832150468385529,0.553921568627451,0.3382352941176471,0.3235294117647059
136,0.07586195523471108,0.02,0.07680702984693048,0.1,0.13924050632908802,0.7379746835443038,0.5999095840867992,0.37341772151898733,0.6400227563646708,0.0006662225183211193,0.0003421142661648991,0.007390171258376769,0.0011531304871976308,0.011908376891866159,0.005728066115258967,0.004473532796317606,0.0,0.0017913896284837399,0.003682393555811277,0.010090785200856746,0.0004219409282700422,0.002253258470682149,0.002039381153305204,0.0,0.006918155912943701,0.005864264527606613,0.0,0.0,0.0005274261603375527,0.0006027727546714888,0.0,0.0,0.0024650198006172072,0.0016075032104201064,0.0,0.0,0.000183452577508714,0.009323341918278627,0.007724471094181142,0.0013342005636997382,0.0,0.000550357732526142,0.0,0.002090155254712217,0.0005753739930955121,0.0,0.0007911392405063291,0.0018494916432523247,0.005558523754726287,0.0012949593706497457,0.0033223396184320787,0.0037231214446404324,0.003629650939777522,0.0,0.0003421142661648991,0.0007446016381236039,0.004350119244175381,0.012506272492059626,0.0017183114725929322,0.00035161744022503517,0.016334455305431175,0.0,0.0,0.0064921213096939085,0.00035161744022503517,0.000879043600562588,0.0030648649692475547,0.0,0.0,0.006822784974860914,0.0030959584198601326,0.0,0.016943528957983088,0.0027330264672036824,0.0,0.0,0.0,0.00974446253671868,0.00033311125916055963,0.0018494916432523247,0.0,0.0,0.0,0.0006508515307527349,0.00543661713447074,0.002293157218858925,0.0027330264672036824,0.0,0.00035161744022503517,0.0034072523079851525,0.0,0.011812150015304433,0.0011771540390142481,0.00273708853718787,0.00035161744022503517,0.0017721518987341774,0.015277487239657385,0.0011507479861910242,0.0021253398042060676,0.0,0.0,0.0,0.0,0.0,0.0008438818565400844,0.0030594554701671695,0.00028768699654775604,0.005430857030568216,0.004672779954028943,0.0009115100192593245,0.0,0.0,0.0012658227848101266,0.0,0.0010247136829415308,0.0,0.0,0.0,0.0006435006435006435,0.0012658227848101266,0.0005274261603375527,0.01250150950125051,0.0030959584198601326,0.0,0.011718056899892198,0.0007446016381236039,0.0009115100192593245,0.0,0.0030365023754019282,0.006453727731763176,0.0014064697609001407,0.0006027727546714888,0.0,0.0,0.0003013863773357444,0.0020569620253164554,0.0,0.0020019262520638414,0.000733810310034856,0.0,0.0,0.0,0.004936053874996541,0.0,0.000550357732526142,0.0,0.0018169705045121434,0.000183452577508714,0.005986585516174486,0.0033448408131952433,0.0,0.0016823542139997837,0.002363914547458851,0.0,0.0006329113924050633,0.00035161744022503517,0.0021505645336135156,0.000183452577508714,0.0009448870208363879,0.000183452577508714,0.0,0.0,0.0,0.0030959584198601326,0.0004219409282700422,0.0,0.0,0.004430379746835442,0.0,0.0003421142661648991,0.0015822784810126582,0.014497055146766932,0.0,0.0,0.0,0.0003421142661648991,0.001086715904288503,0.0023087923817147814,0.0004219409282700422,0.0007911392405063291,0.0,0.0,0.013637374109378281,0.0033755274261603376,0.004404068785061168,0.0009041591320072332,0.0,0.006872615133774361,0.000550357732526142,0.0021287050868778992,0.0015417072379097696,0.0,0.0,0.0004868549172346641,0.010040377122322492,0.0,0.0,0.006253075916693182,0.0005350700177337492,0.002524717168577783,0.0003013863773357444,0.01681184894462999,0.007723937705314145,0.40441136524148424,0.40419030990833693,0.12833058004258674,0.0,0.09639727361246349,0.015869489481126556,0.0632815139367373,0.5337552742616034,0.3037974683544304,0.43037974683544306
66,0.0024270165054843767,0.06,0.0023032848324340497,0.15,0.2400000000000091,0.784,0.5614285714285714,0.5363636363636364,0.4817977528089888,0.004675324675324675,0.0,0.002352941176470588,0.0,0.0025,0.0065608465608465606,0.002857142857142857,0.0,0.0,0.0,0.0025,0.0,0.0022222222222222222,0.0,0.0,0.0,0.002857142857142857,0.0,0.0,0.0,0.0,0.0,0.0,0.0,0.001379310344827586,0.0017391304347826085,0.0,0.0,0.0,0.002857142857142857,0.0,0.0017391304347826085,0.0,0.0,0.0,0.0,0.0,0.0,0.0,0.002857142857142857,0.0,0.003076923076923077,0.0,0.0,0.0,0.0022222222222222222,0.002352941176470588,0.0,0.005714285714285714,0.0,0.0,0.016047619047619047,0.0,0.0,0.0,0.0,0.0,0.0,0.0,0.0,0.0,0.0,0.0,0.005357142857142857,0.0,0.0,0.0,0.0,0.0,0.0,0.0,0.0,0.0011428571428571427,0.0,0.0076363636363636364,0.0,0.0,0.002857142857142857,0.0,0.0,0.005619412515964239,0.0,0.005357142857142857,0.0,0.0,0.0,0.002352941176470588,0.005357142857142857,0.0,0.0,0.0,0.0,0.0028819875776397515,0.0,0.0,0.0,0.005166666666666666,0.0,0.007317025248059731,0.0,0.003076923076923077,0.0,0.0014814814814814814,0.0,0.0,0.0,0.0,0.0,0.0,0.0,0.0011428571428571427,0.0,0.002352941176470588,0.0,0.001379310344827586,0.005714285714285714,0.0,0.0,0.0011428571428571427,0.008459882390916874,0.002352941176470588,0.0,0.0,0.0,0.0,0.0,0.0,0.0,0.0,0.0,0.0,0.0,0.0,0.0022222222222222222,0.0,0.0,0.0,0.002857142857142857,0.003478260869565217,0.002857142857142857,0.005471381956080783,0.0,0.005166666666666666,0.0022222222222222222,0.0,0.0,0.0,0.0017391304347826085,0.0,0.0022222222222222222,0.0,0.0017391304347826085,0.0,0.0,0.0,0.001379310344827586,0.0,0.0,0.0,0.0017391304347826085,0.0022222222222222222,0.0,0.008214285714285714,0.0017391304347826085,0.0,0.0,0.0022222222222222222,0.0,0.0,0.0,0.0,0.0,0.0,0.0031184407796101946,0.0014814814814814814,0.0,0.0025,0.0,0.00940311986863711,0.0,0.0025,0.002857142857142857,0.002857142857142857,0.0,0.0,0.005210084033613445,0.0,0.0,0.0022222222222222222,0.0,0.0,0.0,0.010333333333333332,0.002352941176470588,0.3026609442060086,0.30252873563218385,0.1298945013366548,0.02666666666666667,0.08461538461538462,0.13272994175062927,0.05547825519833634,0.48666666666666664,0.24,0.28
217,0.009982859541489279,0.06,0.01052229160219184,0.28,0.0,0.7090909090909092,0.586038961038961,0.6714876033057852,0.5362614913176711,0.0,0.0,0.0023923444976076554,0.0030303030303030303,0.0006587615283267457,0.0,0.0018939393939393938,0.0,0.0,0.0032467532467532465,0.0013175230566534915,0.0,0.0,0.0,0.0006587615283267457,0.0,0.0,0.0,0.001976284584980237,0.0,0.0,0.0,0.0006587615283267457,0.0,0.0,0.0,0.0,0.0,0.004132231404958678,0.0023923444976076554,0.0032467532467532465,0.0,0.0,0.0,0.0,0.0,0.0,0.0013175230566534915,0.0,0.0,0.0030303030303030303,0.0,0.0006587615283267457,0.0,0.0,0.0,0.0,0.0,0.0023923444976076554,0.0,0.0,0.0013175230566534915,0.0,0.0030303030303030303,0.0,0.0,0.0,0.0,0.0,0.0,0.0,0.0,0.0,0.001976284584980237,0.0,0.0,0.0,0.001976284584980237,0.007575757575757575,0.0006587615283267457,0.007575757575757575,0.0,0.0,0.0,0.0,0.0,0.0006587615283267457,0.0,0.0,0.0006587615283267457,0.0,0.0,0.003051106025934401,0.0,0.0,0.0,0.0,0.0006587615283267457,0.0,0.0,0.0,0.0,0.0,0.0,0.0006587615283267457,0.0,0.0006587615283267457,0.0,0.0006587615283267457,0.0006587615283267457,0.0013175230566534915,0.0,0.0,0.0,0.0,0.0,0.0,0.0032467532467532465,0.0,0.0,0.0,0.0,0.008916920400173988,0.0,0.0,0.0023923444976076554,0.0,0.0,0.0,0.0013175230566534915,0.0006587615283267457,0.0,0.0,0.0,0.0,0.0,0.0,0.0,0.0006587615283267457,0.011363636363636364,0.0006587615283267457,0.0,0.0,0.0,0.0,0.0,0.0,0.0006587615283267457,0.0,0.0023923444976076554,0.0,0.0006587615283267457,0.0,0.0018939393939393938,0.0,0.0,0.0,0.0,0.0032467532467532465,0.0030303030303030303,0.0,0.0,0.0,0.0,0.0,0.0,0.0,0.011363636363636364,0.0,0.0,0.0,0.0,0.0025527009222661395,0.0,0.0,0.0,0.0030303030303030303,0.0006587615283267457,0.011363636363636364,0.0,0.0,0.0,0.0030303030303030303,0.006026170798898071,0.0,0.004132231404958678,0.0,0.0,0.0006587615283267457,0.0030303030303030303,0.0030303030303030303,0.0,0.0,0.0006587615283267457,0.0,0.0006587615283267457,0.0,0.0006587615283267457,0.0,0.0006587615283267457,0.007575757575757575,0.0,0.004347826086956522,0.0023923444976076554,0.28228638314475224,0.2622779519331243,0.15097525881650414,0.024793388429752067,0.05769230769230769,0.11197857304914076,0.01824854986910323,0.5984848484848484,0.4090909090909091,0.18181818181818182
154,0.011205300401298572,0.03993396846022924,0.011411945262554683,0.27,0.0,0.5000000000000001,0.6071428571428571,1.0,0.02247191011235955,0.0,0.023809523809523808,0.0,0.0,0.0,0.0,0.023809523809523808,0.0,0.0,0.0,0.0,0.0,0.0,0.0,0.0,0.0,0.0,0.0,0.0,0.0,0.0,0.0,0.0,0.0,0.0,0.0,0.0,0.0,0.0,0.0,0.0,0.0,0.0,0.0,0.0,0.023809523809523808,0.0,0.0,0.0,0.0,0.0,0.0,0.0,0.023809523809523808,0.0,0.0,0.0,0.0,0.0,0.0,0.0,0.0,0.0,0.0,0.0,0.0,0.0,0.0,0.0,0.0,0.023809523809523808,0.0,0.0,0.0,0.0,0.0,0.0,0.0,0.0,0.0,0.0,0.0,0.0,0.0,0.0,0.0,0.0,0.0,0.0,0.0,0.0,0.0,0.0,0.0,0.0,0.0,0.0,0.0,0.0,0.0,0.0,0.0,0.0,0.0,0.0,0.0,0.0,0.0,0.023809523809523808,0.0,0.0,0.0,0.0,0.0,0.0,0.0,0.0,0.0,0.0,0.0,0.0,0.0,0.0,0.0,0.0,0.0,0.0,0.023809523809523808,0.0,0.0,0.0,0.0,0.0,0.0,0.0,0.0,0.0,0.0,0.0,0.0,0.0,0.0,0.0,0.0,0.0,0.0,0.0,0.0,0.0,0.0,0.0,0.0,0.0,0.0,0.0,0.0,0.0,0.0,0.0,0.0,0.0,0.0,0.0,0.0,0.0,0.0,0.0,0.0,0.0,0.0,0.0,0.0,0.0,0.0,0.0,0.0,0.0,0.0,0.0,0.0,0.0,0.0,0.0,0.0,0.0,0.023809523809523808,0.0,0.0,0.0,0.0,0.0,0.0,0.0,0.0,0.0,0.0,0.0,0.0,0.023809523809523808,0.0,0.0,0.0,0.0,0.0,0.871244635193133,0.9425287356321839,0.10400186482666407,0.18181818181818182,0.0,0.038834951456310676,0.0,0.5,0.0,0.0
168,0.4518838848329996,0.01,0.4505312197990681,0.03,0.0,0.775,0.5892857142857143,0.6022727272727273,0.38202247191011235,0.0,0.0,0.0,0.0,0.0,0.0,0.0,0.0,0.0,0.0,0.0,0.0,0.0,0.0,0.0,0.0,0.0,0.0,0.0,0.0,0.0,0.0,0.0,0.0,0.0,0.0,0.0,0.0,0.0,0.0,0.0,0.0,0.0,0.0,0.0,0.0,0.0,0.0,0.0,0.0,0.0,0.0,0.0,0.0,0.0,0.0,0.0,0.0,0.0,0.0,0.0,0.0,0.0,0.0,0.0,0.0,0.0,0.0,0.0,0.0,0.019230769230769232,0.0,0.0,0.0,0.0,0.0,0.0,0.0,0.0,0.0,0.0,0.0,0.0,0.0,0.0,0.0,0.0,0.0,0.0,0.0,0.0,0.0,0.0,0.019230769230769232,0.0,0.0,0.0,0.0,0.0,0.0,0.0,0.0,0.0,0.0,0.0,0.0,0.0,0.0,0.0,0.0,0.0,0.0,0.0,0.0,0.0,0.0,0.0,0.0,0.0,0.0,0.0,0.0,0.0,0.0,0.0,0.0,0.0,0.0,0.0,0.0,0.0,0.0,0.0,0.0,0.0,0.0,0.0,0.0,0.0,0.0,0.0,0.0,0.0,0.0,0.0,0.0,0.0,0.0,0.0,0.0,0.0,0.0,0.0,0.0,0.0,0.0,0.0,0.0,0.0,0.0,0.0,0.0,0.0,0.0,0.0,0.0,0.0,0.0,0.0,0.0,0.0,0.0,0.0,0.0,0.0,0.0,0.0,0.0,0.0,0.0,0.0,0.0,0.0,0.0,0.0,0.0,0.0,0.0,0.0,0.0,0.0,0.0,0.0,0.0,0.0,0.0,0.0,0.0,0.019230769230769232,0.0,0.0,0.0,0.0,0.0,0.13304721030042918,0.13218390804597702,0.12862730637816983,0.15151515151515152,0.0,0.017857142857142856,0.0,0.7083333333333333,0.25,0.0
229,0.03152514382276385,0.04,0.03258871010508836,0.21,0.0,0.9,0.22142857142857142,0.6318181818181818,0.6359550561797753,0.0,0.0,0.0032258064516129032,0.0,0.01111111111111111,0.0032258064516129032,0.0,0.0,0.0,0.0035714285714285713,0.01111111111111111,0.0,0.0058823529411764705,0.0,0.0,0.0032258064516129032,0.0035714285714285713,0.0,0.0,0.0,0.0,0.0058823529411764705,0.0,0.0,0.0,0.0,0.0,0.0,0.0035714285714285713,0.0035714285714285713,0.0,0.0,0.0,0.0,0.0,0.014973262032085561,0.0,0.005,0.0,0.005,0.0,0.0,0.0035714285714285713,0.0,0.00909090909090909,0.0,0.0,0.0,0.0035714285714285713,0.0,0.014973262032085561,0.024227994227994227,0.0,0.0,0.0032258064516129032,0.0,0.0,0.0,0.0,0.0,0.0058823529411764705,0.012316715542521995,0.009453781512605041,0.019227994227994226,0.0,0.0,0.0,0.0,0.0,0.0,0.017424242424242425,0.0,0.0,0.0,0.010368663594470046,0.0035714285714285713,0.0,0.0032258064516129032,0.0,0.0,0.0,0.005,0.0058823529411764705,0.00909090909090909,0.005,0.0,0.005,0.01468253968253968,0.0032258064516129032,0.012662337662337663,0.0,0.0,0.0,0.0,0.005,0.0,0.0,0.007142857142857143,0.0,0.0,0.0,0.0,0.0,0.0,0.0,0.005,0.0,0.0,0.0,0.0,0.0,0.0,0.0,0.012316715542521995,0.0,0.0035714285714285713,0.0,0.012316715542521995,0.0,0.0,0.0,0.0,0.0,0.0,0.008225806451612904,0.0,0.0,0.0,0.0,0.0,0.005,0.0,0.00909090909090909,0.011764705882352941,0.0,0.0,0.005,0.0035714285714285713,0.0,0.0035714285714285713,0.0035714285714285713,0.0,0.0,0.0,0.0032258064516129032,0.0,0.0,0.0,0.0,0.0,0.0,0.0,0.0,0.0032258064516129032,0.012316715542521995,0.0035714285714285713,0.0,0.0,0.015656565656565657,0.0,0.0058823529411764705,0.0,0.01468253968253968,0.0,0.0,0.0,0.0,0.0,0.0,0.0,0.0,0.0,0.0,0.016233766233766232,0.005,0.0,0.0,0.0,0.0035714285714285713,0.0,0.0,0.0,0.005,0.0,0.005,0.008116883116883116,0.0,0.005,0.005,0.0,0.0,0.0,0.020656565656565658,0.0,0.3536480686695279,0.3563218390804598,0.12062197026598681,0.024242424242424246,0.12692307692307692,0.009155847546386386,0.03708938120702827,0.6166666666666667,0.3,0.5
233,0.021680739690814663,0.03,0.021982518780477956,0.11,0.0,0.7000000000000001,0.7738095238095238,0.30303030303030304,0.6441947565543071,0.0,0.0,0.0,0.0,0.0,0.0,0.0,0.0,0.0,0.0,0.0,0.0,0.0,0.0,0.0,0.0,0.05555555555555555,0.0,0.0,0.0,0.0,0.0,0.0,0.0,0.0,0.0,0.0,0.0,0.0,0.0,0.0,0.0,0.0,0.0,0.0,0.0,0.0,0.027777777777777776,0.0,0.0,0.0,0.0,0.0,0.0,0.0,0.0,0.0,0.0,0.0,0.0,0.027777777777777776,0.0,0.0,0.0,0.0,0.0,0.0,0.0,0.0,0.0,0.0,0.0,0.0,0.0,0.0,0.0,0.0,0.0,0.0,0.0,0.0,0.0,0.0,0.0,0.0,0.0,0.0,0.05555555555555555,0.0,0.0,0.0,0.027777777777777776,0.0,0.0,0.0,0.0,0.0,0.0,0.0,0.0,0.0,0.0,0.0,0.0,0.027777777777777776,0.0,0.0,0.0,0.0,0.0,0.0,0.0,0.0,0.0,0.0,0.0,0.0,0.0,0.0,0.027777777777777776,0.0,0.0,0.0,0.0,0.0,0.0,0.0,0.0,0.0,0.0,0.0,0.0,0.0,0.0,0.0,0.0,0.0,0.0,0.0,0.0,0.027777777777777776,0.0,0.0,0.0,0.0,0.0,0.0,0.0,0.0,0.0,0.0,0.0,0.0,0.027777777777777776,0.0,0.0,0.0,0.0,0.0,0.0,0.0,0.0,0.0,0.0,0.0,0.0,0.0,0.0,0.0,0.0,0.0,0.0,0.0,0.0,0.0,0.0,0.0,0.0,0.0,0.0,0.0,0.0,0.0,0.0,0.0,0.0,0.0,0.0,0.0,0.0,0.0,0.05555555555555555,0.05555555555555555,0.0,0.0,0.0,0.0,0.027777777777777776,0.0,0.0,0.0,0.0,0.0,0.0,0.054363376251788276,0.04214559386973181,0.1531860800676073,0.05050505050505051,0.07051282051282051,0.044642857142857144,0.0,0.5555555555555556,0.3333333333333333,0.5
156,0.9593558388637262,0.0,0.9603850838957648,0.0,0.07142857142866887,0.6785714285714286,0.6173469387755102,0.7207792207792209,0.7592295345104334,0.0,0.002232142857142857,0.017857142857142856,0.0,0.008928571428571428,0.008928571428571428,0.0,0.0,0.0,0.017857142857142856,0.0,0.0,0.0,0.017857142857142856,0.0,0.0,0.011904761904761904,0.0,0.0,0.0,0.0,0.0,0.0,0.0,0.0,0.002232142857142857,0.0,0.0,0.0,0.0,0.0,0.0,0.0,0.0,0.0,0.016517857142857143,0.0,0.0,0.0,0.0,0.0,0.0,0.0,0.0,0.0,0.0,0.017857142857142856,0.0,0.0,0.002232142857142857,0.002232142857142857,0.0,0.0,0.0,0.0,0.0,0.0,0.0,0.0,0.0,0.0,0.015625,0.0,0.0,0.0,0.0,0.008928571428571428,0.0,0.002232142857142857,0.0,0.014285714285714287,0.008928571428571428,0.0,0.0,0.0,0.0,0.017857142857142856,0.0,0.0,0.0,0.0,0.0,0.0,0.0,0.0,0.0,0.0,0.008928571428571428,0.0,0.0,0.002232142857142857,0.0,0.0,0.0,0.0,0.0,0.0,0.0,0.0,0.017857142857142856,0.0,0.0,0.008928571428571428,0.0,0.0,0.0,0.0,0.0,0.0,0.011904761904761904,0.0,0.0,0.017857142857142856,0.015625,0.0,0.0,0.0,0.0,0.0,0.0,0.017857142857142856,0.0,0.0,0.0,0.0,0.0,0.0,0.0,0.017857142857142856,0.0,0.0,0.0,0.002232142857142857,0.002232142857142857,0.0,0.0,0.0,0.0,0.0,0.017857142857142856,0.0,0.0,0.0,0.011904761904761904,0.0,0.0,0.0,0.0,0.0,0.0,0.0,0.0,0.0,0.0,0.015625,0.0,0.002232142857142857,0.0,0.0,0.0,0.0,0.0,0.017857142857142856,0.0,0.0,0.0,0.0,0.0,0.0,0.0,0.0,0.0,0.0,0.017857142857142856,0.008928571428571428,0.0,0.0,0.0,0.0,0.0,0.0,0.0,0.0,0.0,0.0,0.0,0.0,0.0,0.0,0.0,0.014285714285714287,0.0,0.0,0.017857142857142856,0.14745554874310238,0.1330049261083744,0.13507242194362995,0.09956709956709957,0.0,0.06768944938281322,0.07083333333333333,0.6309523809523809,0.5714285714285714,0.35714285714285715
117,0.0789980353777421,0.03,0.07977518040419086,0.26,0.10526315789479668,0.8447368421052632,0.5338345864661654,0.31339712918660284,0.6972205795387345,0.002050580997949419,0.0009398496240601503,0.0048309222537897675,0.0,0.0,0.001771255060728745,0.0026653171390013494,0.0,0.0007309941520467836,0.0027481290639185378,0.0,0.0011961722488038277,0.0011961722488038277,0.0,0.0,0.0010964912280701754,0.002506265664160401,0.0011961722488038277,0.0,0.0007309941520467836,0.0020733652312599684,0.0,0.0,0.0023757309941520467,0.0016081871345029238,0.0,0.0,0.0009074410163339383,0.0006747638326585695,0.0012531328320802004,0.006722678410518701,0.0,0.0,0.0,0.0006747638326585695,0.007164375585428217,0.0,0.0,0.013200078589094607,0.0006747638326585695,0.0,0.003289473684210526,0.0050607287449392704,0.002568922305764411,0.003588516746411483,0.0,0.002506265664160401,0.001547987616099071,0.0032765670983265784,0.003010999721526037,0.005392268550163287,0.0021303258145363405,0.0,0.0,0.002412280701754386,0.0008771929824561404,0.0,0.0017846339987900787,0.0,0.0,0.005379708011286959,0.0,0.0,0.003068014864748077,0.0,0.0,0.0008771929824561404,0.0,0.008418273233524277,0.0,0.007539256023237716,0.0008771929824561404,0.0,0.0,0.008623136237999166,0.002485380116959064,0.0017543859649122807,0.0,0.0,0.0020733652312599684,0.0,0.0,0.007576356895776133,0.004263280579070053,0.001644736842105263,0.0007974481658692185,0.0,0.005012531328320802,0.0,0.006034535639798798,0.002071150097465887,0.0,0.0,0.0,0.0,0.0,0.001670843776106934,0.0,0.007120547581073897,0.0007309941520467836,0.0043494152046783625,0.0008771929824561404,0.0,0.0,0.0,0.0006747638326585695,0.0,0.0,0.0,0.0,0.0023424135325940654,0.0,0.0048309222537897675,0.0,0.0,0.0021303258145363405,0.0,0.00608651657880333,0.0011961722488038277,0.0059576023391812866,0.006871345029239765,0.0,0.0,0.0,0.00045372050816696913,0.0,0.005116959064327485,0.0009746588693957114,0.0017543859649122807,0.0023796530148617267,0.0,0.0,0.007829390395179868,0.005535144679881521,0.0,0.0,0.00045372050816696913,0.0012531328320802004,0.0017846339987900787,0.004905639780030839,0.005937921727395412,0.0008771929824561404,0.0008771929824561404,0.0022081064730792494,0.0,0.0,0.0018170426065162908,0.0031903919834954317,0.0009074410163339383,0.0,0.0009074410163339383,0.0,0.0,0.0,0.0,0.0021188236291211117,0.003010999721526037,0.0006747638326585695,0.0013611615245009074,0.0,0.0011961722488038277,0.0,0.005012531328320802,0.0,0.0,0.0,0.0,0.0,0.00542682514098122,0.00045372050816696913,0.0,0.0016746411483253587,0.0,0.010893688186253204,0.0008771929824561404,0.005691311612364244,0.0015999617919572068,0.0,0.0021605738484141387,0.0,0.0015999617919572068,0.0,0.0,0.0017846339987900787,0.0011961722488038277,0.003257065076484314,0.0,0.0,0.003007518796992481,0.0016081871345029238,0.00819161292559462,0.0,0.0015519568151147098,0.0016498927569707968,0.46464874632934267,0.4748941318814277,0.12546820375836348,0.06220095693779905,0.12246963562753037,0.12014871958785579,0.055053865048184526,0.4385964912280702,0.21052631578947367,0.631578947368421
84,0.4252123026224416,0.01,0.42614964386150844,0.06,0.0,0.8571428571428572,0.6173469387755102,0.7207792207792209,0.6356340288924558,0.0,0.0,0.0,0.0,0.0,0.028571428571428574,0.007936507936507936,0.0,0.0,0.0,0.0,0.0,0.0,0.0,0.0,0.0,0.03537414965986395,0.0,0.0,0.0,0.0,0.0,0.0,0.0,0.0,0.0,0.0,0.0,0.0,0.0,0.0,0.0,0.0,0.0,0.0,0.0,0.0,0.028571428571428574,0.0,0.007936507936507936,0.0,0.0,0.0,0.007936507936507936,0.0,0.0,0.0,0.0,0.0,0.0,0.0,0.0,0.0,0.028571428571428574,0.028571428571428574,0.0,0.0,0.0,0.0,0.0,0.0,0.0,0.0,0.0,0.01020408163265306,0.0,0.0,0.0,0.0,0.0,0.0,0.0,0.0,0.0,0.0,0.0,0.0,0.01020408163265306,0.0,0.0,0.0,0.028571428571428574,0.0,0.006802721088435374,0.006802721088435374,0.0,0.0,0.009216589861751152,0.004608294930875576,0.0,0.0,0.0,0.0,0.0,0.028571428571428574,0.0,0.0,0.0,0.0,0.0,0.0,0.0,0.0,0.0,0.0,0.006802721088435374,0.0,0.0,0.0,0.0,0.0,0.0,0.0,0.0,0.0,0.0,0.0,0.0,0.0,0.0,0.0,0.0,0.006802721088435374,0.0,0.0,0.0,0.0,0.004608294930875576,0.0,0.0,0.028571428571428574,0.0,0.0,0.0,0.0,0.004608294930875576,0.0,0.0,0.0,0.0,0.01020408163265306,0.0,0.0,0.006802721088435374,0.0,0.0,0.0,0.0,0.0,0.0,0.0,0.0,0.0,0.0,0.0,0.0,0.0,0.0,0.0,0.0,0.0,0.01020408163265306,0.03778801843317973,0.0,0.0,0.0,0.0,0.0,0.0,0.0,0.0,0.0,0.0,0.017006802721088433,0.0,0.0,0.0,0.0,0.0,0.0,0.0,0.004608294930875576,0.014812376563528637,0.0,0.0,0.006802721088435374,0.0,0.05714285714285715,0.0,0.0,0.0,0.0,0.013605442176870748,0.0,0.3703249540159412,0.3152709359605911,0.1649116512984583,0.051948051948051945,0.0,0.01225064368984484,0.06726647648306634,0.4047619047619047,0.2857142857142857,0.2857142857142857
125,0.004530621500358554,0.04,0.004425314604171399,0.09,0.27192982456131176,0.6578947368421053,0.5457393483709273,0.5789473684210527,0.5951113739404692,0.0010818713450292396,0.00337254120148857,0.0037936722147248465,0.0015343915343915345,0.0,0.0043125110464703326,0.005054976018446242,0.0024290441014817744,0.004868530976564217,0.001153008319793091,0.0005228758169934641,0.0,0.004788011695906433,0.00040336040948036055,0.0,0.002638721872681159,0.007878879826104248,0.0005116959064327486,0.005808906323780466,0.00019069412662090006,0.0005217785843920146,0.002409257793606824,0.00035087719298245617,0.0004873294346978557,0.0037742382271468145,0.000994152046783626,0.0,0.0,0.0007309941520467836,0.004102633845595902,0.0004616805170821791,0.0,0.000533320597319069,0.0002039983680130559,0.0016325536062378168,0.0006049606775559588,0.0,0.0014619883040935672,0.0006747638326585696,0.0017862032170055638,0.0015761626287942075,0.0041721150702844064,0.000940579887948309,0.0037062890057445413,0.0015037593984962407,0.001973684210526316,0.0018808777429467087,0.0009746588693957114,0.0029587858535226955,0.0003813882532418001,0.001455572054483125,0.00844835471892666,0.0002192982456140351,0.004344818385677111,0.009010174222453614,0.0009835194045720362,0.0001719986240110079,0.0004616805170821791,0.00019936204146730463,0.0,0.005498095318039916,0.0013888888888888887,0.0005482456140350877,0.001711498052143519,0.005719316347719251,0.0,0.0002192982456140351,0.0030075187969924814,0.002146216991754749,0.0,0.0014837228782275844,0.0005701754385964913,0.0011049553708833487,0.0007309941520467836,0.004871553884711779,0.0032495409728192227,0.003070368058926412,0.005025499637568603,0.0,0.0008271775931055709,0.0,0.0,0.0034821903242955874,0.002729361281992861,0.0009687962596549853,0.0007974481658692185,0.0015734265734265733,0.00753320555952135,0.0006049606775559588,0.0026147905649290693,0.0,0.0006432748538011696,0.0,0.0,0.0,0.0,0.0032891815334376846,0.0012595591542959963,0.0035121302945660352,0.0010849895718316772,0.0012847776005670743,0.0004616805170821791,0.0,0.004114452798663325,0.0003813882532418001,0.000996810207336523,0.0004873294346978557,0.0009835194045720362,0.0,0.0007352941176470589,0.0,0.0007309941520467836,0.0020392862498125656,0.0013888888888888887,0.0,0.001670843776106934,0.0007112375533428165,0.002295766249254621,0.0,0.002978172243046385,0.0017630131331504329,0.005632927014505962,0.004270014115749143,0.0,0.0027116235564989028,0.0,0.0008856275303643725,0.0007379560011138958,0.0023836765827612507,0.00044132069303694016,0.0014619883040935672,0.0,0.0006049606775559588,0.005879256554464311,0.003244221665274297,0.002622638467513814,0.000996810207336523,0.0009108854094256129,0.00101191975153194,0.004414761651603758,0.0015069725596041385,0.0011634349030470916,0.0029226941623063506,0.004151691726627685,0.0,0.0005159958720330237,0.0009845563340756432,0.002677746999076639,0.00039872408293460925,0.004805178150053497,0.00019936204146730463,0.0,0.0014619883040935672,0.0007309941520467836,0.0011695906432748538,0.0016531713900134952,0.0,0.0009286501277347959,0.0021241830065359475,0.0,0.0022660818713450296,0.0025323725981620717,0.010146643472414799,0.0,0.002506265664160401,0.0,0.0030217589428115747,0.0002370791844476055,0.005770890963742945,0.005210187304008814,0.0,0.0,0.000835421888053467,0.006111862257984141,0.0002039983680130559,0.003845869427586879,0.0014753764753764754,0.0012112817929992444,0.0024028258548544302,0.00023084025854108956,0.002275989118094381,0.0038530233630052137,0.002082253046409126,0.003440760822596221,0.0002658160552897395,0.0027920573563870337,0.002449305080884028,0.006060606060606061,0.0036027568922305762,0.003551500009052559,0.0006747638326585696,0.003492202568747887,0.006261850133041268,0.0008771929824561404,0.3395452149687524,0.32183908045977017,0.14068431115282715,0.026049973418394472,0.025978407557354925,0.039979038903072056,0.03211955290524703,0.46279761904761907,0.19298245614035087,0.34210526315789475
167,0.09215868985787719,0.01,0.09216226206315749,0.03,0.11111111111108585,0.7611111111111112,0.5456349206349207,0.41414141414141414,0.6704119850187265,0.0,0.0004873294346978557,0.00440089298784951,0.005852172518839184,0.0011574074074074073,0.0,0.0,0.0,0.0018100807574491784,0.0031881698548365217,0.0,0.0,0.0,0.0,0.0,0.0,0.0006613756613756613,0.0,0.0,0.0015432098765432098,0.0,0.0,0.0,0.0,0.0013227513227513227,0.0,0.0,0.0,0.009233001168485038,0.0,0.0022509978650329526,0.0,0.0,0.0,0.0,0.0015432098765432098,0.0,0.0,0.0,0.0,0.0012225428892095559,0.004061078622482131,0.0,0.0,0.0,0.0,0.0013772353589287228,0.0007122507122507123,0.0006613756613756613,0.0011995801469485681,0.0015432098765432098,0.0011574074074074073,0.0016835016835016836,0.005291005291005291,0.0006613756613756613,0.0013227513227513227,0.0011574074074074073,0.0,0.0,0.0,0.0014245014245014246,0.0,0.0,0.0,0.004248837582170916,0.0,0.0,0.0,0.0009746588693957114,0.0,0.004769921436588103,0.0,0.0,0.0,0.0,0.0013227513227513227,0.00040257648953301127,0.006393298059964726,0.0,0.0,0.0005611672278338945,0.0004873294346978557,0.0015432098765432098,0.0,0.0,0.0,0.0,0.006054131054131055,0.0008818342151675485,0.0052231718898385565,0.004285999900034988,0.0,0.0,0.0,0.0,0.0,0.00248015873015873,0.0,0.00413491641561817,0.001725327812284334,0.0,0.0,0.0013227513227513227,0.0021708311181995394,0.0,0.0017959770114942528,0.0,0.0,0.0,0.0,0.0,0.0,0.00501480149649486,0.0,0.0,0.004629629629629629,0.0,0.0,0.0,0.002155252155252155,0.001725327812284334,0.0008417508417508418,0.004629629629629629,0.0,0.0030864197530864196,0.0004873294346978557,0.0,0.0,0.001725327812284334,0.0006385696040868455,0.0,0.0,0.0004873294346978557,0.0034550407357424903,0.006313131313131314,0.0,0.0,0.0,0.0,0.0028401550140680575,0.0031881698548365217,0.0,0.0011574074074074073,0.0,0.0,0.0,0.0,0.0030864197530864196,0.0,0.0006613756613756613,0.0,0.0,0.0,0.0015432098765432098,0.0,0.0006385696040868455,0.0035737491877842753,0.0,0.0,0.0,0.0,0.0009746588693957114,0.006054131054131055,0.0,0.0,0.0,0.0,0.0009746588693957114,0.0035737491877842753,0.0,0.0,0.0,0.0,0.005830751444786533,0.0030062530062530063,0.0004873294346978557,0.0,0.0,0.006944444444444444,0.0012225428892095559,0.0,0.004769921436588103,0.0,0.0,0.0,0.0,0.0008417508417508418,0.0,0.0,0.0013227513227513227,0.0030864197530864196,0.0,0.0011574074074074073,0.004040142627099149,0.28445398187887455,0.25074499787143467,0.17556024444663842,0.06958473625140292,0.03917378917378917,0.04783603170510157,0.0398541713251715,0.404320987654321,0.1111111111111111,0.5925925925925926
245,0.03840532861491402,0.01,0.03797570548981212,0.01,0.5,0.4,0.7559523809523809,0.8333333333333333,0.40074906367041196,0.0,0.0,0.0,0.0,0.0,0.0,0.0,0.0,0.0,0.0,0.0,0.0,0.0,0.0,0.0,0.0,0.0,0.0,0.0,0.0,0.0,0.0,0.0,0.0,0.0,0.0,0.0,0.0,0.0,0.0,0.0,0.0,0.0,0.0,0.0,0.0,0.0,0.0,0.0,0.0,0.0,0.0,0.0,0.0,0.0,0.0,0.0,0.0,0.0,0.0,0.0,0.0,0.0,0.0,0.0,0.0,0.0,0.0,0.0,0.0,0.0,0.0,0.0,0.0,0.0,0.0,0.0,0.0,0.0,0.0,0.0,0.0,0.0,0.0,0.0,0.0,0.0,0.0,0.0,0.0,0.0,0.0,0.0,0.0,0.0,0.0,0.0,0.0,0.0,0.0,0.0,0.0,0.0,0.0,0.0,0.0,0.0,0.0,0.0,0.0,0.0,0.0,0.0,0.0,0.0,0.0,0.0,0.0,0.0,0.0,0.0,0.0,0.0,0.0,0.0,0.0,0.0,0.0,0.0,0.0,0.0,0.0,0.0,0.0,0.0,0.0,0.0,0.0,0.0,0.0,0.0,0.0,0.0,0.0,0.0,0.0,0.0,0.0,0.0,0.0,0.0,0.0,0.0,0.0,0.0,0.0,0.0,0.0,0.0,0.0,0.0,0.0,0.0,0.0,0.0,0.0,0.0,0.0,0.0,0.0,0.0,0.0,0.0,0.0,0.0,0.0,0.0,0.0,0.0,0.0,0.0,0.0,0.0,0.0,0.0,0.0,0.0,0.0,0.0,0.0,0.0,0.0,0.0,0.0,0.0,0.0,0.0,0.0,0.0,0.0,0.0,0.0,0.0,0.0,0.0815450643776824,0.05747126436781609,0.247676107673666,0.0808080808080808,0.0,0.07945273881343674,0.027777777777777776,0.5833333333333333,0.3333333333333333,0.0
109,0.06728944888363145,0.01,0.06665041439339313,0.04,0.0,0.6000000000000001,0.39285714285714285,0.6136363636363636,0.49438202247191004,0.0,0.021739130434782608,0.0,0.0,0.0,0.0,0.0,0.0,0.0,0.021739130434782608,0.0,0.0,0.0,0.021739130434782608,0.0,0.0,0.0,0.0,0.0,0.0,0.021739130434782608,0.0,0.0,0.02,0.0,0.0,0.0,0.0,0.0,0.0,0.021739130434782608,0.0,0.0,0.0,0.021739130434782608,0.04,0.0,0.0,0.0,0.0,0.0,0.0,0.0,0.0,0.0,0.0,0.0,0.0,0.0,0.0,0.04,0.0,0.0,0.0,0.021739130434782608,0.0,0.0,0.0,0.0,0.0,0.0,0.0,0.0,0.04173913043478261,0.0,0.0,0.0,0.0,0.0,0.0,0.0,0.0,0.0,0.0,0.0,0.0,0.0,0.0,0.0,0.0,0.043478260869565216,0.0,0.02,0.0,0.0,0.0,0.0,0.0,0.0,0.021739130434782608,0.0,0.0,0.0,0.0,0.0,0.0,0.0,0.0,0.0,0.0,0.0,0.0,0.0,0.0,0.0,0.0,0.0,0.0,0.0,0.0,0.0,0.0,0.0,0.0,0.0,0.0,0.0,0.0,0.0,0.0,0.0,0.0,0.0,0.0,0.0,0.021739130434782608,0.0,0.0,0.0,0.021739130434782608,0.0,0.0,0.0,0.02,0.0,0.0,0.0,0.0,0.0,0.0,0.0,0.0,0.0,0.0,0.0,0.0,0.0,0.0,0.0,0.0,0.0,0.0,0.0,0.0,0.0,0.0,0.0,0.0,0.04173913043478261,0.0,0.0,0.0,0.0,0.0,0.0,0.0,0.0,0.0,0.021739130434782608,0.0,0.0,0.0,0.0,0.0,0.0,0.0,0.0,0.0,0.0,0.0,0.0,0.0,0.0,0.0,0.0,0.04173913043478261,0.0,0.0,0.0,0.0,0.0,0.0,0.021739130434782608,0.0,0.5450643776824033,0.5287356321839081,0.1314221825792245,0.0,0.0,0.05199952321354073,0.12695652173913044,0.41666666666666663,0.5,0.0
172,0.05188086148906927,0.02,0.05235105226873556,0.09,0.20000000000004547,0.6450000000000001,0.5535714285714286,0.3727272727272727,0.7460674157303371,0.0,0.0,0.0,0.0,0.0029411764705882353,0.0,0.0,0.0,0.00625,0.0,0.0,0.0,0.0,0.0,0.0,0.0,0.0,0.0,0.0,0.0,0.0,0.0,0.0,0.0,0.0,0.0,0.0,0.0,0.0,0.0,0.0,0.0,0.0,0.0,0.0,0.0,0.0035714285714285713,0.0,0.0,0.0,0.0,0.014052287581699347,0.0,0.0,0.0,0.0,0.0,0.0,0.005555555555555555,0.005555555555555555,0.0,0.018055555555555554,0.0,0.0,0.0,0.0,0.0,0.0,0.0,0.0,0.0029411764705882353,0.0,0.0,0.0,0.0,0.0,0.0,0.0,0.01111111111111111,0.0,0.0,0.0,0.0,0.0,0.0,0.0,0.0,0.0,0.0,0.0,0.0,0.0,0.005555555555555555,0.0,0.005555555555555555,0.0,0.0035714285714285713,0.0029411764705882353,0.0,0.0,0.0,0.0,0.0,0.0,0.0,0.0,0.0,0.0,0.00625,0.0,0.0,0.0,0.0,0.00625,0.005555555555555555,0.0,0.0,0.0,0.0,0.0,0.0,0.0,0.0,0.0,0.0,0.0,0.0,0.0029411764705882353,0.0,0.0,0.0,0.0,0.0,0.0,0.0,0.0,0.0,0.0,0.0,0.0,0.005555555555555555,0.0,0.0,0.0,0.0,0.0,0.0,0.0,0.0,0.0,0.0,0.0,0.0,0.0,0.0,0.0,0.0,0.0,0.0,0.0,0.0,0.0,0.005555555555555555,0.0,0.0,0.0,0.0,0.0,0.0035714285714285713,0.0,0.0,0.0,0.0029411764705882353,0.0,0.0,0.0,0.0,0.0,0.0,0.0,0.0,0.0,0.0,0.0,0.0,0.0,0.0,0.0,0.0,0.0,0.0,0.0,0.0,0.0,0.0,0.0,0.0,0.005555555555555555,0.0,0.0,0.0,0.0,0.005555555555555555,0.0,0.242274678111588,0.15862068965517243,1.0,0.012121212121212123,0.12692307692307692,0.03147988670368967,0.03815656565656565,0.4916666666666667,0.4,0.3
234,0.02323044314943303,0.07,0.024142540879348237,0.46,0.1698113207546612,0.6547169811320755,0.5431266846361186,0.6089193825042882,0.7818528725885097,0.0,0.000725689404934688,0.0,0.0,0.003668763102725366,0.0,0.022012578616352203,0.0,0.0017152658662092624,0.0008203445447087776,0.0,0.0,0.009433962264150943,0.0008203445447087776,0.018867924528301886,0.001347708894878706,0.018291404612159327,0.0,0.0,0.0,0.0,0.0,0.0,0.0,0.020583190394511147,0.0,0.0,0.0,0.0,0.0020964360587002093,0.0,0.0,0.0,0.0020964360587002093,0.000725689404934688,0.005943741792798396,0.0,0.0,0.0,0.024945129936000295,0.0,0.0,0.0,0.022012578616352203,0.0,0.0,0.0,0.0,0.0,0.0,0.006064690026954177,0.01289308176100629,0.0,0.0,0.000725689404934688,0.0,0.0,0.0,0.0,0.0,0.024737945492662474,0.0020964360587002093,0.0006086427267194157,0.0,0.0012172854534388314,0.0,0.0,0.0,0.0,0.0,0.0047169811320754715,0.0,0.006289308176100628,0.0,0.0,0.0017152658662092624,0.0,0.0012172854534388314,0.0,0.0,0.0,0.0,0.0047169811320754715,0.0,0.001572327044025157,0.0,0.0,0.013836477987421384,0.0,0.0017152658662092624,0.0,0.0,0.0,0.0,0.0,0.0,0.005488850771869639,0.0,0.0047169811320754715,0.0,0.0,0.0,0.0,0.0,0.0,0.0,0.0,0.0,0.0,0.0120020964360587,0.0,0.0,0.0,0.0,0.0,0.0,0.0,0.0,0.0,0.0,0.0,0.0,0.002695417789757412,0.0,0.0,0.0,0.0,0.0,0.0,0.0037735849056603774,0.0,0.0,0.001451378809869376,0.025560393484921787,0.0,0.0,0.0,0.0,0.0023584905660377358,0.001572327044025157,0.0023584905660377358,0.0,0.0037735849056603774,0.0120020964360587,0.0,0.0,0.0,0.004073756432246998,0.0,0.0,0.0,0.0,0.0,0.0,0.0,0.0,0.0,0.0037735849056603774,0.0006086427267194157,0.0,0.009433962264150943,0.0,0.013836477987421384,0.0,0.006289308176100628,0.0,0.0,0.0,0.005488850771869639,0.0,0.018867924528301886,0.0,0.0,0.007970688959204135,0.0,0.0,0.006289308176100628,0.0,0.006338579253977915,0.0,0.007861635220125786,0.0,0.0,0.0,0.0,0.0,0.0,0.0,0.0037735849056603774,0.0017152658662092624,0.0047169811320754715,0.0,0.005345911949685534,0.0,0.14389829135962426,0.12231620039037086,0.20222726068865537,0.03773584905660377,0.06386066763425254,0.04276287640427999,0.029610090028465746,0.6153846153846154,0.41509433962264153,0.49056603773584906
73,0.0008144731948241788,0.12,0.0007796342130403915,0.31,0.40740740740739056,0.4814814814814815,0.544973544973545,0.6986531986531986,0.542655014565127,0.0,0.0,0.001122334455667789,0.0,0.0,0.0,0.003703703703703704,0.0007716049382716049,0.0,0.0,0.0,0.0,0.0,0.0,0.0,0.0,0.0,0.0,0.003703703703703704,0.0010893246187363833,0.0,0.0,0.0,0.0,0.0,0.0,0.0,0.0,0.0,0.003703703703703704,0.0,0.0,0.0,0.0,0.0,0.0,0.0,0.006172839506172839,0.003527336860670194,0.0010893246187363833,0.0,0.0,0.0,0.0,0.0007716049382716049,0.0,0.001122334455667789,0.0,0.0,0.0,0.0,0.0056157985079553704,0.0,0.0,0.0021786492374727667,0.004824151882975412,0.001122334455667789,0.0,0.0,0.0,0.0,0.0,0.0,0.0,0.0,0.0,0.0,0.003703703703703704,0.0033670033670033673,0.0,0.003527336860670194,0.0,0.0,0.0,0.005948372615039282,0.0,0.0,0.0,0.0,0.001122334455667789,0.0,0.001122334455667789,0.0,0.0015432098765432098,0.0029502541757443716,0.0,0.0,0.0,0.0,0.0,0.0033670033670033673,0.0,0.0,0.0,0.0,0.0,0.0034371492704826038,0.0,0.003527336860670194,0.0,0.0,0.0,0.0,0.006172839506172839,0.0,0.0021786492374727667,0.0,0.0033670033670033673,0.0,0.0,0.0007716049382716049,0.0,0.001122334455667789,0.0,0.0,0.0,0.0,0.0,0.0007716049382716049,0.0,0.001122334455667789,0.0,0.0026455026455026454,0.0,0.0,0.0,0.0,0.0,0.0,0.0026455026455026454,0.001122334455667789,0.0,0.0,0.0,0.0010893246187363833,0.0,0.006172839506172839,0.0,0.001122334455667789,0.0,0.0,0.001122334455667789,0.0023148148148148147,0.006349206349206349,0.0,0.0,0.001122334455667789,0.0,0.0,0.0,0.0,0.0,0.0,0.0,0.0,0.0,0.0033670033670033673,0.0026455026455026454,0.0011574074074074073,0.0,0.0,0.0,0.001122334455667789,0.0,0.0030864197530864196,0.0,0.0,0.0,0.0,0.0,0.0,0.0,0.0,0.0007716049382716049,0.0,0.003527336860670194,0.0,0.0,0.0023148148148148147,0.0,0.0,0.0,0.0,0.0010893246187363833,0.0,0.0010893246187363833,0.0,0.001122334455667789,0.0,0.0,0.003527336860670194,0.0033360566448801744,0.004493464052287581,0.001122334455667789,0.299793355587347,0.29544487015751386,0.12450986343352222,0.06285072951739618,0.15669515669515668,0.07406619648902434,0.029960160270617788,0.4506172839506173,0.25925925925925924,0.3333333333333333
158,0.006762207264464269,0.02,0.006585336703041681,0.03,0.125,0.8250000000000001,0.625,0.39204545454545453,0.6896067415730336,0.0,0.0,0.0,0.0,0.00211864406779661,0.0016025641025641025,0.0,0.0,0.002840909090909091,0.003125,0.0,0.0,0.0,0.003125,0.0,0.0034965034965034965,0.0062601397347160056,0.0,0.0,0.0,0.0,0.002840909090909091,0.0016025641025641025,0.0,0.002840909090909091,0.0,0.0,0.0,0.0,0.00476036667897133,0.0,0.0,0.0,0.001893939393939394,0.0,0.0,0.0,0.008232588901193553,0.0,0.0016025641025641025,0.0,0.0014534883720930232,0.01038205980066445,0.0,0.0,0.0,0.0,0.0,0.0033068783068783067,0.0,0.0,0.004909442409442409,0.0,0.0,0.0016025641025641025,0.0,0.0,0.0,0.0,0.0,0.004464285714285714,0.003125,0.0,0.004909442409442409,0.00211864406779661,0.0,0.0,0.0,0.0,0.0,0.00909090909090909,0.0,0.0,0.0,0.0,0.002840909090909091,0.002717391304347826,0.0031779661016949155,0.0,0.0,0.0,0.011835548172757475,0.002717391304347826,0.0,0.0,0.0,0.0016025641025641025,0.005425522374674916,0.0,0.002840909090909091,0.0,0.0,0.0,0.0,0.01415036298757229,0.0014534883720930232,0.006517379679144385,0.0,0.001893939393939394,0.002717391304347826,0.0014534883720930232,0.0,0.0,0.0,0.0,0.0,0.000992063492063492,0.0,0.0,0.0023148148148148147,0.0,0.0,0.003709454796411318,0.005991285403050109,0.0,0.0033068783068783067,0.003676470588235294,0.002953261427837699,0.0,0.002717391304347826,0.002717391304347826,0.0,0.0,0.0,0.0,0.0,0.0,0.0,0.002717391304347826,0.0,0.008232588901193553,0.0,0.0,0.0,0.0,0.0,0.0,0.0033068783068783067,0.0023148148148148147,0.0043662003407766116,0.0023148148148148147,0.0,0.0,0.004208754208754209,0.0,0.0,0.003676470588235294,0.005155723905723906,0.0,0.0,0.0,0.0,0.0014534883720930232,0.0,0.0,0.0,0.0,0.0,0.0,0.0,0.0,0.0,0.0068790107467679405,0.0,0.0,0.0,0.0,0.0,0.002840909090909091,0.0,0.0,0.0,0.0,0.011405723905723905,0.0,0.0,0.0,0.0,0.005200817700817701,0.0,0.007126171850748122,0.0,0.0,0.0,0.0,0.004909442409442409,0.0,0.015603851359665313,0.004464285714285714,0.006517379679144385,0.002840909090909091,0.0,0.006066849816849816,0.000992063492063492,0.6290236051502146,0.5488505747126436,0.17475242413134368,0.14015151515151517,0.15865384615384615,0.0786696267216542,0.09680380664587501,0.43333333333333335,0.25,0.3125
115,0.04745402761465139,0.03,0.048405390794617434,0.17,0.058823529411711206,0.7764705882352942,0.6596638655462184,0.5989304812834224,0.5274289491077329,0.009615384615384616,0.0,0.0,0.0,0.0,0.0,0.029411764705882353,0.0,0.007352941176470588,0.0,0.0,0.0,0.0,0.0,0.0,0.007352941176470588,0.015756302521008403,0.0,0.0,0.0,0.0,0.0,0.0,0.0,0.0,0.0,0.0,0.0,0.0,0.007352941176470588,0.007352941176470588,0.0,0.0,0.0,0.0,0.0,0.0,0.0,0.0,0.0,0.0,0.0,0.008403361344537815,0.039495798319327736,0.0,0.0,0.0,0.0,0.015756302521008403,0.0022624434389140274,0.0,0.007352941176470588,0.0,0.0,0.0,0.0,0.0,0.0,0.0,0.0,0.0,0.0,0.015756302521008403,0.009615384615384616,0.03970588235294118,0.0,0.0,0.0,0.0,0.0,0.014005602240896357,0.0,0.0,0.0,0.0,0.0,0.0,0.03970588235294118,0.0,0.0,0.0,0.0,0.008403361344537815,0.0,0.007352941176470588,0.0,0.0,0.011554621848739496,0.013235294117647059,0.004901960784313725,0.0,0.0,0.008403361344537815,0.0,0.0,0.0,0.0,0.0,0.0,0.0,0.0,0.0,0.0,0.0,0.0,0.0,0.0,0.0,0.0,0.0,0.008403361344537815,0.0022624434389140274,0.00980392156862745,0.0,0.0,0.015756302521008403,0.0,0.0,0.0,0.0,0.0,0.0,0.0,0.0,0.0029411764705882353,0.0,0.0,0.004901960784313725,0.0022624434389140274,0.0,0.0,0.0,0.0,0.0,0.0,0.0,0.0,0.007352941176470588,0.0,0.007352941176470588,0.0,0.0,0.0,0.006464124111182934,0.0,0.0,0.0,0.0,0.0,0.0,0.0,0.0,0.0,0.0,0.0,0.0,0.0,0.0,0.0,0.0,0.0,0.0,0.009615384615384616,0.0,0.023529411764705882,0.0,0.0,0.0,0.0,0.0,0.0,0.0,0.0,0.004901960784313725,0.0,0.0,0.0,0.0,0.016968325791855202,0.0,0.0,0.007352941176470588,0.01911764705882353,0.0,0.0,0.007352941176470588,0.0,0.0,0.0,0.0,0.0,0.0,0.004524886877828055,0.00980392156862745,0.1827821257258268,0.17038539553752535,0.12010450649954357,0.0035650623885918006,0.024886877828054297,0.048914973812775146,0.036500754147812974,0.6274509803921569,0.47058823529411764,0.5882352941176471
75,0.3499802559821521,0.01,0.35228147881967337,0.09,0.09999999999990905,0.7900000000000001,0.42142857142857143,0.4272727272727273,0.7865168539325842,0.0,0.0,0.0,0.0,0.007142857142857143,0.0,0.0,0.0,0.0,0.0,0.0,0.0032258064516129032,0.0,0.0,0.0,0.0,0.008488964346349746,0.0,0.017763157894736842,0.0,0.0,0.0,0.0,0.0,0.0,0.0,0.0,0.0,0.0,0.0,0.005263157894736842,0.0,0.0,0.005263157894736842,0.0,0.005263157894736842,0.0,0.0,0.007142857142857143,0.008488964346349746,0.0,0.0,0.0,0.0,0.0032258064516129032,0.0,0.0,0.0,0.0,0.0,0.005263157894736842,0.014285714285714285,0.0,0.0,0.0,0.0,0.0,0.0,0.0,0.0,0.01380952380952381,0.0,0.0,0.0,0.0,0.0,0.0,0.005263157894736842,0.0125,0.0,0.0,0.0,0.014285714285714285,0.0,0.0,0.0,0.0,0.0,0.0,0.0,0.0032258064516129032,0.0,0.0,0.005263157894736842,0.014285714285714285,0.0,0.0,0.007142857142857143,0.0,0.006666666666666666,0.0,0.007142857142857143,0.0,0.0,0.0,0.0,0.0,0.0,0.0,0.0,0.0,0.0,0.0,0.0,0.0,0.0,0.0,0.0,0.0,0.0032258064516129032,0.0032258064516129032,0.0,0.0,0.0,0.0,0.0,0.0,0.007142857142857143,0.0064516129032258064,0.0,0.0,0.0,0.0,0.0,0.0032258064516129032,0.0,0.01380952380952381,0.0,0.007142857142857143,0.0,0.0,0.0,0.0,0.0,0.0,0.0,0.0,0.0,0.0,0.007142857142857143,0.0,0.0,0.0,0.008488964346349746,0.0,0.0,0.0,0.0,0.0,0.007142857142857143,0.0,0.0,0.0,0.0,0.0,0.0,0.0,0.0,0.0,0.0,0.0,0.0,0.0,0.00967741935483871,0.007142857142857143,0.0,0.0,0.0,0.0,0.0125,0.0,0.0,0.0,0.011929824561403509,0.0,0.0,0.0,0.007142857142857143,0.0,0.0,0.0,0.0,0.0,0.0,0.0032258064516129032,0.0,0.0,0.0,0.0,0.0,0.0,0.0,0.014285714285714285,0.0,0.27210300429184553,0.27356321839080455,0.11294962389261543,0.01818181818181818,0.08461538461538462,0.08560368393647488,0.06829213796955733,0.5166666666666666,0.4,0.5
237,0.03344725230409928,0.03,0.033850371968627835,0.12,0.0,0.8,0.47619047619047616,0.6262626262626263,0.42696629213483145,0.0,0.0,0.0,0.0,0.0,0.0,0.004830917874396135,0.018518518518518517,0.0,0.0,0.0,0.0,0.0,0.0,0.0,0.010101010101010102,0.0,0.0,0.0,0.0,0.0,0.018518518518518517,0.0,0.0,0.0,0.0,0.0,0.0,0.0,0.0,0.0,0.0,0.0,0.0,0.0,0.020202020202020204,0.0,0.0,0.0,0.0,0.0,0.027777777777777776,0.0,0.0,0.0,0.0,0.0,0.0,0.0,0.0,0.0,0.0,0.0,0.0,0.0,0.0,0.0,0.0,0.0,0.0,0.0,0.0,0.0,0.018518518518518517,0.0,0.0,0.0,0.0,0.04365079365079365,0.0,0.0,0.0,0.0,0.0,0.0,0.0,0.012345679012345678,0.0,0.0,0.0,0.0,0.0,0.0,0.0,0.0,0.0,0.0,0.0,0.0,0.0,0.0,0.0,0.0,0.0,0.0,0.0,0.0,0.0,0.0,0.0,0.0,0.0,0.0,0.0,0.0,0.0,0.0,0.0,0.0,0.012345679012345678,0.0,0.0,0.004830917874396135,0.012345679012345678,0.0,0.0,0.0,0.0,0.0,0.020202020202020204,0.0,0.0,0.0,0.0,0.0,0.0,0.0,0.0,0.0,0.0,0.0,0.0,0.0,0.0,0.0,0.0,0.0,0.0,0.0,0.0,0.0,0.0,0.0,0.0,0.0,0.0,0.0,0.0,0.0,0.0,0.0,0.0,0.0,0.0,0.0,0.011111111111111112,0.0,0.012345679012345678,0.018518518518518517,0.0,0.0,0.0,0.0,0.0,0.0,0.0,0.0,0.0,0.0,0.0,0.0,0.0,0.0,0.015873015873015872,0.0,0.0,0.0,0.0,0.0,0.0,0.004830917874396135,0.0,0.0,0.0,0.0,0.018518518518518517,0.0,0.0,0.0,0.0,0.0,0.0,0.004830917874396135,0.004830917874396135,0.20600858369098712,0.18646232439335886,0.13500309117332482,0.006734006734006734,0.09401709401709402,0.04315324176447163,0.05,0.5,0.2222222222222222,0.2222222222222222
82,0.27012131063653216,0.0,0.26804378299099346,0.01,0.5499999999999545,0.395,0.4535714285714285,0.5363636363636364,0.547191011235955,0.0,0.0,0.0,0.0,0.009965034965034966,0.004166666666666667,0.0,0.0035714285714285713,0.0,0.0,0.005,0.0,0.0,0.0,0.005,0.016025641025641028,0.012673611111111111,0.0,0.0032738095238095235,0.0125,0.0,0.0035714285714285713,0.005,0.0,0.0,0.0013888888888888887,0.0,0.0,0.0,0.0,0.0,0.0,0.0,0.0,0.0,0.009415584415584415,0.0,0.007142857142857143,0.0,0.0,0.0,0.0020833333333333333,0.0009615384615384616,0.012673611111111111,0.0,0.0,0.0,0.0,0.0020833333333333333,0.0,0.005,0.01531759906759907,0.0,0.0,0.008012820512820512,0.0,0.0,0.0,0.0,0.0,0.0,0.0,0.0,0.005,0.01,0.0,0.0,0.0011904761904761904,0.0,0.0,0.0,0.0,0.0,0.0,0.0,0.0,0.0,0.01,0.0,0.005,0.0,0.007142857142857143,0.0009615384615384616,0.0015625,0.0,0.0,0.005,0.0032738095238095235,0.0,0.0,0.0,0.0,0.0,0.0,0.014285714285714285,0.0,0.01681818181818182,0.0,0.0,0.0,0.0,0.0,0.0020833333333333333,0.0,0.0,0.004356060606060606,0.0011904761904761904,0.0,0.0,0.0,0.0,0.0,0.0,0.0,0.0,0.0020833333333333333,0.0,0.0,0.0,0.0,0.0,0.0,0.0,0.0,0.0,0.0,0.0,0.0022727272727272726,0.0,0.0,0.0,0.0,0.0,0.0,0.0013888888888888887,0.0,0.0,0.0020833333333333333,0.0,0.0,0.0,0.005,0.018901515151515152,0.005,0.0,0.0,0.0,0.0,0.0,0.0013888888888888887,0.0,0.0,0.007142857142857143,0.0,0.0,0.005,0.0,0.0,0.0,0.0,0.0,0.0,0.0032738095238095235,0.0,0.0,0.0,0.0,0.01,0.0,0.0020833333333333333,0.0,0.0,0.0,0.005416666666666667,0.0020833333333333333,0.0,0.0009615384615384616,0.0,0.021476023976023977,0.0,0.005961538461538462,0.0,0.0,0.0,0.0,0.011858974358974358,0.0,0.007142857142857143,0.0,0.0,0.0,0.0,0.01531759906759907,0.0,0.5027896995708154,0.45517241379310347,0.13925464655507408,0.015151515151515152,0.0,0.049625633066114644,0.01595238095238095,0.3833333333333333,0.1,0.35
29,0.04266373730420263,0.02,0.04268517104066524,0.07,0.0,0.7000000000000001,0.9999999999999999,0.6363636363636364,0.0,0.0,0.0,0.0,0.0,0.0,0.0,0.0,0.0,0.0,0.0,0.0,0.0,0.0,0.0,0.0,0.0,0.0,0.0,0.0,0.0,0.0,0.0,0.0,0.0,0.0,0.0,0.0,0.0,0.0,0.0,0.0,0.0,0.0,0.0,0.0,0.07142857142857142,0.0,0.0,0.07142857142857142,0.0,0.0,0.0,0.0,0.0,0.0,0.0,0.07142857142857142,0.0,0.0,0.0,0.07142857142857142,0.0,0.0,0.0,0.0,0.0,0.0,0.0,0.0,0.0,0.0,0.0,0.0,0.0,0.0,0.0,0.0,0.0,0.0,0.0,0.14285714285714285,0.0,0.0,0.0,0.0,0.0,0.0,0.0,0.0,0.0,0.0,0.0,0.0,0.0,0.0,0.0,0.0,0.07142857142857142,0.0,0.0,0.0,0.0,0.0,0.0,0.0,0.0,0.0,0.0,0.0,0.0,0.0,0.0,0.0,0.0,0.0,0.0,0.0,0.0,0.0,0.0,0.0,0.0,0.0,0.0,0.0,0.0,0.0,0.0,0.0,0.0,0.0,0.0,0.0,0.0,0.0,0.0,0.0,0.0,0.0,0.0,0.0,0.0,0.0,0.0,0.0,0.0,0.0,0.0,0.0,0.0,0.0,0.0,0.0,0.0,0.0,0.0,0.0,0.0,0.0,0.0,0.0,0.0,0.0,0.0,0.0,0.0,0.0,0.0,0.0,0.0,0.0,0.0,0.07142857142857142,0.0,0.0,0.0,0.0,0.0,0.0,0.0,0.0,0.07142857142857142,0.0,0.0,0.0,0.0,0.0,0.0,0.0,0.0,0.0,0.0,0.0,0.0,0.0,0.0,0.0,0.0,0.0,0.0,0.0,0.0,0.0,0.0,0.36909871244635195,0.29885057471264365,0.18330328675699537,0.06060606060606061,0.0,0.19101123595505617,0.0,0.8333333333333333,1.0,0.0
126,0.11718836620771096,0.02,0.12259728212389771,0.06,0.1754385964911762,0.7175438596491228,0.5739348370927317,0.5454545454545454,0.6418292923319535,0.0,0.0,0.0,0.0,0.001758782922217825,0.00039872408293460925,0.0010964912280701754,0.0009233610341643582,0.000835421888053467,0.0015771449170872386,0.0,0.0,0.0,0.0,0.0,0.000835421888053467,0.0029239766081871343,0.0017543859649122807,0.0009233610341643582,0.0,0.0,0.0,0.0002403268445085316,0.0008771929824561404,0.0002403268445085316,0.0,0.0,0.0,0.0010964912280701754,0.0009233610341643582,0.0010964912280701754,0.0,0.0,0.0,0.0,0.004518872939925572,0.0010964912280701754,0.0,0.0,0.0,0.0,0.006036209244572618,0.00553941672362725,0.0010964912280701754,0.0017543859649122807,0.0,0.0,0.0,0.002250009438948879,0.0043859649122807015,0.003787878787878788,0.0,0.0,0.0,0.0,0.001594896331738437,0.0,0.0002403268445085316,0.0,0.0,0.0,0.0009746588693957114,0.0,0.0,0.0,0.0,0.0,0.0009233610341643582,0.004866618601297765,0.0,0.0010964912280701754,0.0,0.0007627765064836002,0.0,0.0,0.0017543859649122807,0.0,0.0,0.0010964912280701754,0.0,0.0014619883040935672,0.0,0.0035707829636697722,0.000835421888053467,0.0,0.0010964912280701754,0.0002403268445085316,0.0038473376423514925,0.0012531328320802004,0.0015771449170872386,0.0,0.0007627765064836002,0.00428628389154705,0.0,0.0,0.0,0.0,0.0004278990158322636,0.0007309941520467836,0.0,0.001932367149758454,0.0,0.00039872408293460925,0.000835421888053467,0.0,0.0005159958720330237,0.0010964912280701754,0.0,0.0,0.0,0.005121705779600517,0.0,0.0,0.0018100807574491784,0.0017543859649122807,0.001975886631931335,0.0,0.0,0.0007627765064836002,0.0023391812865497076,0.0,0.0,0.0,0.0,0.001336818072578707,0.0,0.0,0.001594896331738437,0.0,0.0011636878786728897,0.0,0.0,0.0010964912280701754,0.007077352472089315,0.0,0.0,0.0,0.000835421888053467,0.0,0.002899247666095693,0.0010964912280701754,0.0,0.0,0.0,0.0,0.0,0.0,0.0015771449170872386,0.0,0.0,0.0,0.0,0.0,0.0,0.0009746588693957114,0.0021764938662445586,0.0043859649122807015,0.0002403268445085316,0.0010964912280701754,0.0012787723785166241,0.0,0.0009746588693957114,0.0038473376423514925,0.0010964912280701754,0.0,0.0,0.0,0.0,0.001336818072578707,0.0,0.0,0.0,0.0,0.0063419408290011255,0.00039872408293460925,0.004626291756789233,0.0,0.0008771929824561404,0.0017543859649122807,0.0,0.0011636878786728897,0.006381654407970197,0.006381654407970197,0.0,0.0010964912280701754,0.000835421888053467,0.0,0.0,0.0,0.0,0.0,0.0,0.003274580082444351,0.0,0.38972968902944055,0.357733413994757,0.15506455262539753,0.2604997341839447,0.09649122807017543,0.1188792078147825,0.022137450957699128,0.4444444444444444,0.22807017543859648,0.38596491228070173
79,0.0014617596249979696,0.12,0.001491990346782881,0.38,0.0,0.7000000000000001,0.44387755102040816,0.512987012987013,0.63884430176565,0.0,0.0,0.009523809523809523,0.0,0.0,0.008928571428571428,0.0,0.0,0.005494505494505495,0.0,0.0,0.0,0.0,0.0,0.0,0.0,0.014285714285714287,0.0,0.005494505494505495,0.0,0.0,0.0,0.0,0.0,0.0,0.0,0.0,0.0,0.0,0.0,0.0,0.0,0.0,0.0,0.0,0.0,0.0,0.005494505494505495,0.0,0.008928571428571428,0.0,0.0,0.0,0.014285714285714287,0.0,0.0,0.009523809523809523,0.0,0.0,0.0,0.0,0.0,0.0,0.0,0.0,0.0,0.0,0.0,0.0,0.0,0.0,0.0,0.0,0.0,0.0,0.0,0.0,0.0,0.0,0.0,0.0,0.0,0.0,0.0,0.02380952380952381,0.0,0.0,0.0,0.0,0.0,0.0,0.005494505494505495,0.0,0.0,0.0,0.0,0.0,0.0,0.0,0.0,0.0,0.0,0.0,0.0,0.0,0.0,0.0,0.0,0.0,0.0,0.0,0.0,0.008928571428571428,0.0,0.0,0.0,0.0,0.0,0.0,0.0,0.0,0.0,0.009523809523809523,0.0,0.0,0.0,0.0,0.0,0.0,0.0,0.009523809523809523,0.0,0.0,0.0,0.005494505494505495,0.0,0.0,0.0,0.0,0.0,0.0,0.0,0.0,0.008928571428571428,0.0,0.0,0.005494505494505495,0.0,0.0,0.0,0.0,0.0,0.0,0.0,0.0,0.0,0.0,0.0,0.0,0.0,0.0,0.0,0.0,0.0,0.0,0.0,0.0,0.0,0.008928571428571428,0.0,0.0,0.0,0.0,0.0,0.0,0.0,0.0,0.0,0.0,0.0,0.0,0.0,0.0,0.0,0.014423076923076924,0.0,0.0,0.0,0.0,0.0,0.0,0.0,0.005494505494505495,0.0,0.0,0.0,0.0,0.0,0.0,0.0,0.0,0.0,0.0,0.009523809523809523,0.2568976088289393,0.25287356321839083,0.13652994807809976,0.017316017316017316,0.12087912087912087,0.014442319135900342,0.02692307692307692,0.38095238095238093,0.0,0.42857142857142855
86,0.04769891527709031,0.02,0.04809591162984709,0.1,0.2244897959183163,0.5918367346938777,0.5553935860058309,0.5269016697588127,0.596652144003669,0.0006002400960384153,0.0015698587127158557,0.0008873114463176574,0.0005102040816326531,0.0,0.0008873114463176574,0.0,0.003341687552213868,0.0012004801920768306,0.009128417828740062,0.0,0.0,0.0022675736961451248,0.0,0.0,0.0008873114463176574,0.002551020408163265,0.0,0.0,0.0006377551020408163,0.0,0.003341687552213868,0.0,0.0,0.0012004801920768306,0.0,0.0,0.0,0.008200774043953422,0.002551020408163265,0.00510204081632653,0.0,0.0,0.0,0.0007288629737609329,0.004475187510901797,0.0,0.0,0.0022987216864767887,0.0,0.0,0.0034251462822891396,0.0008873114463176574,0.0,0.0,0.0,0.0015137923301188608,0.0,0.0008873114463176574,0.004303094864319354,0.0048907383466206995,0.0,0.0,0.0,0.0038167128719596845,0.0,0.0,0.0006377551020408163,0.0,0.0,0.005572100341632869,0.0008873114463176574,0.0,0.0,0.0,0.0,0.0,0.0,0.0023853697323085077,0.0007288629737609329,0.002001757640855385,0.0,0.0,0.0007288629737609329,0.0020408163265306124,0.0034680538882219556,0.0,0.0,0.0,0.0,0.002551020408163265,0.0,0.0017746228926353148,0.0,0.0005102040816326531,0.0,0.002551020408163265,0.0,0.0,0.010823938694428997,0.0015698587127158557,0.0,0.0,0.0,0.0,0.0,0.001838235294117647,0.0,0.004936390140471773,0.0,0.0,0.0,0.0024009603841536613,0.0,0.0,0.0020756029684601113,0.0,0.0,0.0008503401360544217,0.0,0.0,0.0,0.0016722408026755853,0.0008873114463176574,0.0,0.0008873114463176574,0.0,0.0,0.0,0.005886970172684458,0.0007849293563579278,0.0,0.002001757640855385,0.0,0.0,0.004058441558441558,0.0027332361516034984,0.0,0.0,0.0018552875695732839,0.0,0.0,0.001422684458398744,0.006991029157178226,0.0,0.0,0.0,0.0,0.0,0.003438331854480923,0.009128417828740062,0.0,0.0,0.005253287085585223,0.0,0.0,0.0,0.0063025210084033615,0.0,0.0,0.0,0.0,0.0,0.0,0.0,0.0033555729984301413,0.0049408499663601705,0.0027056277056277055,0.0,0.0,0.0022675736961451248,0.0,0.0030557677616501145,0.0,0.0,0.0,0.0,0.0,0.007376634864472105,0.0,0.0,0.0,0.0,0.012748392686552161,0.0024009603841536613,0.0012755102040816326,0.0,0.0,0.0009276437847866419,0.0,0.0,0.0012004801920768306,0.0,0.0,0.0,0.0,0.0,0.0,0.0013851694523963434,0.0012004801920768306,0.0024975024975024975,0.002929401425642027,0.0,0.0007849293563579278,0.3088376981693965,0.29509734928454134,0.14187048312653733,0.03463203463203463,0.11224489795918367,0.06925367171166204,0.02520397396532633,0.4722222222222222,0.2857142857142857,0.2857142857142857
5,0.020347000784095938,0.03,0.02091794211394057,0.18,0.6428571428571104,0.25714285714285723,0.45153061224489793,0.31493506493506496,0.44783306581059384,0.0,0.0,0.0,0.0,0.0,0.0,0.0,0.0,0.0,0.0,0.0,0.001519756838905775,0.0,0.0,0.0,0.0,0.0,0.001519756838905775,0.001519756838905775,0.0,0.0,0.0,0.0,0.001519756838905775,0.0,0.0,0.0,0.0,0.0,0.0,0.0,0.0,0.0,0.0,0.0,0.0,0.0,0.0,0.0,0.0,0.0,0.0,0.0,0.0,0.0,0.0,0.0,0.0,0.0,0.0,0.0,0.001519756838905775,0.001519756838905775,0.0,0.0,0.0,0.00303951367781155,0.0,0.0,0.0,0.0,0.0,0.0,0.0,0.0,0.0,0.01020408163265306,0.0,0.0,0.0,0.0,0.0,0.0,0.0,0.0,0.0,0.0,0.0,0.0,0.001519756838905775,0.0,0.0,0.0,0.0071428571428571435,0.0,0.0,0.0,0.002232142857142857,0.0,0.001519756838905775,0.0,0.0,0.0,0.0,0.0,0.0,0.0,0.0,0.0,0.0,0.0,0.0,0.0,0.0,0.0,0.0,0.0,0.0,0.0,0.0,0.0,0.0,0.0,0.0,0.0,0.0,0.0,0.0,0.0,0.0,0.0,0.0,0.0,0.0,0.0071428571428571435,0.0,0.0,0.0,0.0,0.0,0.0,0.0,0.0,0.0,0.001519756838905775,0.0,0.0071428571428571435,0.0,0.0,0.0,0.0,0.0,0.0,0.0,0.0,0.0,0.001519756838905775,0.0,0.0,0.0,0.0,0.0,0.0,0.0,0.0,0.0,0.0,0.0,0.0,0.0,0.0,0.0,0.002232142857142857,0.0,0.0,0.0,0.0,0.0,0.0,0.001519756838905775,0.0,0.0,0.0,0.0,0.0,0.0,0.0,0.0,0.0,0.0,0.0,0.0,0.0,0.0,0.0071428571428571435,0.0,0.0,0.0,0.0,0.0,0.0,0.0,0.0,0.0,0.38166768853464134,0.3793103448275862,0.13061006969086192,0.051948051948051945,0.09065934065934066,0.028003673183661322,0.03923649488809063,0.5,0.42857142857142855,0.5714285714285714
56,0.017145563999017604,0.03,0.017453516783506262,0.15,0.054054054053949585,0.7513513513513514,0.5424710424710425,0.6130221130221131,0.6073489219556636,0.0,0.0,0.0,0.0012285012285012285,0.01411118911118911,0.0,0.0,0.0,0.0,0.0009652509652509652,0.010671385671385671,0.0,0.0,0.0,0.0,0.0,0.007432432432432433,0.0,0.003205128205128205,0.0,0.0,0.0,0.0,0.0015015015015015015,0.0,0.0,0.0,0.0,0.0026544401544401543,0.007125307125307126,0.0009652509652509652,0.0,0.0,0.0,0.0,0.0034807534807534805,0.0,0.0,0.0006591957811470007,0.0,0.0,0.006679639301590521,0.0,0.002927927927927928,0.0,0.0,0.0012285012285012285,0.0,0.005323505323505323,0.0,0.0022522522522522522,0.018554268554268553,0.0,0.0,0.0,0.0,0.0,0.0,0.0010395010395010396,0.0,0.002079002079002079,0.0035805035805035806,0.0,0.015175890175890177,0.004331254331254331,0.0010395010395010396,0.0,0.0,0.00602044352044352,0.0015898251192368838,0.0006591957811470007,0.0,0.0,0.0,0.0019305019305019303,0.0011261261261261261,0.0,0.01027126027126027,0.0,0.0,0.0,0.0,0.0,0.0,0.0034807534807534805,0.0,0.0,0.024704199704199705,0.0,0.0016244467463979659,0.0,0.0,0.0,0.0,0.0,0.0,0.0011261261261261261,0.0,0.002160697282648502,0.0015015015015015015,0.0,0.0,0.0009652509652509652,0.0,0.0,0.0,0.0,0.0,0.0,0.0,0.0,0.0,0.0,0.0015015015015015015,0.0,0.004504504504504505,0.0,0.00565950565950566,0.0,0.00507838770033892,0.0015015015015015015,0.0,0.0018018018018018018,0.0,0.0,0.0,0.0015015015015015015,0.0,0.0,0.0023483849703361897,0.0,0.0,0.0,0.0010395010395010396,0.003205128205128205,0.0,0.0,0.0077096327096327095,0.0,0.008476658476658476,0.0020047520047520046,0.0,0.0011261261261261261,0.0015015015015015015,0.0,0.0,0.0,0.0009652509652509652,0.0,0.0,0.0,0.0,0.0,0.0,0.0015015015015015015,0.002876864718969982,0.0,0.0023483849703361897,0.0015898251192368838,0.0,0.0,0.002079002079002079,0.025932700932700933,0.0,0.0,0.0,0.0,0.0,0.0016244467463979659,0.000819000819000819,0.0,0.0,0.0,0.0047334422334422335,0.0009652509652509652,0.0006591957811470007,0.0,0.0,0.007220455749867514,0.0012285012285012285,0.0029634898055950687,0.0,0.0,0.003205128205128205,0.0,0.004504504504504505,0.0,0.0,0.000819000819000819,0.0,0.0006591957811470007,0.0,0.017013253855359116,0.0,0.26713838301821136,0.2901522211867039,0.10563978810638724,0.022932022932022934,0.011434511434511435,0.02933435184019088,0.023133446662858426,0.49549549549549543,0.24324324324324326,0.32432432432432434
186,0.4668120449798472,0.01,0.4668512988231085,0.05,0.13333333333343944,0.7400000000000001,0.5404761904761904,0.6545454545454545,0.49438202247191004,0.0037037037037037034,0.013032581453634085,0.0,0.0,0.016666666666666666,0.008333333333333333,0.0037037037037037034,0.004166666666666667,0.0,0.0,0.008333333333333333,0.0,0.0,0.0,0.0,0.012777777777777777,0.008333333333333333,0.0,0.0,0.0,0.0,0.004166666666666667,0.003508771929824561,0.004166666666666667,0.0,0.0,0.0,0.0,0.0,0.008333333333333333,0.0,0.0,0.0,0.0,0.0,0.0037037037037037034,0.0,0.0047619047619047615,0.0,0.006060606060606061,0.0,0.0047619047619047615,0.0047619047619047615,0.0037037037037037034,0.0,0.008333333333333333,0.0,0.0,0.0,0.009523809523809523,0.0,0.022727272727272728,0.0,0.0,0.008333333333333333,0.0,0.0,0.0,0.0,0.0,0.0,0.0031746031746031746,0.0031746031746031746,0.013461538461538462,0.0,0.0,0.0,0.0,0.0047619047619047615,0.0031746031746031746,0.0031746031746031746,0.0,0.0,0.0,0.0,0.0,0.0,0.0,0.0,0.0,0.0,0.0047619047619047615,0.0047619047619047615,0.0,0.0,0.0,0.011461988304093566,0.02619047619047619,0.008333333333333333,0.0,0.009523809523809523,0.0,0.0,0.0,0.0047619047619047615,0.0,0.0,0.0,0.0031746031746031746,0.003508771929824561,0.0,0.0,0.0,0.008333333333333333,0.0,0.0031746031746031746,0.0,0.0,0.0,0.0,0.0,0.0,0.010526315789473684,0.0,0.0,0.0,0.0,0.0,0.0,0.0,0.003508771929824561,0.0,0.0,0.0,0.008333333333333333,0.0047619047619047615,0.0,0.0,0.0,0.0,0.0,0.0,0.0047619047619047615,0.013032581453634085,0.0,0.0,0.008333333333333333,0.0,0.0,0.008270676691729323,0.0,0.0,0.006060606060606061,0.0044444444444444444,0.0,0.0,0.0,0.0,0.0,0.0,0.0,0.0,0.0,0.0,0.0,0.0,0.009523809523809523,0.009523809523809523,0.008302808302808303,0.0,0.0,0.0031746031746031746,0.030357142857142857,0.0,0.0,0.0,0.0,0.0,0.004166666666666667,0.013078149920255184,0.0,0.0,0.0,0.007341269841269841,0.0,0.0047619047619047615,0.0,0.0,0.013227513227513227,0.0,0.003508771929824561,0.004166666666666667,0.004166666666666667,0.0,0.0044444444444444444,0.013461538461538462,0.0,0.0047619047619047615,0.011507936507936507,0.0,0.0031746031746031746,0.0,0.023350041771094402,0.003508771929824561,0.3107296137339056,0.2957854406130268,0.13315774380561685,0.08484848484848484,0.028205128205128206,0.09299544404635983,0.03010930103035366,0.4666666666666666,0.26666666666666666,0.3333333333333333
231,0.21363815106570994,0.01,0.2134313957510331,0.07,0.0923076923077133,0.7923076923076924,0.5346153846153846,0.43986013986013983,0.5687121866897147,0.0023782980304719436,0.0016906098994384222,0.0010256410256410256,0.005128205128205128,0.007671644594721517,0.002813186813186813,0.005693410532120209,0.0,0.0045342478034785735,0.00923076923076923,0.0017094017094017094,0.0,0.000880893300248139,0.0,0.0,0.009991546914623837,0.001183431952662722,0.0014835164835164834,0.003919413919413919,0.0004662004662004662,0.0,0.0,0.0,0.0,0.010816299085529855,0.0056244830438378825,0.0,0.0,0.005228105228105228,0.0015958400573785189,0.00923076923076923,0.0,0.008974358974358974,0.0,0.0003846153846153846,0.011553699815486415,0.0,0.0025191183085919925,0.0,0.0023076923076923075,0.0056244830438378825,0.0006153846153846154,0.0015384615384615385,0.005167440775381222,0.0,0.0,0.0020608377130116257,0.0015384615384615385,0.0026703211318595934,0.002348178137651822,0.01110427744298712,0.017205108646756246,0.0,0.006412486064659977,0.0030104254719639334,0.0013986013986013986,0.0,0.008205128205128205,0.0,0.0003846153846153846,0.004403363397969072,0.00354251012145749,0.0008097165991902834,0.004351204351204351,0.0013986013986013986,0.0,0.0,0.004385614385614385,0.0009816849816849818,0.0010256410256410256,0.008354419773774612,0.0,0.0003846153846153846,0.0,0.007078754578754579,0.004149632418863188,0.0010256410256410256,0.0031343015958400578,0.0,0.008205128205128205,0.0,0.003007518796992481,0.005472518934057396,0.0008097165991902834,0.0,0.0,0.0003846153846153846,0.004668080457554142,0.005629370629370629,0.0036368119060426756,0.0,0.0,0.0,0.0,0.0008097165991902834,0.0,0.006713734982965752,0.0,0.0024951508375825994,0.003932175351530191,0.0003846153846153846,0.008205128205128205,0.0,0.002197802197802198,0.0003846153846153846,0.0008097165991902834,0.0,0.0013986013986013986,0.0,0.0008114961961115807,0.0,0.0,0.004456838707850854,0.0,0.0017094017094017094,0.0024505409120793736,0.0,0.0055128205128205125,0.0,0.0024951508375825994,0.004786876206231045,0.0006688963210702341,0.002634032634032634,0.0,0.0013986013986013986,0.0011943319838056679,0.0018808933002481389,0.0014652014652014652,0.0010256410256410256,0.0008547008547008547,0.0008097165991902834,0.0,0.006553306342780027,0.009031076450431288,0.0006688963210702341,0.005128205128205128,0.0013986013986013986,0.0,0.008205128205128205,0.0028412613027997643,0.0010256410256410256,0.008205128205128205,0.012976588628762543,0.0008114961961115807,0.0,0.0,0.008205128205128205,0.01184194011117088,0.0,0.006009098428453267,0.0,0.0,0.0,0.0,0.0,0.0023892773892773894,0.0008097165991902834,0.0,0.0021756021756021756,0.0,0.0003846153846153846,0.0001972386587771203,0.005283465072938757,0.0,0.0,0.0,0.005128205128205128,0.0001972386587771203,0.01184194011117088,0.0012831538584046945,0.0,0.0,0.0,0.010082744081046289,0.0008097165991902834,0.0,0.0006688963210702341,0.0,0.007382361228515074,0.005128205128205128,0.005485746137920051,0.0006634391249775865,0.0012759170653907496,0.0,0.0017930787161556392,0.0030303030303030303,0.0,0.0008097165991902834,0.0018097165991902834,0.010816299085529855,0.0021145521145521143,0.0,0.02091655420602789,0.004285898536910682,0.3182568504456917,0.28824049513704686,0.16748810805187397,0.12307692307692307,0.019526627218934913,0.09884667365485852,0.019318316889820088,0.46923076923076923,0.23076923076923078,0.4307692307692308
170,0.0012586267072215549,0.04,0.0010954454323328952,0.02,0.5,0.5000000000000001,0.6339285714285714,0.4318181818181818,0.6348314606741572,0.0,0.0,0.0,0.0,0.03234621464366193,0.0274442538593482,0.0,0.009433962264150943,0.0,0.006097560975609756,0.0,0.0,0.0,0.0,0.0,0.0274442538593482,0.0,0.0,0.0,0.0,0.0,0.014150943396226415,0.0,0.0,0.0,0.0,0.0,0.0,0.0,0.0399219722194195,0.0,0.0,0.0,0.0,0.0,0.0,0.0,0.0,0.010814542107685229,0.0,0.0,0.0047169811320754715,0.0,0.0,0.0,0.0,0.0,0.0,0.004901960784313725,0.0,0.0,0.028824833702882482,0.0,0.0,0.0274442538593482,0.0047169811320754715,0.0,0.0,0.0,0.0,0.006097560975609756,0.0,0.0,0.0,0.014705882352941176,0.0,0.0047169811320754715,0.0,0.0047169811320754715,0.0,0.0047169811320754715,0.0047169811320754715,0.0,0.0,0.0,0.0,0.0,0.00980392156862745,0.0,0.0,0.0,0.0,0.0,0.014150943396226415,0.0047169811320754715,0.0,0.009433962264150943,0.04215013621228937,0.00980392156862745,0.0,0.0,0.0,0.0047169811320754715,0.0,0.0,0.0,0.006097560975609756,0.0,0.0,0.0,0.0,0.0,0.0,0.0,0.0,0.0047169811320754715,0.0,0.0,0.0,0.0,0.009433962264150943,0.0,0.0,0.0,0.0,0.0,0.0,0.0,0.009433962264150943,0.0,0.0,0.0,0.0,0.0,0.0,0.0,0.0,0.0047169811320754715,0.0,0.0,0.0,0.0,0.0,0.0,0.0,0.0,0.0,0.0,0.0,0.004901960784313725,0.0,0.0,0.013673318551367332,0.0,0.0,0.0,0.0,0.006097560975609756,0.0,0.0,0.0,0.0,0.0,0.0,0.0,0.0047169811320754715,0.0,0.0,0.0,0.0,0.0,0.0,0.03724817542797565,0.0,0.0,0.0,0.0,0.0,0.0,0.015151515151515152,0.0,0.0,0.0,0.010814542107685229,0.0,0.015716502891998954,0.009433962264150943,0.0,0.010814542107685229,0.0,0.0047169811320754715,0.0,0.0,0.0,0.0,0.0274442538593482,0.0,0.0,0.006097560975609756,0.0,0.0155315232397607,0.0,0.04111757241071553,0.0,1.0,1.0,0.12714765515059834,0.045454545454545456,0.0,0.053049863957817675,0.03234621464366193,0.5833333333333333,0.25,0.5
65,0.011196751305089446,0.04,0.011300342801601693,0.17,0.5882352941175668,0.4,0.43697478991596633,0.4117647058823529,0.5789821546596166,0.0,0.001278772378516624,0.0038363171355498722,0.0,0.00392156862745098,0.0,0.004901960784313725,0.0,0.004901960784313725,0.002028397565922921,0.00392156862745098,0.0,0.0,0.0,0.0,0.0,0.00392156862745098,0.00392156862745098,0.0,0.001278772378516624,0.0,0.0,0.0,0.00392156862745098,0.004901960784313725,0.00392156862745098,0.0,0.0,0.002028397565922921,0.0026737967914438505,0.002028397565922921,0.0,0.0,0.0,0.0,0.0,0.0,0.0,0.0,0.0,0.0,0.001278772378516624,0.0,0.004901960784313725,0.0,0.00392156862745098,0.0038363171355498722,0.0,0.005347593582887701,0.001278772378516624,0.0,0.013190730837789662,0.00392156862745098,0.0,0.0,0.005231341548477098,0.0,0.0,0.004901960784313725,0.0,0.00326797385620915,0.0,0.002028397565922921,0.006100217864923747,0.0,0.004901960784313725,0.0,0.0,0.001278772378516624,0.0,0.0,0.0,0.0,0.0,0.0,0.004901960784313725,0.001278772378516624,0.0026737967914438505,0.0,0.0,0.0,0.0,0.005347593582887701,0.0,0.005347593582887701,0.0,0.0,0.00392156862745098,0.006595365418894831,0.013933159470684825,0.001278772378516624,0.0,0.0,0.0,0.0,0.0,0.004901960784313725,0.0026737967914438505,0.002557544757033248,0.001278772378516624,0.0,0.0,0.0,0.0,0.0,0.0,0.0,0.005231341548477098,0.0,0.0,0.0,0.0,0.008610954263128176,0.0,0.0,0.005347593582887701,0.002028397565922921,0.0,0.0,0.0026737967914438505,0.0059371574716843255,0.0,0.006350267379679145,0.0,0.0,0.001278772378516624,0.0,0.0,0.001278772378516624,0.0,0.0,0.0,0.001278772378516624,0.004546746234725774,0.0,0.0,0.0,0.0,0.0,0.006626365961404325,0.008958755916159567,0.0,0.0,0.005488605178379668,0.0,0.0,0.0,0.006930358350236646,0.0,0.0,0.0,0.0,0.0,0.0021008403361344537,0.0,0.001278772378516624,0.001278772378516624,0.0,0.0034574216159893906,0.00392156862745098,0.00392156862745098,0.002028397565922921,0.005200341005967605,0.0,0.0,0.0,0.0,0.007910750507099391,0.006930358350236646,0.0,0.0,0.0,0.0,0.014439208966945099,0.0,0.001278772378516624,0.0026737967914438505,0.00392156862745098,0.004901960784313725,0.0,0.0026737967914438505,0.0026737967914438505,0.0026737967914438505,0.0,0.0,0.0021786492374727667,0.0,0.0,0.0,0.004901960784313725,0.002557544757033248,0.0,0.013190730837789662,0.006510113926993723,0.44332239333501644,0.427315753887762,0.13435126417362786,0.021390374331550804,0.0746606334841629,0.05015465285695052,0.0360417130370389,0.5196078431372548,0.29411764705882354,0.6470588235294118
140,0.12485858336729866,0.01,0.12456180203939644,0.03,0.15384615384618883,0.7076923076923077,0.6007326007326007,0.6002331002331002,0.6943244021895707,0.0003465003465003465,0.0005827505827505828,0.002564102564102564,0.0014740946944336775,0.007858924445568806,0.004959171625838292,0.0017094017094017094,0.002010755202244564,0.0,0.0020538493629857837,0.006481527522251504,0.0,0.006904823571490237,0.0015082956259426848,0.0,0.005011863232202216,0.002874902874902875,0.0,0.003515547633194692,0.000434593654932638,0.0005455537370430987,0.002197802197802198,0.0007326007326007326,0.0,0.0,0.0,0.0,0.0,0.0,0.003817706143287539,0.0005455537370430987,0.0,0.000693000693000693,0.0,0.0,0.005781799899446958,0.0,0.0,0.002803336023675007,0.0,0.0003465003465003465,0.005957199177538161,0.0,0.0005827505827505828,0.0,0.004612671279337946,0.010256410256410256,0.0,0.000434593654932638,0.001372141372141372,0.004273504273504273,0.013758128916499955,0.000407000407000407,0.0,0.0021780021780021777,0.0007326007326007326,0.0,0.0,0.0,0.0,0.006379036493602779,0.008981602201941184,0.0,0.006840034263736969,0.0,0.0,0.0007326007326007326,0.003515547633194692,0.002760107411270202,0.009564509564509565,0.00761330173094879,0.0007326007326007326,0.0028490028490028487,0.0,0.0063645504821975415,0.0005455537370430987,0.0,0.0,0.0,0.0007326007326007326,0.004046836354528662,0.0015082956259426848,0.0,0.009525590552803513,0.0007326007326007326,0.0,0.0,0.009438982805288182,0.0,0.0005455537370430987,0.0009428032683846638,0.0,0.0,0.0005455537370430987,0.0015082956259426848,0.0015082956259426848,0.0007326007326007326,0.0021367521367521365,0.005823785823785824,0.0031746031746031746,0.0006105006105006105,0.0,0.0009157509157509158,0.0,0.0,0.004009504009504009,0.000434593654932638,0.0,0.0,0.0,0.0007326007326007326,0.0,0.005128205128205128,0.000434593654932638,0.0003465003465003465,0.0,0.0,0.001474804666294028,0.0007326007326007326,0.002962789374617719,0.0031746031746031746,0.0,0.0,0.0,0.0,0.0,0.002469002469002469,0.0,0.0,0.0010911074740861974,0.0015082956259426848,0.0,0.0,0.01378595149334214,0.0,0.0003465003465003465,0.0,0.0014147410469083747,0.0012781544696438313,0.0013289036544850497,0.0,0.0007326007326007326,0.004229104229104229,0.005382939500586559,0.0,0.0,0.0007326007326007326,0.0,0.0005455537370430987,0.005652172318838985,0.0005455537370430987,0.0,0.0,0.0005963029218843172,0.000434593654932638,0.0,0.0003465003465003465,0.0,0.0005455537370430987,0.0028490028490028487,0.004612671279337946,0.0015082956259426848,0.009732023098328477,0.0,0.0009157509157509158,0.0,0.005158225016381045,0.0021367521367521365,0.0005455537370430987,0.005633255633255633,0.0,0.0,0.0,0.010297110297110296,0.0009157509157509158,0.0075476739883519545,0.0,0.0028490028490028487,0.006990058401886746,0.0,0.009626103743750803,0.000407000407000407,0.0010911074740861974,0.0005455537370430987,0.0011396011396011395,0.005155797979454669,0.0,0.0015082956259426848,0.009075921241769577,0.0007326007326007326,0.0051324783528173355,0.0,0.01978996956372522,0.0,0.5292175635523274,0.5086943707633363,0.14072677962158858,0.04195804195804196,0.08678500986193294,0.031919070528145944,0.020806284939014954,0.5299145299145298,0.2564102564102564,0.0
124,0.02475569779085521,0.03,0.0267640114515206,0.11,0.28571428571422075,0.6000000000000001,0.5969387755102041,0.6168831168831169,0.6548956661316212,0.0,0.0,0.0,0.0,0.034004884004884,0.02040816326530612,0.0,0.0,0.017857142857142856,0.007518796992481203,0.023015873015873014,0.0,0.0,0.007518796992481203,0.0,0.03826530612244898,0.028846153846153848,0.0,0.0,0.0,0.0,0.01098901098901099,0.0,0.0,0.0,0.0,0.0,0.0,0.0,0.014285714285714287,0.0,0.0,0.0,0.0,0.0,0.0,0.0,0.0,0.0,0.0,0.0,0.0,0.0,0.0,0.0,0.0,0.0,0.0,0.0,0.0,0.0,0.023015873015873014,0.0,0.0,0.03826530612244898,0.0,0.0,0.0,0.0,0.0,0.0,0.0,0.0,0.030534670008354216,0.0,0.0,0.0,0.0,0.0,0.0,0.0,0.0,0.0,0.0,0.0,0.0,0.0,0.01098901098901099,0.0,0.0,0.0,0.0,0.0,0.0,0.0,0.0,0.0,0.034004884004884,0.0,0.0,0.0,0.0,0.0,0.0,0.0,0.0,0.014285714285714287,0.0,0.0,0.0,0.0,0.0,0.0,0.017857142857142856,0.0,0.0,0.0,0.0,0.0,0.0,0.0,0.0,0.0,0.0,0.0,0.0,0.0,0.01098901098901099,0.0,0.0,0.0,0.0,0.0,0.0,0.0,0.0,0.0,0.0,0.0,0.0,0.0,0.0,0.0,0.0,0.0,0.0,0.0,0.017857142857142856,0.0,0.0,0.0,0.0,0.0,0.0,0.0,0.0,0.0,0.0,0.0,0.0,0.0,0.0,0.0,0.0,0.0,0.0,0.0,0.0,0.007518796992481203,0.0,0.0,0.0,0.04829059829059829,0.0,0.0,0.0,0.0,0.0,0.0,0.0,0.0,0.0,0.0,0.007518796992481203,0.0,0.0,0.0,0.0,0.0,0.0,0.03469387755102041,0.0,0.0,0.0,0.0,0.02537593984962406,0.0,0.0,0.0,0.0,0.0,0.0,0.0719954648526077,0.0,0.2483139178418148,0.2594417077175698,0.10452986928162433,0.06060606060606061,0.0,0.01856738035201368,0.015037593984962405,0.5476190476190476,0.14285714285714285,0.0
213,0.03863719288780073,0.03,0.03910439420838633,0.22,0.5,0.6000000000000001,0.7321428571428571,0.5681818181818182,0.898876404494382,0.0,0.0,0.0,0.0,0.0,0.0,0.0,0.0,0.0,0.0,0.0,0.0,0.0,0.0,0.0,0.0,0.0,0.0,0.0,0.0,0.0,0.0,0.0,0.0,0.0,0.0,0.0,0.0,0.0,0.0,0.0,0.0,0.0,0.0,0.0,0.0,0.0,0.0,0.0,0.0,0.0,0.0,0.0,0.0,0.0,0.0,0.0,0.0,0.0,0.0,0.0,0.0,0.0,0.0,0.0,0.0,0.0,0.0,0.0,0.0,0.0,0.0,0.0,0.0,0.0,0.0,0.0,0.0,0.0,0.0,0.0,0.0,0.0,0.0,0.0,0.0,0.0,0.0,0.0,0.0,0.0,0.0,0.0,0.0,0.0,0.0,0.0,0.0,0.0,0.0,0.0,0.0,0.0,0.0,0.0,0.0,0.0,0.0,0.0,0.0,0.0,0.0,0.0,0.0,0.0,0.0,0.0,0.0,0.0,0.0,0.0,0.0,0.0,0.0,0.0,0.0,0.0,0.0,0.0,0.0,0.0,0.0,0.0,0.0,0.0,0.0,0.0,0.0,0.0,0.0,0.0,0.0,0.0,0.0,0.0,0.0,0.0,0.0,0.0,0.0,0.0,0.0,0.0,0.0,0.0,0.0,0.0,0.0,0.0,0.0,0.0,0.0,0.0,0.0,0.0,0.0,0.0,0.0,0.0,0.0,0.0,0.0,0.0,0.0,0.0,0.0,0.0,0.0,0.0,0.0,0.0,0.0,0.0,0.0,0.0,0.0,0.0,0.0,0.0,0.0,0.0,0.0,0.0,0.0,0.0,0.0,0.0,0.0,0.0,0.0,0.0,0.0,0.0,0.0,0.0815450643776824,0.08045977011494253,0.10101181121289743,0.030303030303030304,0.0,0.09401709401709402,0.0,0.5833333333333333,0.0,0.5
148,0.08278105039932708,0.02,0.08333696107290331,0.08,0.24561403508778312,0.6736842105263158,0.5526315789473684,0.6515151515151516,0.6197516262566529,0.0021929824561403508,0.0,0.0037593984962406013,0.003787878787878788,0.000835421888053467,0.000835421888053467,0.004455583402951824,0.0009746588693957114,0.0019319131161236423,0.004093567251461988,0.0009233610341643582,0.0,0.0,0.0029239766081871343,0.0009233610341643582,0.000835421888053467,0.00278473962684489,0.002551834130781499,0.0028239458294859955,0.0,0.0,0.0,0.0,0.0018443544759334234,0.0018980199035600696,0.0,0.0,0.0009233610341643582,0.0,0.0033329852408799775,0.0,0.0,0.0028665028665028664,0.0017543859649122807,0.0,0.00875541893125899,0.0,0.0,0.0,0.0036758563074352543,0.001594896331738437,0.0,0.004971005946238145,0.0034809245335561123,0.0009233610341643582,0.0,0.0012531328320802004,0.0011695906432748538,0.0016251154201292707,0.0,0.007919997043205522,0.004177862072598915,0.0007974481658692185,0.0,0.000835421888053467,0.0,0.0,0.0,0.0,0.0,0.0007974481658692185,0.003216374269005848,0.0,0.0029701446598953524,0.0043859649122807015,0.0,0.0,0.0011695906432748538,0.0,0.0009233610341643582,0.0064188248398774714,0.0,0.0,0.0,0.004403214514017839,0.0035087719298245615,0.005847953216374269,0.010526315789473684,0.0,0.0,0.0,0.0,0.005865127214320631,0.0,0.0,0.0,0.0027290448343079924,0.0041258116050359814,0.00405701754385965,0.0031500816819376373,0.0,0.0,0.0,0.0,0.0,0.0,0.002228544333807492,0.0007309941520467836,0.003644908492553922,0.005847953216374269,0.0,0.0,0.0,0.0030284043441938177,0.0,0.0016251154201292707,0.0008771929824561404,0.0,0.0,0.0,0.0,0.0,0.0037593984962406013,0.0014619883040935672,0.0,0.0007017543859649123,0.0,0.004177109440267335,0.0,0.0029701446598953524,0.005847953216374269,0.0017543859649122807,0.004934210526315789,0.0,0.0021929824561403508,0.0,0.0,0.0,0.0,0.0008771929824561404,0.0,0.0,0.0030075187969924814,0.0016251154201292707,0.0007309941520467836,0.0007974481658692185,0.0021929824561403508,0.0015664160401002503,0.000835421888053467,0.0012531328320802004,0.000835421888053467,0.0,0.002228544333807492,0.005994152046783626,0.0,0.0,0.0,0.000835421888053467,0.0,0.0043859649122807015,0.0,0.0,0.0,0.0,0.0014619883040935672,0.0013283208020050123,0.0,0.0,0.0007627765064836002,0.0009233610341643582,0.0,0.0,0.006106805757082764,0.0017543859649122807,0.0,0.0,0.000474158368895211,0.0,0.003985503569991104,0.0,0.0009233610341643582,0.0009233610341643582,0.0,0.006658853611762199,0.0,0.0,0.0,0.0036758563074352543,0.004233556865135813,0.003787878787878788,0.0,0.0007017543859649123,0.0,0.0007309941520467836,0.0,0.0,0.0009233610341643582,0.0,0.0016746411483253589,0.0,0.003313840155945419,0.0,0.00504992527153192,0.0,0.2858218507642497,0.25811655575720904,0.1877255690166872,0.02445507708665603,0.007422402159244264,0.06108690318918697,0.031714409971498124,0.3888888888888889,0.19298245614035087,0.3333333333333333
31,0.844014948326426,0.0,0.8390787493875715,0.03,0.09999999999990905,0.6585714285714286,0.5076530612244897,0.48766233766233763,0.6311396468699839,0.0032177871148459385,0.0012857142857142859,0.0007142857142857143,0.0005658263305322129,0.01180077169207604,0.00442287784679089,0.0069580498866213146,0.001844567614279754,0.000906832298136646,0.0,0.005238095238095239,0.0,0.001134453781512605,0.0,0.0,0.0019198193111236589,0.0075393908771237955,0.0,0.00413907365803758,0.0008403361344537815,0.001098901098901099,0.0015406162464985996,0.0,0.0011260504201680672,0.0,0.0,0.0,0.0,0.0,0.0017216471129514609,0.0009316770186335404,0.0,0.00028011204481792715,0.0,0.002928571428571429,0.00031055900621118014,0.0,0.0021651487452828805,0.0005714285714285715,0.005992063492063492,0.00028011204481792715,0.0004464285714285714,0.0,0.00664021164021164,0.00028571428571428574,0.0,0.0007142857142857143,0.0,0.0013605442176870747,0.00028571428571428574,0.0,0.011285862829980477,0.0,0.002205533596837945,0.003969508752117448,0.0020437522835221045,0.0,0.0,0.0,0.0,0.0009943977591036414,0.0025,0.0,0.007080466969396455,0.0023543112897332842,0.0,0.004390756302521008,0.0023809523809523807,0.0,0.00028011204481792715,0.005454545454545455,0.0045833333333333325,0.0,0.0,0.003256332320162107,0.0,0.0009012300572402874,0.00201890756302521,0.0,0.0,0.0,0.0024703990505331856,0.000303951367781155,0.0014310071854828888,0.0024293015078371773,0.0,0.00028571428571428574,0.018455759302197786,0.0008928571428571428,0.0009250693802035153,0.0,0.0,0.0,0.0,0.0024703990505331856,0.000303951367781155,0.0008928571428571428,0.0005962732919254659,0.00596216668485576,0.004520677836351932,0.0,0.0,0.0018115942028985507,0.00028571428571428574,0.0,0.002835418950188771,0.00028011204481792715,0.0008403361344537815,0.0,0.0025143550944892296,0.0,0.0,0.004666048237476809,0.0007142857142857143,0.0011904761904761904,0.00028571428571428574,0.0,0.0015546218487394957,0.0,0.0008403361344537815,0.006445909467465916,0.0012987012987012987,0.00028571428571428574,0.0,0.00028571428571428574,0.0,0.00764772129587621,0.0,0.002559893522626442,0.0006211180124223603,0.0027743504183143407,0.0,0.0,0.0007142857142857143,0.002045517559475224,0.00028011204481792715,0.00028571428571428574,0.0015461873926258755,0.0,0.005449735449735449,0.00028571428571428574,0.0,0.0011904761904761904,0.00456982438365417,0.0,0.0,0.0008928571428571428,0.0,0.0006211180124223603,0.0,0.0,0.0,0.001402852466682254,0.0004464285714285714,0.0025,0.0007142857142857143,0.0,0.0027173913043478264,0.003073859330966429,0.0,0.001134453781512605,0.0015420466058763932,0.017899910073823116,0.0,0.0023809523809523807,0.0,0.0,0.00031055900621118014,0.0014614541468761417,0.00028011204481792715,0.0012629399585921326,0.0,0.0,0.003401360544217687,0.002879140786749482,0.001098901098901099,0.0,0.0,0.003411796536796537,0.00028011204481792715,0.002501889644746788,0.0,0.0010675465838509317,0.0020382333219031265,0.0,0.003981697026636742,0.0,0.0016754493194132418,0.003212800271623801,0.0008928571428571428,0.005407544836116265,0.0012987012987012987,0.009439145223306715,0.0027272727272727275,0.38087063151440836,0.32906403940886697,0.17069984053241222,0.02077922077922078,0.03626373626373627,0.08310016904361868,0.010056269697630404,0.5214285714285714,0.3,0.6285714285714286
12,0.3175520159971327,0.01,0.3170800047173806,0.06,0.14285714285711038,0.6904761904761906,0.5790816326530612,0.5400432900432901,0.6425896201177099,0.0,0.0011904761904761906,0.0,0.0,0.0,0.007671957671957671,0.01865079365079365,0.0,0.0048019207683073235,0.0,0.0,0.0,0.0,0.0,0.0,0.006349206349206349,0.009029066171923315,0.0,0.0015873015873015873,0.0,0.0,0.0,0.0,0.0,0.0,0.0,0.0015873015873015873,0.0,0.0,0.0066481137909709335,0.0,0.0,0.0,0.0,0.0011904761904761906,0.004965622612681436,0.0,0.004761904761904762,0.0,0.0,0.0,0.0,0.0,0.0,0.0,0.0,0.001984126984126984,0.0,0.0,0.0,0.0028011204481792717,0.004761904761904762,0.0,0.0013227513227513227,0.009072517896047308,0.0,0.0,0.0,0.0,0.0,0.001984126984126984,0.0,0.0,0.0,0.020529348102877515,0.0,0.0,0.0,0.0,0.0,0.001984126984126984,0.0,0.0,0.0,0.0,0.0,0.0,0.018963443963443963,0.0,0.0,0.0,0.004761904761904762,0.0,0.0,0.0,0.0,0.0,0.0011904761904761906,0.015608465608465608,0.0014005602240896359,0.0,0.0,0.0,0.0,0.002380952380952381,0.0,0.004761904761904762,0.0,0.0,0.0015873015873015873,0.0,0.0,0.002380952380952381,0.003401360544217687,0.0,0.0,0.0,0.0,0.023015873015873014,0.0,0.0,0.0,0.0,0.0,0.0,0.001984126984126984,0.0,0.0013227513227513227,0.0,0.0021645021645021645,0.0,0.0,0.001984126984126984,0.0,0.0015873015873015873,0.00992063492063492,0.0,0.0,0.0,0.0014005602240896359,0.002380952380952381,0.0,0.0,0.0,0.007936507936507936,0.0,0.0015873015873015873,0.0,0.0,0.0,0.0,0.0,0.004761904761904762,0.0,0.007936507936507936,0.0,0.0,0.0,0.0,0.0,0.0,0.0,0.0,0.023015873015873014,0.0,0.0,0.0,0.0,0.0,0.0,0.0,0.0,0.004001322751322751,0.0,0.0,0.0,0.0,0.0011904761904761906,0.0,0.0,0.0,0.0,0.0,0.0,0.002380952380952381,0.0,0.0,0.0,0.004761904761904762,0.0,0.0032467532467532465,0.0,0.0,0.007936507936507936,0.0,0.0,0.0,0.004761904761904762,0.001984126984126984,0.0,0.0,0.0,0.008008658008658008,0.0,0.20345391375434294,0.1839080459770115,0.14962625794023177,0.03463203463203463,0.020146520146520144,0.07370666799048456,0.03585257335257335,0.4841269841269841,0.30952380952380953,0.35714285714285715
35,0.05292065530276588,0.03,0.05446674998595075,0.27,0.19047619047614717,0.7690476190476191,0.5255102040816326,0.5140692640692641,0.5644729802033173,0.005952380952380952,0.0,0.002380952380952381,0.001984126984126984,0.008994708994708995,0.004761904761904762,0.0013227513227513227,0.0,0.004232804232804232,0.0015873015873015873,0.006613756613756614,0.0,0.0,0.0,0.0,0.002380952380952381,0.006502601040416165,0.0,0.0010822510822510823,0.0,0.0,0.0,0.0,0.0,0.004232804232804232,0.0,0.0,0.0,0.006051587301587301,0.0,0.0015873015873015873,0.0,0.0017006802721088435,0.0,0.0,0.014814814814814815,0.0,0.0,0.0,0.0026455026455026454,0.001984126984126984,0.0,0.0,0.004724111866969009,0.0,0.0,0.0,0.0,0.0,0.0,0.013227513227513229,0.015851618425147835,0.0,0.001984126984126984,0.010714285714285714,0.0,0.0010822510822510823,0.0,0.0,0.0,0.009126984126984128,0.0022509003601440575,0.0010822510822510823,0.006613756613756614,0.0071428571428571435,0.0,0.0,0.0,0.0,0.0,0.011982570806100218,0.0,0.0,0.0,0.0015873015873015873,0.011245609354853052,0.0,0.00873015873015873,0.0,0.0,0.0,0.0,0.0,0.008928571428571428,0.0008503401360544217,0.0,0.0,0.008101851851851851,0.0017006802721088435,0.00582010582010582,0.0,0.0,0.0,0.0,0.0,0.0,0.00801431683784625,0.0,0.0,0.0,0.0,0.0,0.0,0.0026455026455026454,0.0,0.0008503401360544217,0.0035650623885918,0.0,0.0,0.0014005602240896359,0.0,0.0,0.0,0.0,0.0,0.0,0.0,0.0,0.0,0.0,0.0,0.0,0.001984126984126984,0.0,0.0,0.0,0.0,0.0,0.0,0.0026455026455026454,0.0,0.0,0.003968253968253968,0.002380952380952381,0.0,0.001984126984126984,0.0,0.0,0.006802721088435374,0.0,0.002437641723356009,0.0,0.0037815126050420164,0.0017006802721088435,0.0,0.0008503401360544217,0.0,0.006670445956160242,0.0,0.001984126984126984,0.0,0.0,0.0,0.0,0.0,0.0,0.0,0.003727753727753728,0.0,0.0,0.0,0.005900845186559472,0.008101851851851851,0.0,0.0,0.0,0.0,0.0,0.00582010582010582,0.0,0.0,0.0,0.001984126984126984,0.012339380196523052,0.0,0.0,0.0,0.0,0.00973389355742297,0.001984126984126984,0.0,0.0,0.0,0.0010822510822510823,0.0,0.003231292517006803,0.0,0.0,0.004761904761904762,0.004232804232804232,0.0,0.0,0.015809101418345115,0.0,0.2004904966278357,0.19540229885057472,0.13215104635020597,0.06637806637806638,0.17124542124542125,0.06052812979709834,0.07163917043118724,0.44047619047619047,0.21428571428571427,0.30952380952380953
28,0.0032205084604532666,0.09,0.0034169349215181417,0.32,0.11111111111108585,0.638888888888889,0.490079365079365,0.553030303030303,0.8127340823970037,0.009259259259259259,0.0,0.0,0.0,0.010101010101010102,0.02407407407407407,0.005555555555555556,0.0,0.0,0.0,0.0,0.0,0.0015873015873015873,0.0,0.0,0.04034792368125702,0.02400793650793651,0.0015873015873015873,0.0,0.0,0.0015873015873015873,0.0,0.0,0.0,0.0,0.0,0.0,0.0,0.0,0.006944444444444444,0.0,0.0,0.0,0.0015873015873015873,0.0,0.017847557702630166,0.0,0.0,0.0,0.005555555555555556,0.0,0.006878306878306878,0.0,0.005555555555555556,0.0,0.0,0.0,0.0,0.0,0.0,0.0154320987654321,0.005050505050505051,0.0,0.0,0.02566137566137566,0.0,0.0,0.0,0.0,0.0,0.0,0.0,0.0,0.0,0.009259259259259259,0.0,0.0,0.0,0.005291005291005291,0.0,0.0,0.0,0.0,0.0,0.004761904761904762,0.0,0.0,0.0,0.0,0.0,0.0,0.0,0.006172839506172839,0.010101010101010102,0.0015873015873015873,0.0,0.005291005291005291,0.003703703703703704,0.0,0.0,0.0,0.0,0.0,0.0,0.0,0.0,0.0,0.0,0.0,0.0,0.0,0.0,0.0,0.0,0.0,0.007539682539682539,0.0,0.0,0.0,0.006349206349206349,0.0,0.0,0.0,0.0,0.0,0.0,0.0,0.0,0.0,0.0,0.0,0.0,0.0,0.0,0.0,0.0,0.0,0.0,0.0,0.0,0.0,0.0,0.0,0.006172839506172839,0.0,0.0,0.0,0.005050505050505051,0.0,0.0,0.003703703703703704,0.0,0.0,0.04757696007696008,0.0,0.0,0.0,0.0,0.0,0.0,0.0,0.0,0.0,0.0,0.0,0.0,0.0,0.0,0.0,0.0,0.0,0.0,0.003703703703703704,0.0,0.0,0.0,0.0,0.0,0.0,0.0,0.0,0.009259259259259259,0.0,0.0015873015873015873,0.0,0.003703703703703704,0.0,0.0,0.007760141093474427,0.0,0.0,0.0,0.0,0.0,0.0,0.008754208754208756,0.0,0.0,0.0015873015873015873,0.0,0.0,0.0015873015873015873,0.005050505050505051,0.0,0.30805913209346686,0.26947637292464877,0.15685497289193978,0.016835016835016835,0.023504273504273504,0.06720434915804617,0.007539682539682541,0.537037037037037,0.2777777777777778,0.2777777777777778
42,0.004316454655605691,0.1,0.004719755139451628,0.37,0.11428571428564283,0.8771428571428573,0.39489795918367343,0.5584415584415585,0.5046548956661316,0.0,0.0,0.004387755102040817,0.0009852216748768472,0.007142857142857143,0.002857142857142857,0.010533254287425589,0.0,0.0008163265306122448,0.0021150278293135434,0.001020408163265306,0.0,0.0,0.0,0.001020408163265306,0.0009216589861751152,0.0009216589861751152,0.0014285714285714286,0.0008163265306122448,0.0009216589861751152,0.0,0.0,0.001020408163265306,0.0012987012987012987,0.0008163265306122448,0.0,0.0,0.0,0.0021645021645021645,0.0,0.0008163265306122448,0.0,0.0,0.002197802197802198,0.0019068806610519624,0.002040816326530612,0.0,0.0,0.004608410080673949,0.007413793103448275,0.0,0.0,0.004387755102040817,0.003119461183977313,0.0014285714285714286,0.0,0.0,0.003401360544217687,0.00409626216077829,0.0013605442176870747,0.002040816326530612,0.0049659863945578225,0.0,0.0009852216748768472,0.0,0.0,0.002040816326530612,0.0,0.0,0.0,0.002040816326530612,0.0,0.0034693877551020408,0.005345147463374064,0.0,0.0,0.0,0.0,0.002197802197802198,0.001020408163265306,0.023431475356941192,0.0,0.0,0.0,0.0,0.0008163265306122448,0.0,0.0009852216748768472,0.0,0.003982883475971033,0.002283922973578146,0.0,0.006428571428571428,0.0,0.0019047619047619048,0.0,0.0,0.0,0.0,0.0008163265306122448,0.0,0.0,0.0,0.0,0.0,0.0,0.006075353218210361,0.0,0.027650085878072723,0.004884135472370767,0.0012987012987012987,0.0,0.0,0.0,0.0,0.0,0.0017316017316017316,0.0,0.0,0.0,0.0,0.0,0.007973189275710285,0.002197802197802198,0.0,0.0019068806610519624,0.0,0.0012987012987012987,0.0,0.008658008658008656,0.004884135472370767,0.0,0.0009852216748768472,0.0,0.0,0.0,0.0026592455163883737,0.0009523809523809524,0.0,0.0,0.002197802197802198,0.0,0.002197802197802198,0.003026038001407459,0.0008163265306122448,0.0,0.0,0.002659644502962475,0.0,0.001818181818181818,0.0,0.003061224489795918,0.0,0.003785103785103785,0.0,0.0,0.00423861852433281,0.0008163265306122448,0.0013605442176870747,0.0,0.0,0.0,0.002197802197802198,0.0,0.0,0.006512376512376512,0.002197802197802198,0.0008163265306122448,0.0009852216748768472,0.0,0.0,0.0034693877551020408,0.0,0.0,0.0,0.0,0.0,0.0009852216748768472,0.0008163265306122448,0.0,0.0,0.0,0.0,0.006245992649933536,0.0,0.0058209906035993,0.0009523809523809524,0.0,0.0,0.0,0.0,0.0,0.0,0.0008163265306122448,0.0,0.0019068806610519624,0.0,0.002197802197802198,0.002040816326530612,0.004034536891679749,0.027566420871197053,0.0,0.00435374149659864,0.0,0.38320049049662785,0.34614121510673235,0.16164509200754434,0.012121212121212123,0.10879120879120878,0.07688017008369516,0.043663834153547285,0.48571428571428565,0.3142857142857143,0.5142857142857142
218,0.3623372954186296,0.01,0.36397124297438765,0.08,0.11111111111108585,0.8153846153846154,0.5006105006105006,0.588966588966589,0.6269086718524921,0.00047195602751158306,0.0038277067769870287,0.0009011766306196014,0.0001818512456810329,0.004459729313194602,0.015852981720430218,0.002976854579418682,0.0003885003885003885,0.006970006625189883,0.0027306941736977017,0.0014812026810413583,0.0,0.004375746714456392,0.001221001221001221,0.0,0.012886982728024078,0.008898469386646351,0.00447932251575153,0.0035154639657063156,0.0003561253561253561,0.0,0.0007076555463652237,0.0,0.00645592884018394,0.003913078769782149,0.00582982386625288,0.0,0.0005827505827505828,0.0009021842355175689,0.00988159039169718,0.0018813020199577217,0.0001643655489809336,0.0,0.0,0.0023881819934451517,0.010648337351631306,0.0,0.0,0.001661918328584995,0.005752094006802684,0.0005703516341814214,0.00014736221632773356,0.00042422456215559666,0.0025084024662297266,0.000259000259000259,0.0009793447293447294,0.0002947244326554671,0.0,0.003460289058115145,0.00014736221632773356,0.009958749162043116,0.014797754641683538,0.007083372266203265,0.003603606721000297,0.011701917561231828,0.0011380074944783818,0.0001295001295001295,0.0006763028834336135,0.0005698005698005698,0.0,0.011907552888667844,0.0011753462045859706,0.002323104074311804,0.0057493264633851175,0.006678407063022447,0.0003716090672612412,0.0001643655489809336,0.0006087064276719449,0.00014736221632773356,0.0004889746269056614,0.011917867083937229,0.0001643655489809336,0.0009164624549239934,0.0003716090672612412,0.0029436999442105137,0.002961699749203433,0.0003418803418803419,0.006963433049192661,0.0,0.00043775001330179596,0.0014621729685250554,0.0,0.004706039206549776,0.001497532928692349,0.0011475150364039252,0.0,0.00023100023100023102,0.009500034015408127,0.0038179770197314055,0.0041395111862469565,0.0,0.0,0.0,0.0,0.0,0.0002442002442002442,0.0068840353456134295,0.000750828119249172,0.005092369162417471,0.0016316734794995665,0.0001295001295001295,0.00028780249493322497,0.004748470421082833,0.003997781003391612,0.0,0.0007597340930674264,0.0004233658079811926,0.0005836498892054447,0.0007445669877611801,0.0,0.0003716090672612412,0.0001818512456810329,0.000636604774535809,0.00040894777736883,0.00031655587211142766,0.003267445115271202,0.0,0.003688603318085136,0.001592610288262462,0.0016316734794995665,0.0018987674965935835,0.0009995569705485614,0.000599790073474284,0.0,0.002353297225092097,0.0002947244326554671,0.0012897931376192246,0.0007172314864622557,0.0003418803418803419,0.0015804526442824314,0.0,0.0,0.002181115014698223,0.020456743425722033,0.001670492913687106,0.0001818512456810329,0.002353297225092097,0.004123841805001225,0.00028780249493322497,0.0030514623064501973,0.001207531909286295,0.00028780249493322497,0.0051100552158403634,0.0041427101744886796,0.0007445669877611801,0.0,0.0004521680439141586,0.0038569620469987597,0.0,0.001367845117845118,0.0,0.0003716090672612412,0.0,0.0007445669877611801,0.00040894777736883,0.0,0.00014736221632773356,0.0019001588665281182,0.0018401170065108965,0.00447932251575153,0.005596522221660912,0.0006306093262615002,0.010573960648205965,0.0,0.0,0.0,0.0016360297831929035,0.0,0.00486706305709977,0.0011411673080838499,0.0,0.0,0.0013505013505013502,0.006152826900805135,0.004748470421082833,0.0026006702251912977,0.0,0.00460882264525166,0.007339807345519936,0.0001818512456810329,0.00416183476533382,0.0,0.000149947518368571,0.001116176055022421,0.000750828119249172,0.008373677909827711,0.000259000259000259,0.0,0.0021565545230388993,0.002954777811481191,0.004914298578363981,0.0026040497504517352,0.01372055149184113,0.0005618184497494842,0.5052272477165181,0.4780430297671677,0.15660279019614765,0.047656047656047654,0.03254437869822485,0.05404651369701307,0.058879326710679344,0.48563218390804597,0.24786324786324787,0.3076923076923077
22,0.011133312217332023,0.04,0.01122119212007475,0.22,0.0,0.8,0.6785714285714285,0.0,0.11235955056179775,0.0,0.0,0.0,0.0,0.0,0.0,0.0,0.0,0.0,0.0,0.0,0.0,0.0,0.0,0.0,0.0,0.0,0.0,0.0,0.0,0.0,0.0,0.0,0.0,0.0,0.0,0.0,0.0,0.0,0.0,0.0,0.0,0.0,0.0,0.0,0.0,0.0,0.0,0.0,0.0,0.0,0.0,0.0,0.0,0.0,0.0,0.0,0.0,0.0,0.0,0.0,0.0,0.0,0.0,0.0,0.0,0.0,0.0,0.0,0.0,0.0,0.0,0.0,0.0,0.0,0.0,0.0,0.0,0.0,0.0,0.0,0.0,0.0,0.0,0.0,0.0,0.0,0.0,0.0,0.0,0.0,0.0,0.0,0.0,0.0,0.0,0.0,0.0,0.0,0.0,0.0,0.0,0.0,0.0,0.0,0.0,0.0,0.0,0.0,0.0,0.0,0.0,0.0,0.0,0.0,0.0,0.0,0.0,0.0,0.0,0.0,0.0,0.0,0.0,0.0,0.0,0.0,0.0,0.0,0.0,0.0,0.0,0.0,0.0,0.0,0.0,0.0,0.0,0.0,0.0,0.0,0.0,0.0,0.0,0.0,0.0,0.0,0.0,0.0,0.0,0.0,0.0,0.0,0.0,0.0,0.0,0.0,0.0,0.0,0.0,0.0,0.0,0.0,0.0,0.0,0.0,0.0,0.0,0.0,0.0,0.0,0.0,0.0,0.0,0.0,0.0,0.0,0.0,0.0,0.0,0.0,0.0,0.0,0.0,0.0,0.0,0.0,0.0,0.0,0.0,0.0,0.0,0.0,0.0,0.0,0.0,0.0,0.0,0.0,0.0,0.0,0.0,0.0,0.0,0.047210300429184546,0.04597701149425287,0.09100163172333103,0.0,0.0,0.14285714285714285,0.0,1.0,1.0,1.0
93,0.009990210166267216,0.04,0.010099626962837963,0.17,0.0,1.0,0.7142857142857143,0.3181818181818182,0.449438202247191,0.0,0.0,0.0,0.0,0.0,0.0,0.010101010101010102,0.0,0.0,0.0,0.0,0.0,0.0,0.0,0.0,0.0,0.0,0.0,0.0,0.0,0.0,0.0,0.0,0.0,0.0,0.0,0.0,0.0,0.010101010101010102,0.0,0.0,0.0,0.0,0.0,0.0,0.0,0.0,0.0,0.0,0.010101010101010102,0.0,0.0,0.0,0.010101010101010102,0.0,0.0,0.0,0.0,0.0,0.0,0.0,0.0,0.0,0.0,0.0,0.0,0.0,0.0,0.0,0.0,0.08333333333333333,0.0,0.0,0.0,0.0,0.0,0.0,0.0,0.0,0.0,0.0,0.0,0.0,0.0,0.0,0.0,0.0,0.0,0.0,0.0,0.0,0.0,0.0,0.0,0.0,0.0,0.0,0.0,0.0,0.0,0.0,0.0,0.0,0.0,0.0,0.0,0.0,0.0,0.0,0.0,0.0,0.0,0.0,0.0,0.0,0.0,0.0,0.0,0.0,0.0,0.0,0.0,0.0,0.0,0.0,0.0,0.0,0.0,0.0,0.010101010101010102,0.0,0.0,0.0,0.0,0.0,0.0,0.0,0.0,0.0,0.010101010101010102,0.0,0.0,0.0,0.08333333333333333,0.0,0.0,0.0,0.0,0.0,0.0,0.0,0.0,0.0,0.0,0.0,0.0,0.0,0.0,0.0,0.0,0.0,0.0,0.0,0.0,0.0,0.0,0.0,0.0,0.0,0.0,0.0,0.010101010101010102,0.0,0.0,0.0,0.0,0.0,0.0,0.0,0.0,0.0,0.0,0.0,0.0,0.0,0.0,0.0,0.0,0.0,0.0,0.0,0.0,0.0,0.0,0.0,0.0,0.0,0.0,0.0,0.0,0.0,0.0,0.0,0.0,0.3547925608011445,0.3524904214559387,0.14960116730274875,0.0,0.0,0.1505023131039391,0.010101010101010102,0.8333333333333333,0.6666666666666666,0.6666666666666666
212,0.0543267019858328,0.02,0.05455302422881512,0.08,0.12799999999992906,0.7352000000000001,0.5197142857142857,0.5032727272727272,0.6657078651685393,0.0009130915061949545,0.0008,0.0005333333333333334,0.005252259584493467,0.003991615402141718,0.0007203065134099617,0.0017142857142857142,0.007439852304558187,0.0012,0.008702164502164501,0.0021333333333333334,0.0033272727272727273,0.0007203065134099617,0.0,0.0,0.002135064935064935,0.014325833836328588,0.003431168831168831,0.0,0.00027586206896551725,0.0033272727272727273,0.006034199134199135,0.00027586206896551725,0.00016666666666666666,0.0036999999999999997,0.0003478260869565217,0.0,0.0,0.005122222222222222,0.003967372977899293,0.009635064935064936,0.00013793103448275863,0.0011901477832512316,0.0,0.0,0.011848590423403017,0.0,0.007293328182115367,0.0017192546583850931,0.001807792207792208,0.0029142857142857143,0.0021000000000000003,0.003706766917293233,0.0031893845285149635,0.005231168831168832,0.0007203065134099617,0.0,0.00013793103448275863,0.0028949096880131362,0.0021000000000000003,0.008596002431684591,0.010557142857142857,0.0,0.0007922705314009662,0.0005333333333333334,0.0014187192118226602,0.0,0.0026666666666666666,0.002,0.0,0.010872671176507493,0.008157648772011404,0.0,0.0026666666666666666,0.0016888888888888889,0.002,0.0,0.0,0.006686561264822134,0.0,0.008217802246063116,0.00027586206896551725,0.00013793103448275863,0.0,0.0014303030303030302,0.0010333333333333332,0.0,0.0016888888888888889,0.0,0.0026666666666666666,0.0014372294372294373,0.00042105263157894734,0.009853227931488802,0.0060162243553547904,0.0007445887445887446,0.0009192546583850932,0.0004444444444444444,0.004230576441102757,0.0008888888888888888,0.009880355276907001,0.0005,0.0007272727272727273,0.003546363182045341,0.0,0.007656964545751732,0.0,0.0026333333333333334,0.0012987012987012987,0.0008478260869565217,0.00045172219085262564,0.00013793103448275863,0.0026666666666666666,0.00036363636363636367,0.00016666666666666666,0.0,0.0,0.0007833333333333334,0.0011428571428571427,0.0,0.004976727869831318,0.004493939393939394,0.0,0.0016,0.007430376044738678,0.00036363636363636367,0.001881159420289855,0.0,0.005714492753623189,0.004054545454545455,0.0013456615847920194,0.0019478260869565218,0.0,0.0011236881559220388,0.0,0.0,0.0,0.0003478260869565217,0.0,0.0,0.002277777777777778,0.004586561264822134,0.0,0.003081159420289855,0.007433293526396975,0.0,0.0035711001642036123,0.0,0.0008091954022988506,0.0033419913419913422,0.003240100250626566,0.004656277056277056,0.0026666666666666666,0.004266666666666667,0.005492248835009033,0.0,0.0,0.0027705627705627706,0.0053,0.0,0.0033771209633278597,0.0,0.0006153846153846154,0.0,0.0,0.005675990079826398,0.00013793103448275863,0.0016,0.0009444444444444444,0.0029411764705882357,0.0,0.0015203065134099618,0.0007272727272727273,0.006711735861392612,0.0,0.0,0.0001038961038961039,0.0007203065134099617,0.0,0.011827272727272728,0.0008,0.0,0.0009192546583850932,0.0,0.01319025974025974,0.0,0.002688744588744589,0.0013928571428571427,0.0,0.004700104493207942,0.005571100164203612,0.0014187192118226602,0.0003478260869565217,0.0,0.0,0.0033272727272727273,0.0008091954022988506,0.0,0.007293328182115367,0.010885100306989361,0.0036999999999999997,0.0021214285714285714,0.0005333333333333334,0.007280952380952381,0.0,0.2703175965665236,0.24827586206896554,0.18369351771354853,0.16,0.11846153846153847,0.03308686528450247,0.036506551809670065,0.4316939890710383,0.16,0.44
101,0.012585939490024359,0.07,0.013875905978488427,0.36,0.5,0.35,0.5892857142857143,0.5909090909090909,1.0,0.0,0.0,0.0,0.0,0.0,0.0,0.0,0.0,0.0,0.0,0.0,0.0,0.0,0.0,0.0,0.0,0.0,0.0,0.0,0.0,0.0,0.0,0.0,0.0,0.0,0.0,0.0,0.0,0.0,0.041666666666666664,0.0,0.0,0.0,0.0,0.041666666666666664,0.0,0.0,0.0,0.0,0.0,0.0,0.0,0.0,0.0,0.0,0.0,0.0,0.0,0.0,0.0,0.0,0.0,0.0,0.0,0.0,0.0,0.0,0.0,0.0,0.0,0.0,0.0,0.0,0.0,0.0,0.0,0.0,0.0,0.0,0.0,0.0,0.0,0.0,0.0,0.0,0.0,0.0,0.0,0.0,0.0,0.0,0.0,0.0,0.0,0.0,0.0,0.0,0.0,0.0,0.0,0.0,0.0,0.0,0.0,0.0,0.0,0.0,0.0,0.0,0.0,0.0,0.0,0.0,0.0,0.0,0.0,0.0,0.0,0.0,0.0,0.0,0.0,0.0,0.0,0.0,0.0,0.0,0.0,0.0,0.0,0.0,0.0,0.0,0.0,0.0,0.0,0.0,0.0,0.0,0.0,0.0,0.0,0.0,0.015151515151515152,0.0,0.0,0.0,0.0,0.0,0.0,0.0,0.0,0.0,0.0,0.0,0.0,0.0,0.0,0.0,0.0,0.0,0.0,0.0,0.0,0.0,0.0,0.0,0.0,0.0,0.0,0.0,0.0,0.0,0.0,0.0,0.0,0.0,0.0,0.0,0.0,0.0,0.0,0.0,0.0,0.0,0.0,0.0,0.0,0.0,0.0,0.0,0.0,0.0,0.0,0.0,0.0,0.0,0.0,0.0,0.0,0.0,0.0,0.0,0.0,0.5257510729613734,0.49425287356321845,0.15821874606442782,0.0,0.0,0.0,0.1856060606060606,0.5833333333333333,0.0,1.0
51,0.041134807350391475,0.03,0.042030594904437425,0.18,0.25,0.45000000000000007,0.3526785714285714,0.5,0.7191011235955056,0.0,0.0,0.00390625,0.0,0.0,0.041666666666666664,0.0,0.0,0.0,0.0,0.0,0.0,0.041666666666666664,0.0,0.0,0.0,0.0,0.0,0.015993265993265993,0.0,0.0,0.0,0.015625,0.00390625,0.0,0.0,0.0,0.0,0.0,0.0,0.0,0.0,0.0,0.0,0.0,0.0,0.0,0.0,0.0,0.0,0.0,0.00390625,0.0,0.008928571428571428,0.0,0.041666666666666664,0.00390625,0.0,0.0,0.0,0.0,0.00390625,0.0,0.0,0.0,0.008928571428571428,0.0,0.0,0.0,0.0,0.0,0.017857142857142856,0.0,0.0,0.0,0.0,0.0,0.0,0.0,0.0,0.0,0.0,0.0,0.0,0.0,0.0,0.017857142857142856,0.0,0.0,0.0,0.0,0.0,0.0,0.0,0.00390625,0.0,0.015625,0.0,0.0,0.015625,0.0,0.0,0.0,0.0,0.0,0.0,0.0,0.0,0.0,0.022486772486772486,0.0,0.0,0.0,0.0,0.0,0.008928571428571428,0.0,0.0,0.0,0.0,0.0,0.0,0.02416087962962963,0.017857142857142856,0.0,0.0,0.0,0.0,0.0,0.0,0.03308945105820106,0.017857142857142856,0.0,0.0,0.0,0.0,0.0,0.0,0.008928571428571428,0.0,0.0,0.0,0.0,0.041666666666666664,0.0,0.0,0.0,0.0,0.0,0.0,0.0,0.0,0.0,0.0,0.0,0.0,0.0,0.0,0.0,0.041666666666666664,0.0,0.0,0.0,0.0,0.017857142857142856,0.0,0.0,0.0,0.0,0.0,0.041666666666666664,0.0,0.0,0.0,0.0,0.0,0.041666666666666664,0.0,0.0,0.015993265993265993,0.0,0.0,0.0,0.01953125,0.0,0.00390625,0.00390625,0.0,0.0,0.0,0.015625,0.0,0.0,0.0,0.008928571428571428,0.0,0.017857142857142856,0.0,0.041666666666666664,0.0,0.0,0.0,0.01953125,0.0078125,0.33476394849785407,0.29022988505747127,0.13173713171023477,0.0,0.15865384615384615,0.05805914653730261,0.0,0.5625,0.125,0.625
95,0.032340344090256275,0.03,0.03285623940864943,0.14,0.05936073059365299,0.7077625570776257,0.5430528375733855,0.49356579493565794,0.6429634190139037,0.00018264840182648402,0.0009873941380790696,0.0014191714524857254,0.0024827181195586907,0.0024429863269508716,0.002787591317178256,0.011227045081682058,0.0019201498653553448,0.0037355316688252958,0.0018619128208169306,0.003497137058780894,0.003094208123047344,0.004144181541441815,0.0,0.00011708230886313078,0.0008393768466290626,0.01038424150833498,0.00041589768916846457,0.007113664390865733,0.0033605560192686425,0.0006198475175106925,0.002751664962340447,0.0014205986808726535,0.0015977191164858156,0.0007725191575227624,0.001141552511415525,0.002643595289593848,0.0007490292899138586,0.000380517503805175,0.005299110415951673,0.00784087386531062,0.000337555850149752,0.00032615786040443573,0.0010273972602739727,0.0012664088337972562,0.0031023010475065265,0.0004566210045662101,0.004622407019667293,0.0,0.004142561419762761,0.0016020106672806108,0.0006517262453919428,0.0008598707228844216,0.01215410861336911,0.0037290715372907154,0.00026860059092130003,0.0009961899832123336,0.0,0.005011938812461118,0.004470299537542306,0.0025128904580959377,0.009986923274594509,0.0005539887187751814,0.002914513188485791,0.003926810537702204,0.0020425226236096762,0.0002997307106896148,0.0015498221938493894,0.00228310502283105,0.00032615786040443573,0.006823172350972512,0.0020982468730193797,0.002263337879776236,0.0064575832900754795,0.006347417573782203,0.0,0.00018264840182648402,0.0028212654924983692,0.004141771023318162,0.001141552511415525,0.0030902439846839523,0.0012000621921081488,0.00044608359676852826,0.0001985308715505261,0.004424193347197599,0.0019751448687845667,0.0009622976420993078,0.00422853589469865,0.000337555850149752,0.0020183570868502376,0.0010781329274479959,0.0030357467075751766,0.004172611344247122,0.0017005754385024526,0.00032615786040443573,0.0004566210045662101,0.003031578197953404,0.01091311082447263,0.004934634709010213,0.005064174141092063,0.002363236129109035,0.0,0.000956288342133091,0.0002403268445085316,0.0013171759747102212,0.0005798361962745524,0.004202474339460641,0.0006292859364003862,0.0014787055187155769,0.0009971162372187357,0.0001422804579445437,0.00041511000415110004,0.0013698630136986301,0.007770237650178718,0.0,0.0010519643585302537,0.0009717516898250437,0.0,0.00015220700152207,0.0,0.006305787142166897,0.00021743857360295715,0.0019312965139979535,0.0021297182455145445,0.00020755500207555002,0.004031821134963762,0.0002403268445085316,0.0008877249529948965,0.004813035767507162,0.0002569306222274259,0.0014351629611554465,0.000344742353874774,0.0009567297238530114,0.0005089274354298316,0.0026798074340378935,0.0,0.00076103500761035,0.0004819888381532217,0.0001863403794377745,0.010328774419793874,0.00031985529305362533,0.00102963559853165,0.0017741010891695822,0.005294579178543724,0.0020993210744315724,0.0009310831228639448,0.0050982711740165405,0.0033578018390406717,0.002598287121129791,0.001436837615640788,0.003968253968253968,0.0011051150777178175,0.004393957133683161,0.0014030048608042421,0.0003453928111462358,0.0003766738926556278,0.0012221973865809484,0.004844476097755025,0.00035124692658939234,0.0014927994380049174,0.0008601743620192241,0.0005797101449275362,0.0004800374663388362,0.00022831050228310504,0.0017177293692142044,0.002246311846377186,0.003984752315492264,0.00950161485756792,0.002647681093919296,0.0008819885863633102,0.0018610765186107654,0.0018502085913765798,0.01171583688972043,0.0006253722453841571,0.0018135588770475746,0.00013430029546065002,0.0,0.0003756076005302696,0.00506403126485108,0.0025415517484731615,0.0,0.00018264840182648402,0.0,0.008060687810147075,0.0,0.0027131372820333338,0.004120998239573971,0.0021028900964436825,0.004829379144447637,0.0018189572984093534,0.005641233036064475,0.004667178531634192,0.0036995768791010315,0.0029551516707091766,0.0029709635874019436,0.00425414633714392,0.00046101159114857746,0.002860123244280481,0.0039295238397809166,0.0009224666758913334,0.0005000542916088032,0.0009096928022411361,0.009234465384712074,0.002530346516118484,0.2730123268073765,0.25476302944418205,0.15098653056531341,0.013006780130067801,0.00965929048120829,0.04590503915072947,0.023506661521386318,0.4792626728110599,0.2420091324200913,0.3881278538812785
143,0.03466034508674532,0.02,0.03486666671943379,0.1,0.08510638297866535,0.8382978723404256,0.479483282674772,0.4932301740812379,0.5713602677504184,0.0,0.00578514275322786,0.0,0.002364066193853428,0.0,0.0,0.0,0.0,0.0,0.002127659574468085,0.0,0.002127659574468085,0.0016366612111292963,0.0,0.0,0.0007336757153338225,0.01193853427895981,0.0,0.00303951367781155,0.0,0.0,0.0,0.0,0.0,0.0,0.0,0.0,0.0,0.002127659574468085,0.0,0.002127659574468085,0.0,0.0,0.0,0.001182033096926714,0.005330514639025277,0.0,0.0,0.005330514639025277,0.00303951367781155,0.0,0.0016366612111292963,0.0,0.002364066193853428,0.0,0.0,0.0,0.0,0.0,0.0029664484451718495,0.0029664484451718495,0.0,0.0,0.0,0.004955222490072086,0.0,0.0,0.0,0.0,0.0,0.004676174888940846,0.005716741886954653,0.0,0.0,0.01152482269503546,0.0,0.0007336757153338225,0.0,0.0032733224222585926,0.0,0.0054035798716649775,0.0,0.0,0.0,0.00303951367781155,0.0,0.0,0.01276595744680851,0.0,0.0,0.004000727404982724,0.0,0.0013297872340425532,0.0007336757153338225,0.0,0.002364066193853428,0.0013297872340425532,0.006501182033096927,0.0,0.002127659574468085,0.0032733224222585926,0.0,0.0,0.0,0.0,0.0,0.0,0.0,0.0019342359767891683,0.0,0.0,0.0,0.0,0.0,0.0,0.0,0.0,0.0,0.0,0.0,0.002364066193853428,0.0,0.0,0.002364066193853428,0.0,0.0035460992907801418,0.0,0.0,0.0,0.0019342359767891683,0.0019342359767891683,0.0,0.0,0.0,0.0,0.0016366612111292963,0.0038684719535783366,0.0,0.0,0.0,0.0,0.0,0.0016366612111292963,0.010915945756371287,0.00303951367781155,0.0,0.0,0.00303951367781155,0.0,0.0026595744680851063,0.0034574468085106385,0.0,0.0,0.007294832826747721,0.0,0.001519756838905775,0.0,0.002127659574468085,0.0,0.0,0.0,0.0,0.0,0.0,0.0,0.0,0.0016366612111292963,0.0,0.004559270516717325,0.0,0.0016366612111292963,0.0,0.006501182033096927,0.0,0.0,0.0,0.0,0.0,0.002127659574468085,0.0,0.0,0.002364066193853428,0.0,0.009972061035890824,0.0,0.008778455586966225,0.0026595744680851063,0.0,0.0016366612111292963,0.0,0.0026595744680851063,0.0028613352898019073,0.00818048422597212,0.00303951367781155,0.0,0.0020634629493763755,0.0,0.0,0.0,0.0,0.0060059621229834,0.00303951367781155,0.0,0.0,0.20409095059811888,0.1809733431156762,0.15243983416727258,0.019342359767891684,0.0630114566284779,0.0689225283706533,0.009858935390850285,0.46099290780141844,0.19148936170212766,0.3191489361702128
199,0.1101533389066516,0.01,0.11492599807030637,0.01,0.33333333333325754,0.7666666666666667,0.7738095238095238,0.7121212121212122,0.5767790262172285,0.0,0.0,0.0,0.0,0.0,0.0,0.0,0.0,0.0,0.0,0.0,0.0,0.0,0.0,0.0,0.0,0.0,0.0,0.0,0.0,0.0,0.0,0.0,0.0,0.0,0.0,0.0,0.0,0.0,0.0,0.0,0.0,0.0,0.0,0.0,0.0,0.0,0.0,0.0,0.0,0.0,0.0,0.0,0.0,0.0,0.0,0.0,0.0,0.0,0.0,0.0,0.0,0.0,0.0,0.0,0.0,0.0,0.0,0.0,0.0,0.0,0.0,0.0,0.0,0.0,0.0,0.0,0.0,0.0,0.0,0.0,0.0,0.0,0.0,0.0,0.0,0.0,0.0,0.0,0.0,0.0,0.0,0.0,0.0,0.0,0.0,0.0,0.0,0.0,0.0,0.0,0.0,0.0,0.0,0.0,0.0,0.0,0.0,0.0,0.0,0.0,0.0,0.0,0.0,0.0,0.0,0.0,0.0,0.0,0.0,0.0,0.0,0.0,0.0,0.0,0.0,0.0,0.0,0.0,0.0,0.0,0.0,0.0,0.0,0.0,0.0,0.0,0.0,0.0,0.0,0.0,0.0,0.0,0.0,0.0,0.0,0.0,0.0,0.0,0.0,0.0,0.0,0.0,0.0,0.0,0.0,0.0,0.0,0.0,0.0,0.0,0.0,0.0,0.0,0.0,0.0,0.0,0.0,0.0,0.0,0.0,0.0,0.0,0.0,0.0,0.0,0.0,0.0,0.0,0.0,0.0,0.0,0.0,0.0,0.0,0.0,0.0,0.0,0.0,0.0,0.0,0.0,0.0,0.0,0.0,0.0,0.0,0.0,0.0,0.0,0.0,0.0,0.0,0.0,0.21459227467811157,0.13793103448275862,0.2512656164805307,0.06060606060606061,0.0,0.021522733387140166,0.0,0.611111111111111,0.3333333333333333,0.0
76,0.008979579157396124,0.02,0.008811845374394596,0.05,1.0,0.1,0.3214285714285714,0.09090909090909091,0.0,0.0,0.0,0.0,0.0,0.0,0.0,0.0,0.0,0.0,0.0,0.0,0.0,0.0,0.0,0.0,0.0,0.0,0.0,0.0,0.0,0.0,0.0,0.0,0.0,0.0,0.0,0.0,0.0,0.0,0.0,0.0,0.0,0.0,0.0,0.0,0.0,0.0,0.0,0.0,0.0,0.0,0.0,0.0,0.0,0.0,0.0,0.0,0.0,0.0,0.0,0.0,0.0,0.0,0.0,0.0,0.0,0.0,0.0,0.0,0.0,0.0,0.0,0.0,0.0,0.0,0.0,0.0,0.0,0.0,0.0,0.0,0.0,0.0,0.0,0.0,0.25,0.0,0.0,0.0,0.0,0.0,0.0,0.0,0.0,0.0,0.0,0.0,0.0,0.0,0.0,0.0,0.0,0.0,0.0,0.0,0.0,0.0,0.0,0.0,0.0,0.0,0.0,0.0,0.0,0.0,0.0,0.0,0.0,0.0,0.0,0.0,0.0,0.0,0.0,0.0,0.0,0.0,0.0,0.0,0.0,0.0,0.0,0.0,0.0,0.0,0.0,0.0,0.0,0.0,0.0,0.0,0.0,0.0,0.0,0.0,0.0,0.0,0.0,0.0,0.0,0.0,0.0,0.0,0.0,0.0,0.0,0.0,0.0,0.0,0.0,0.0,0.0,0.0,0.0,0.0,0.0,0.0,0.0,0.0,0.0,0.0,0.0,0.0,0.0,0.0,0.0,0.0,0.0,0.0,0.0,0.0,0.0,0.0,0.0,0.0,0.0,0.0,0.0,0.0,0.0,0.0,0.0,0.0,0.0,0.0,0.0,0.0,0.0,0.0,0.0,0.0,0.0,0.0,0.0,0.07725321888412018,0.06896551724137931,0.12285220282649689,0.0,0.0,0.0,0.0,0.3333333333333333,0.0,1.0
41,0.019119925834752725,0.05,0.021022421013556135,0.27,0.4615384615385665,0.42307692307692313,0.4230769230769231,0.6433566433566433,0.5479688850475366,0.008547008547008546,0.0,0.0,0.0,0.0,0.0,0.0,0.0,0.007692307692307693,0.0,0.0,0.0,0.008547008547008546,0.0,0.0,0.007692307692307693,0.01623931623931624,0.0,0.008547008547008546,0.0,0.0,0.010989010989010988,0.0,0.0,0.0,0.0,0.0,0.0,0.0,0.01623931623931624,0.0,0.0,0.0,0.007692307692307693,0.0,0.0,0.0,0.003663003663003663,0.002958579881656805,0.010989010989010988,0.0,0.0,0.0,0.0,0.0,0.0,0.0,0.003663003663003663,0.0,0.002958579881656805,0.0,0.0,0.0,0.0,0.0,0.0,0.0,0.0,0.003663003663003663,0.008547008547008546,0.01554001554001554,0.0,0.0,0.00591715976331361,0.0,0.0,0.0,0.017094017094017092,0.0,0.0,0.0,0.0,0.0,0.0,0.015384615384615385,0.0,0.0,0.007326007326007326,0.0,0.0,0.0,0.003663003663003663,0.0,0.007692307692307693,0.010989010989010988,0.0,0.0,0.007692307692307693,0.0,0.0,0.0,0.0,0.0,0.0,0.003663003663003663,0.0,0.0,0.0,0.017422748191978962,0.00591715976331361,0.0,0.0,0.0,0.0,0.0,0.0,0.0,0.0,0.0,0.0,0.0,0.0,0.0,0.0,0.0,0.0,0.0,0.0,0.0,0.00591715976331361,0.00591715976331361,0.0,0.0,0.0,0.0,0.0,0.0,0.0,0.0,0.0,0.003663003663003663,0.0,0.0,0.01554001554001554,0.015384615384615385,0.0,0.0,0.0,0.0,0.0,0.003663003663003663,0.0,0.0,0.007692307692307693,0.023931623931623933,0.0,0.0,0.0,0.0,0.0,0.0,0.0,0.0,0.015384615384615385,0.0,0.0,0.0,0.0,0.009580163426317272,0.0,0.008547008547008546,0.0,0.0199023199023199,0.0,0.0,0.0,0.0,0.0,0.0,0.0,0.0,0.0,0.0,0.0,0.003663003663003663,0.00591715976331361,0.0,0.0,0.007692307692307693,0.0,0.0,0.018315018315018312,0.010989010989010988,0.015384615384615385,0.0,0.00591715976331361,0.0,0.003663003663003663,0.0,0.0,0.00591715976331361,0.0,0.0,0.0,0.22878837900297125,0.21927497789566755,0.12865116461482262,0.004662004662004662,0.0,0.010585295930123516,0.013609467455621303,0.3589743589743589,0.07692307692307693,0.3076923076923077
113,0.012254282495967604,0.06,0.013934477482818366,0.25,0.10588235294108017,0.783529411764706,0.4605042016806723,0.5438502673796791,0.6855254461335096,0.000980392156862745,0.0024509803921568627,0.0029411764705882353,0.0,0.005392156862745098,0.01302594722099366,0.008354341736694677,0.0005347593582887701,0.004728506787330317,0.006923142217259863,0.00392156862745098,0.0,0.0005347593582887701,0.0036414565826330533,0.0,0.014694948154700476,0.0032913165266106443,0.0,0.002299867315347191,0.0,0.0,0.0005347593582887701,0.0001547987616099071,0.0,0.00432743726861374,0.0,0.0,0.0,0.00130718954248366,0.0007352941176470588,0.0056346268110973995,0.0,0.0,0.000980392156862745,0.0,0.009567561258232951,0.001680672268907563,0.001680672268907563,0.007689094531199794,0.001680672268907563,0.0,0.0010249554367201426,0.0,0.004621848739495798,0.0,0.0,0.001384083044982699,0.0012468030690537084,0.000980392156862745,0.00040567951318458417,0.010208586899258592,0.01782704360331386,0.0,0.0,0.013492800629023537,0.0,0.0,0.0010695187165775401,0.0,0.0,0.0,0.0,0.0,0.005392156862745098,0.0,0.0,0.0,0.002299867315347191,0.0,0.0,0.004086169584890813,0.0,0.0,0.0,0.002299867315347191,0.003257918552036199,0.0,0.0023529411764705885,0.0,0.0010695187165775401,0.0007352941176470588,0.0,0.0,0.003422459893048128,0.0030303030303030303,0.0009049773755656109,0.0001547987616099071,0.007604323780794368,0.0,0.004565108094519859,0.0,0.0,0.0001547987616099071,0.0,0.0,0.0,0.00782448201952846,0.0,0.0008403361344537815,0.001680672268907563,0.0005347593582887701,0.0010695187165775401,0.0023529411764705885,0.0014705882352941176,0.0,0.0,0.002287581699346405,0.0,0.0,0.0014919011082693949,0.0,0.0,0.004621848739495798,0.0,0.0,0.0,0.0,0.007102760836776182,0.0,0.0007739938080495355,0.0032776911669645235,0.0,0.001680672268907563,0.0,0.0,0.0,0.0015970188980569606,0.0,0.0,0.001680672268907563,0.0,0.0,0.0031811922093252015,0.00992063492063492,0.007254901960784314,0.0,0.0014705882352941176,0.0,0.002049910873440285,0.0,0.004097536450477627,0.0010695187165775401,0.0056360821840698,0.0024509803921568627,0.0006920415224913495,0.0,0.0010695187165775401,0.006615018967960145,0.0,0.0,0.0,0.0,0.0,0.0,0.0,0.000980392156862745,0.0,0.002585649644473174,0.0014705882352941176,0.0,0.0005347593582887701,0.0,0.009489693313222726,0.0,0.003823529411764706,0.0,0.0,0.0058823529411764705,0.0056346268110973995,0.0,0.0,0.0023755656108597287,0.0,0.014904779079970896,0.0023529411764705885,0.00224201373809824,0.002049910873440285,0.0,0.00783453732370141,0.0,0.002359508396660099,0.0,0.0,0.0006920415224913495,0.0,0.0072276278932625684,0.0,0.0,0.001059776137175518,0.00432743726861374,0.006784117155634183,0.0,0.015550377201260464,0.0029411764705882353,0.23660691744508963,0.22961460446247464,0.13616649371094808,0.037076648841354726,0.009954751131221719,0.014443924167102086,0.05749744245700079,0.484313725490196,0.27058823529411763,0.36470588235294116
152,0.1472428337780288,0.02,0.14957579192235634,0.21,0.5,0.525,0.39285714285714285,0.36363636363636365,0.9157303370786516,0.006944444444444444,0.0,0.0,0.006944444444444444,0.0,0.0030120481927710845,0.0030120481927710845,0.0,0.0,0.0,0.0,0.0,0.0,0.0,0.0,0.0030120481927710845,0.0,0.0,0.0,0.0,0.0,0.0,0.0,0.0,0.0,0.0,0.0,0.0,0.0,0.0,0.0,0.0,0.0,0.0,0.0,0.006756756756756757,0.0,0.0,0.0,0.0,0.006944444444444444,0.0,0.0,0.0030120481927710845,0.0,0.0,0.0,0.0,0.006944444444444444,0.0,0.0,0.0,0.006756756756756757,0.0,0.0030120481927710845,0.0,0.0,0.0,0.0,0.0,0.006944444444444444,0.04064173360107095,0.0,0.0,0.015625,0.0,0.0,0.0,0.0,0.0,0.0,0.0,0.0,0.0,0.0030120481927710845,0.0,0.0,0.0,0.0,0.0,0.0,0.0,0.0030120481927710845,0.0,0.0,0.0,0.0,0.0,0.015625,0.0,0.0,0.0,0.0,0.0,0.0,0.0,0.0,0.0,0.0,0.0,0.0,0.0,0.0,0.0,0.0,0.0,0.0,0.0,0.0,0.0,0.0,0.0,0.0,0.009036144578313253,0.0,0.0,0.0,0.0,0.0,0.0,0.0,0.0,0.015625,0.0,0.0,0.0,0.006944444444444444,0.006944444444444444,0.0,0.0,0.0,0.0,0.0,0.0,0.0030120481927710845,0.0,0.0,0.0,0.0,0.0,0.0,0.0,0.0,0.006944444444444444,0.0030120481927710845,0.0,0.0,0.0,0.0,0.0,0.0,0.0,0.0,0.0030120481927710845,0.018072289156626505,0.0030120481927710845,0.0,0.0,0.0,0.0,0.0,0.0,0.0,0.0,0.0,0.0,0.0,0.0,0.0,0.0,0.0,0.0,0.0,0.03909500615072904,0.0,0.0,0.0,0.0,0.0,0.006944444444444444,0.0,0.0,0.0,0.0030120481927710845,0.0,0.0,0.0,0.0,0.006944444444444444,0.0,0.0,0.0,0.0,0.0,0.9313304721030042,0.9655172413793104,0.11080063538205576,0.0,0.0,0.03844429213352115,0.11828677321900213,0.16666666666666666,0.0,0.5
78,0.0021131368376568734,0.03,0.0019471067655628047,0.01,0.06382978723399901,0.7702127659574469,0.4878419452887538,0.4796905222437137,0.6732010518766436,0.0,0.0,0.00303951367781155,0.0,0.0,0.0013297872340425532,0.0,0.0,0.0007598784194528875,0.0026595744680851063,0.0,0.0,0.0,0.0,0.0,0.0,0.0018536428110896197,0.0,0.0020896656534954406,0.0,0.0,0.005319148936170213,0.0,0.0,0.0,0.0,0.001519756838905775,0.0,0.0026595744680851063,0.0,0.0,0.0,0.0,0.0,0.0,0.010622179239200516,0.0,0.0,0.0012515644555694619,0.0,0.0,0.004791040231416283,0.002364066193853428,0.0,0.0,0.0,0.0,0.0,0.0074974670719351565,0.0,0.008929722759509992,0.00303951367781155,0.0,0.0,0.0017730496453900709,0.0017463690077713422,0.0,0.0008865248226950354,0.0,0.005319148936170213,0.0017463690077713422,0.0,0.0,0.0,0.0,0.0,0.0004948045522018802,0.0,0.005023640661938534,0.003102836879432624,0.008551554828150574,0.00353431823001343,0.0,0.0,0.0,0.0,0.00303951367781155,0.0,0.0012515644555694619,0.0,0.0017730496453900709,0.00303951367781155,0.003926038500506586,0.0,0.0,0.0,0.00977710233029382,0.0,0.0,0.0026595744680851063,0.0,0.0,0.0,0.0,0.0,0.002364066193853428,0.0008865248226950354,0.00538868029481296,0.004905905573891719,0.001519756838905775,0.001519756838905775,0.0,0.0,0.005050956552833899,0.0,0.0004948045522018802,0.0035460992907801418,0.0,0.0,0.0,0.0014184397163120566,0.0,0.00303951367781155,0.0,0.0,0.0060790273556231,0.0,0.003102836879432624,0.0012515644555694619,0.003839153177352089,0.00303951367781155,0.0,0.0035460992907801418,0.0,0.0004948045522018802,0.0,0.005319148936170213,0.0,0.00303951367781155,0.004728132387706856,0.0,0.0,0.00425531914893617,0.0025031289111389237,0.0,0.0,0.0,0.0,0.0,0.0014184397163120566,0.0056990881458966565,0.0,0.0,0.0009671179883945841,0.0,0.0,0.0,0.0013297872340425532,0.0,0.0,0.0,0.0,0.0,0.0,0.0,0.0007598784194528875,0.0,0.004728132387706856,0.0007598784194528875,0.0,0.0,0.0,0.0013297872340425532,0.0,0.0,0.0,0.0,0.013079039580916928,0.002364066193853428,0.0020896656534954406,0.0,0.005506883604505633,0.0,0.011229314420803783,0.0034574468085106385,0.0,0.0014184397163120566,0.0,0.0035194186531614124,0.0,0.006737588652482269,0.0,0.00303951367781155,0.0,0.0,0.0060790273556231,0.0007598784194528875,0.0,0.0009896091044037604,0.0,0.005547800134783865,0.0012515644555694619,0.0022796352583586625,0.0060790273556231,0.25075335585791253,0.22792858889704085,0.17167887180300828,0.02321083172147002,0.027004909983633387,0.04075268461966656,0.010418529113773169,0.4964539007092198,0.2765957446808511,0.44680851063829785
147,0.07215484340376785,0.02,0.07325870479407762,0.1,0.11764705882342241,0.7411764705882354,0.5462184873949579,0.7807486631016043,0.6503635161929939,0.0,0.0,0.0,0.0,0.0,0.0,0.0,0.0,0.014705882352941176,0.0,0.0,0.0,0.0,0.0,0.0,0.0,0.0065359477124183,0.0,0.0196078431372549,0.0,0.0,0.0,0.0,0.0,0.0,0.0,0.0,0.0,0.0,0.0,0.0,0.0,0.0,0.0,0.0,0.0,0.0,0.0065359477124183,0.0,0.0,0.0,0.0,0.0,0.0,0.0,0.0,0.0,0.0,0.0,0.0,0.0,0.0,0.0,0.0,0.0,0.0,0.0,0.0,0.0,0.0,0.0,0.0,0.0,0.0,0.0,0.0,0.0,0.0,0.0,0.0,0.0,0.0,0.0,0.0,0.0,0.0,0.014705882352941176,0.0,0.0,0.0,0.0,0.0065359477124183,0.0,0.0,0.0,0.0,0.0,0.0,0.0,0.0,0.0,0.0,0.0,0.0,0.0065359477124183,0.0,0.0,0.0,0.0,0.0,0.0,0.0,0.0,0.029411764705882353,0.0,0.0,0.0,0.0,0.0,0.0,0.0,0.0,0.0,0.0,0.0,0.0,0.0,0.0,0.0,0.0,0.0,0.0,0.0,0.0,0.0,0.0,0.0,0.0,0.0,0.0,0.0065359477124183,0.0,0.0,0.0,0.0,0.0,0.0,0.0,0.0,0.0,0.0,0.0,0.011764705882352941,0.0,0.0,0.0,0.0,0.0,0.0,0.0,0.0,0.0,0.0,0.0,0.0,0.0,0.0,0.0,0.0,0.0,0.0,0.0,0.0,0.0,0.0,0.0,0.0,0.0,0.0,0.0196078431372549,0.0,0.0,0.0,0.0,0.0,0.0,0.0,0.0,0.0,0.0,0.0065359477124183,0.0,0.0,0.0196078431372549,0.0,0.0,0.0,0.0065359477124183,0.0,0.0,0.0,0.0,0.0065359477124183,0.0,0.13885382479171926,0.10953346855983773,0.17696376132013475,0.0677361853832442,0.0746606334841629,0.12517431744348517,0.0065359477124183,0.48039215686274506,0.17647058823529413,0.0
26,0.024451046353047838,0.03,0.024749626606659893,0.16,0.24242424242424931,0.6545454545454547,0.44913419913419916,0.3071625344352617,0.5822267620020429,0.003367003367003367,0.0,0.0,0.004329004329004329,0.0025813692480359147,0.0,0.0011655011655011655,0.0,0.00172666839333506,0.003892513653279203,0.0013381680048346715,0.0032959464777646596,0.0,0.0,0.0,0.0,0.001983848369390538,0.0027548209366391185,0.0023723487578909265,0.002810000331906137,0.0027548209366391185,0.0,0.000777000777000777,0.0007301935012778386,0.002864361109975145,0.0014473478328900014,0.0006313131313131313,0.0,0.00039872408293460925,0.0013426138571882838,0.006193151611811899,0.0003650967506389193,0.0009598913107685037,0.0010822510822510823,0.0,0.011363636363636364,0.0005509641873278236,0.0016391990076200602,0.0,0.0021645021645021645,0.0009598913107685037,0.0,0.0,0.0,0.004310569812962158,0.0,0.0,0.0,0.0003650967506389193,0.0,0.007575757575757576,0.01078904184492923,0.0,0.004329004329004329,0.003620607787274454,0.0014029180695847362,0.0,0.0011376927166400852,0.0,0.0,0.00039872408293460925,0.0011757248599353863,0.0,0.001324988061407423,0.006222943722943723,0.0,0.0,0.0008417508417508417,0.0,0.0009775171065493646,0.0005611672278338944,0.0,0.0007638208335735286,0.0,0.001459399186671914,0.002332728999395666,0.0005411255411255411,0.006222943722943723,0.0,0.001308632887580256,0.0012618256118573177,0.0008417508417508417,0.003787878787878788,0.0033608815426997246,0.002247752247752248,0.0005509641873278236,0.0018592518592518593,0.0037384770179585804,0.007141217368490095,0.006250495177927395,0.0,0.0,0.0,0.0033608815426997246,0.0008417508417508417,0.0,0.006152126447825373,0.0,0.007506543164437902,0.0031673881673881673,0.0009062222917644604,0.0005316321105794789,0.0008417508417508417,0.0,0.0,0.0010822510822510823,0.0,0.0014029180695847362,0.0,0.0010822510822510823,0.004059767311338188,0.0,0.00039872408293460925,0.0015744489428699954,0.0,0.004694101079643249,0.0,0.0,0.003153545019573728,0.007930098859077934,0.003566112250322777,0.0,0.004329004329004329,0.0,0.0014670251252945667,0.0,0.005277777777777778,0.0009775171065493646,0.0005411255411255411,0.008183442613267174,0.0007974481658692185,0.0,0.0,0.004186602870813396,0.0003650967506389193,0.0009775171065493646,0.000916060937966743,0.0011289175842124478,0.001914693493640862,0.0003650967506389193,0.0006313131313131313,0.001308632887580256,0.005518257392903686,0.007426285835376745,0.0,0.0,0.001308632887580256,0.003860770991927196,0.0,0.00039872408293460925,0.0,0.0,0.0011961722488038277,0.0008417508417508417,0.0011757248599353863,0.002798716435080071,0.0,0.008183442613267174,0.0,0.0009062222917644604,0.0,0.0,0.0028202033724122077,0.0,0.0,0.0,0.0,0.0,0.013374365459692414,0.00172666839333506,0.0,0.003787878787878788,0.00039872408293460925,0.008703636578437217,0.0008417508417508417,0.0060185185185185185,0.0,0.0014473478328900014,0.006235270950754277,0.0,0.0,0.0009182736455463728,0.0009182736455463728,0.001929321999074694,0.004069605957540471,0.0007638208335735286,0.0015006524575902566,0.0016391990076200602,0.005531505531505531,0.003035301280915316,0.0011655011655011655,0.00172666839333506,0.008885260759907053,0.00039872408293460925,0.5458447132266875,0.5607802159526297,0.12447749786724582,0.014692378328741967,0.782051282051282,0.08433394932690177,0.0772720459194074,0.390625,0.18181818181818182,0.6060606060606061
241,0.0892456052991421,0.01,0.0893080884872959,0.02,0.2941176470587834,0.7411764705882354,0.6491596638655461,0.660427807486631,0.6582947785855915,0.0,0.0,0.0,0.0,0.0,0.0,0.0,0.0,0.0,0.0,0.0,0.0,0.0,0.0,0.0,0.0,0.004901960784313725,0.0,0.0,0.0,0.0,0.0,0.0,0.0,0.0,0.0,0.0,0.0,0.0,0.0,0.0,0.0,0.0,0.0,0.0,0.0,0.0,0.0,0.0,0.0,0.0,0.027406051339824575,0.0,0.0,0.0,0.0,0.0,0.0,0.0,0.0,0.0,0.003676470588235294,0.0,0.0,0.0,0.0,0.0,0.0,0.003676470588235294,0.0,0.014860681114551084,0.004901960784313725,0.0,0.0,0.0,0.0,0.0,0.0,0.00619618572463185,0.0,0.0,0.0,0.0,0.0,0.0,0.0,0.0,0.0,0.0,0.0,0.0,0.0,0.00980392156862745,0.0,0.0,0.0,0.0,0.0,0.0,0.003095975232198142,0.0,0.0,0.0,0.0,0.0,0.0,0.0,0.0,0.0,0.0,0.0,0.0,0.0,0.0,0.0,0.02257785467128028,0.0,0.0,0.0,0.0,0.0,0.0,0.0,0.004901960784313725,0.00980392156862745,0.0,0.0,0.0,0.0,0.0,0.0,0.0,0.003095975232198142,0.0,0.0,0.0,0.0,0.0,0.0,0.003095975232198142,0.0,0.0,0.0,0.0,0.0,0.0,0.0,0.0,0.003676470588235294,0.0,0.0,0.0,0.003676470588235294,0.0,0.0,0.0,0.0,0.0,0.0,0.003095975232198142,0.0,0.0,0.0,0.0,0.004901960784313725,0.0,0.0,0.0,0.0013679890560875513,0.0,0.0,0.0,0.0,0.0,0.0,0.0,0.0,0.0,0.0,0.003676470588235294,0.0,0.0,0.0,0.0013679890560875513,0.003095975232198142,0.0,0.0,0.0,0.032381776239907734,0.0,0.0,0.0,0.0,0.0,0.0,0.0,0.0,0.0,0.015441176470588236,0.0,0.0,0.0,0.0,0.0,0.26432719010350925,0.22582826233941855,0.2471899325620056,0.1532976827094474,0.024886877828054297,0.08181459732704896,0.03686474037619464,0.5784313725490196,0.29411764705882354,0.35294117647058826
164,0.011725756594814762,0.03,0.012097390164578012,0.1,0.12745098039226832,0.6921568627450981,0.5010504201680672,0.34893048128342247,0.6997135933024896,0.0014119322942852354,0.0039053673111644127,0.0015697945845004667,0.001616336660141416,0.0021854575163398693,0.001565858599106681,0.011626025828391557,0.0007520053475935829,0.0012834224598930483,0.003679260549690693,0.0028273809523809523,0.000392156862745098,0.0,0.0017148850559034342,0.0014005602240896359,0.0023775928899268557,0.004110831554936827,0.0,0.002781921947522971,0.000392156862745098,0.0,0.0,0.0,0.0007002801120448179,0.0009124862066038536,0.0,0.0011437908496732025,0.00044563279857397507,0.0008439273145155498,0.0028458150261219312,0.0016609207785678376,0.0,0.0,0.0,0.004238041370394312,0.0024415080041678507,0.005165912518853695,0.0010029587282483325,0.0008439273145155498,0.005108782178794967,0.00065359477124183,0.0035276404628493286,0.0,0.006151541813306519,0.000669480755265069,0.0,0.005849147651263234,0.0,0.0037698412698412695,0.0025479422538246064,0.0017082590612002378,0.004645134197469838,0.0,0.0,0.001183525519388897,0.0,0.000326797385620915,0.0009124862066038536,0.0,0.0,0.003796717907877077,0.006394154951471617,0.0016339869281045754,0.0028034397519691636,0.0009034986543637063,0.0,0.0,0.0015291986359761297,0.001984126984126984,0.0,0.004790173771951265,0.0,0.00042625745950554135,0.0,0.0019081565563668895,0.0003770739064856712,0.0031502306805074975,0.000326797385620915,0.0,0.0021942110177404295,0.0,0.00042625745950554135,0.0028594771241830064,0.0014864742193173564,0.0014731020613373556,0.005165912518853695,0.0006769374416433241,0.0029657454769347353,0.000326797385620915,0.0008439273145155498,0.0008169934640522875,0.0,0.0,0.0,0.00042625745950554135,0.0,0.004509941231394519,0.0008912655971479501,0.004849464261228967,0.006640989729225024,0.00020859407592824363,0.001283846872082166,0.00027233115468409583,0.0008912655971479501,0.0,0.00040849673202614375,0.0,0.0003770739064856712,0.0019805902158843334,0.0021004779348344476,0.0004668534080298786,0.0007541478129713424,0.006676003734827265,0.002782560855448454,0.0016604963663787195,0.003131808278867102,0.0,0.004216258308329919,0.0,0.00624027388733271,0.007131185807656396,0.0,0.0017100632425709826,0.0,0.0,0.0008169934640522875,0.0030255692020397904,0.0004901960784313725,0.0033905228758169936,0.0004809252306123395,0.0010029587282483325,0.0,0.001633986928104575,0.007820818806977976,0.004071350762527234,0.00065359477124183,0.0014359279065161417,0.001252723311546841,0.001283846872082166,0.0027313461616530667,0.0008439273145155498,0.0007936507936507935,0.0026461187793367725,0.004275859323059176,0.0005446623093681917,0.0,0.0021942110177404295,0.0008439273145155498,0.00036310820624546115,0.0,0.0,0.0,0.0005767012687427913,0.001633986928104575,0.00256498719496822,0.0011463046757164406,0.002243489988588028,0.004221855153779863,0.0010893246187363833,0.0007541478129713424,0.0,0.000980392156862745,0.0029657454769347353,0.0,0.0008912655971479501,0.000326797385620915,0.0,0.0005446623093681917,0.0020379946850535083,0.00036310820624546115,0.0,0.0,0.0,0.012152703152521774,0.0006644880174291938,0.0034924226100696686,0.0031901649548708366,0.0,0.006688644880686404,0.0008621888471700737,0.0031901649548708366,0.0,0.0,0.0018654684095860566,0.0,0.0025493710028814394,0.0,0.0010029587282483325,0.0008510348583877995,0.0018674136321195143,0.004099270630067731,0.0,0.006413295940056133,0.0032854808590102712,0.3351847176638896,0.31868379535722335,0.14062524594558906,0.008912655971479501,0.053921568627450976,0.06170448400239074,0.017696519268945582,0.4526143790849673,0.24509803921568626,0.5784313725490197
243,0.03518966996885229,0.03,0.037978871517073194,0.17,0.18000000000006366,0.6286666666666668,0.5240476190476191,0.649090909090909,0.6549812734082396,0.0008888888888888888,0.0010622895622895622,0.0007096171802054154,0.0018892001244942421,0.002479120879120879,0.013234831797895901,0.009994343725059751,0.0013534553228950511,0.00231993931993932,0.0025433978729311087,0.0011726495726495727,0.0004761904761904762,0.006569636990689623,8.032128514056225e-05,0.0007407407407407407,0.009110572552835766,0.0036588290347009432,0.0006957059005251777,0.0009771815158812062,0.0005128205128205128,0.00018518518518518518,0.003398844729365053,0.0002222222222222222,0.0005173189383715699,0.0024233940481080064,0.00017094017094017094,0.0,0.0001388888888888889,0.000661129365948643,0.0026678229178229177,0.0026272180019319604,0.0002380952380952381,0.0005714285714285715,0.0,0.004597664616639949,0.015261379043466444,0.0006143790849673203,0.00130718954248366,0.0033930588413801123,0.003098164811114064,0.0008253968253968254,0.0033660921802086516,0.004648403540044407,0.005422858979071445,0.000654320987654321,0.00040903540903540904,0.0016557324684259669,0.001632194965528299,0.0014363414363414363,0.004549530391635654,0.009343161783143919,0.0061942777353465196,0.0007440395861448493,0.0024722916917963357,0.012017319167587517,0.0004311984781230184,0.0019929718154381515,0.0025055602479212655,0.0004761904761904762,0.0,0.020158783659623526,0.00044891640866873063,0.00014184397163120567,0.0041629031462364794,0.0018034542518413485,0.0,0.0004761904761904762,0.0013791423001949317,0.006213795713154702,0.000130718954248366,0.013319545963349564,0.0009073889543134946,0.0,0.0006060606060606061,0.0030284001531141118,0.001273300062839619,0.0004761904761904762,0.004581463800814602,0.0002380952380952381,0.002629743254457213,0.0005818974054268172,0.0014866767219708396,0.005662833554474422,0.0015012216114165138,0.0021637717975179277,0.000392156862745098,0.00046913580246913576,0.005574888649138212,0.005007146156284192,0.0013976190476190475,0.0032397660818713446,0.0,0.0005499438832772166,0.0,0.0005294117647058823,0.0,0.0015432098765432098,0.0003508771929824561,0.0031930107778507105,0.001219768793298205,0.000130718954248366,0.002432212390259682,0.004055019055019055,0.0046264106264106266,0.0009393939393939395,0.002526790623281851,0.0,0.00017543859649122806,0.0014043806552205206,0.0006220419202163624,0.0004784688995215311,0.0011893939393939393,0.0015207749766573296,0.000392156862745098,0.00022988505747126436,0.0010263592616533794,0.0,0.007073544824384691,0.0002469135802469136,0.0026285263774943855,0.0026903167826088717,0.001706516290726817,0.0025730282789106318,0.0,0.0007914323962516734,0.00014184397163120567,0.002432806882096943,0.00018518518518518518,0.000615079365079365,0.0022374668672541015,0.0003333333333333334,0.0004761904761904762,0.005992786105182035,0.02457930980494153,0.001342105263157895,0.0016786916786916788,0.0018722404770597542,0.0012366462060859344,0.002432212390259682,0.002353303921931373,0.002080246913580247,0.0021852988100127687,0.002673699298413257,0.005294369076587735,0.00017543859649122806,0.0,0.0029260395507535093,0.0024233940481080064,0.0,0.0018893143893143893,0.0,0.0,0.0,0.0006540710751237066,9.80392156862745e-05,0.002310127999943309,0.003506432748538012,0.0019708002005874342,0.0018508771929824559,0.001152069464762963,0.0013917778128304443,0.00014184397163120567,0.006751919461463142,0.0002469135802469136,0.0003888888888888889,0.0,0.0006312576312576312,0.0,0.004071697814058832,0.00039316239316239317,0.001964159668978946,0.0007539682539682539,0.00048821548821548823,0.007418416633938484,0.005388352388352388,0.00592787773956373,0.0,0.0008693528693528692,0.002416578738417819,0.001015873015873016,0.0008612926652142339,0.0002777777777777778,0.0006143790849673203,0.000606811145510836,0.0008716793098319201,0.002626142674529771,0.0,0.0005294117647058823,0.0013274503274503275,0.0024233940481080064,0.0065524865834446595,0.0,0.009605736837809966,0.0009056956115779647,0.4763376251788269,0.43049808429118774,0.15542144059587132,0.08404040404040404,0.07615384615384616,0.04841728985526637,0.034717113096215724,0.3788888888888889,0.12666666666666668,0.19333333333333333
137,0.5827473773470154,0.0,0.5925520791696777,0.0,0.375,0.65,0.625,0.26704545454545453,0.9775280898876404,0.0,0.0,0.0,0.0,0.0,0.0,0.0,0.0,0.0,0.0,0.0,0.0,0.0,0.0,0.0,0.0,0.04117132867132867,0.004807692307692308,0.0,0.0,0.004807692307692308,0.0,0.0,0.0,0.0,0.004807692307692308,0.0,0.0,0.0,0.0,0.0,0.0,0.0,0.025,0.0,0.0,0.0,0.017857142857142856,0.0,0.0,0.0,0.0,0.0,0.0,0.0,0.0,0.0,0.0,0.0,0.0,0.0,0.0,0.004807692307692308,0.0,0.004807692307692308,0.0,0.0,0.0,0.0,0.0,0.0,0.0,0.0,0.0,0.0,0.0,0.0,0.0,0.0,0.0,0.011363636363636364,0.0,0.0,0.0,0.025,0.0,0.0,0.0,0.0,0.0,0.0,0.0,0.0,0.0,0.004807692307692308,0.0,0.0,0.0,0.0,0.0,0.0,0.0,0.0,0.0,0.0,0.0,0.0,0.0,0.0,0.0,0.0,0.0,0.0,0.017857142857142856,0.0,0.0,0.0,0.0,0.0,0.025,0.0,0.0,0.0,0.0,0.0,0.0,0.0,0.0,0.0,0.0,0.0,0.0,0.0,0.0,0.0,0.0,0.0,0.0,0.0,0.0,0.0,0.0,0.0,0.0,0.0,0.0,0.017857142857142856,0.0,0.0,0.011363636363636364,0.0,0.0,0.0,0.04117132867132867,0.0,0.0,0.0,0.0,0.0,0.0,0.0,0.0,0.0,0.0,0.0,0.0,0.0,0.0,0.0,0.0,0.0,0.0,0.0,0.0,0.0,0.0,0.0,0.0,0.0,0.0,0.0,0.0,0.0,0.0,0.0,0.0,0.0,0.004807692307692308,0.0,0.0,0.0,0.017857142857142856,0.0,0.0,0.0,0.0,0.0,0.0,0.0,0.0,0.011363636363636364,0.0,0.009615384615384616,0.0,0.22639484978540772,0.21839080459770113,0.127257850004671,0.030303030303030304,0.0,0.05452348577348577,0.10092407592407593,0.3958333333333333,0.25,0.25
0,0.006562789608124529,0.07,0.006980298603861128,0.31,0.0,0.9,0.8571428571428571,0.13636363636363635,0.0,0.0,0.0,0.0,0.0,0.0,0.0,0.0,0.0,0.0,0.0,0.0,0.0,0.0,0.0,0.0,0.0,0.0,0.0,0.0,0.0,0.0,0.0,0.0,0.0,0.0,0.0,0.0,0.0,0.0,0.0,0.0,0.0,0.0,0.0,0.0,0.0,0.0,0.0,0.0,0.0,0.0,0.0,0.0,0.0,0.0,0.0,0.0,0.0,0.0,0.0,0.0,0.0,0.0,0.0,0.0,0.0,0.0,0.0,0.0,0.0,0.0,0.0,0.0,0.0,0.0,0.0,0.0,0.0,0.0,0.0,0.0,0.0,0.0,0.0,0.0,0.0,0.0,0.0,0.0,0.0,0.0,0.0,0.0,0.0,0.0,0.0,0.0,0.0,0.0,0.0,0.0,0.0,0.0,0.0,0.0,0.0,0.0,0.0,0.0,0.0,0.0,0.0,0.0,0.0,0.0,0.0,0.0,0.0,0.0,0.0,0.0,0.0,0.0,0.0,0.0,0.0,0.0,0.0,0.0,0.0,0.0,0.0,0.0,0.0,0.0,0.0,0.0,0.0,0.0,0.0,0.0,0.0,0.0,0.0,0.0,0.0,0.0,0.0,0.0,0.0,0.0,0.0,0.0,0.0,0.0,0.0,0.0,0.0,0.0,0.0,0.0,0.0,0.0,0.0,0.0,0.0,0.0,0.0,0.0,0.0,0.0,0.0,0.0,0.0,0.0,0.0,0.0,0.0,0.0,0.0,0.0,0.0,0.0,0.0,0.0,0.0,0.0,0.0,0.0,0.0,0.0,0.0,0.0,0.0,0.0,0.0,0.0,0.0,0.0,0.0,0.0,0.0,0.0,0.0,0.05150214592274678,0.04597701149425287,0.10920195806799726,0.18181818181818182,0.0,0.0,0.0,1.0,1.0,1.0
2,0.1309092661328776,0.02,0.13227820198145815,0.12,0.0,0.9600000000000001,0.3071428571428571,0.29090909090909095,0.7640449438202246,0.0,0.0,0.0,0.02417027417027417,0.0,0.0,0.0,0.013793103448275862,0.0,0.009523809523809523,0.0,0.0,0.0,0.0,0.0,0.0,0.0,0.0,0.0,0.0,0.0,0.013793103448275862,0.0,0.0,0.0,0.0,0.0,0.0,0.009523809523809523,0.0,0.009523809523809523,0.0,0.0,0.0,0.0,0.0,0.0,0.0,0.0,0.02417027417027417,0.02417027417027417,0.0,0.0,0.0,0.0,0.0,0.0,0.0,0.0,0.0,0.0,0.006896551724137931,0.0,0.0,0.0,0.0,0.008333333333333333,0.0,0.0,0.0,0.0,0.0,0.0,0.0,0.0,0.0,0.0,0.0,0.0,0.0,0.0,0.0,0.0,0.0,0.0,0.005555555555555555,0.0,0.0,0.0,0.0,0.0,0.0,0.0,0.0,0.006896551724137931,0.0,0.0,0.0,0.0,0.009523809523809523,0.0,0.0,0.0,0.0,0.0,0.0,0.0,0.0,0.0,0.0,0.0,0.0,0.0,0.0,0.0,0.0,0.0,0.0,0.0,0.0,0.0,0.0,0.0,0.0,0.0,0.0,0.0,0.0,0.0,0.005555555555555555,0.0,0.0,0.0,0.0,0.0,0.0,0.0,0.0,0.0,0.0,0.0,0.0,0.0,0.0,0.0,0.02417027417027417,0.0,0.0,0.0,0.0,0.009523809523809523,0.0,0.0,0.0,0.0,0.0,0.0,0.009523809523809523,0.0,0.02417027417027417,0.0,0.0,0.0,0.0,0.0,0.0,0.0,0.0,0.0,0.0,0.0,0.0,0.0,0.0,0.0,0.0,0.0,0.0,0.023316912972085387,0.0,0.0,0.0,0.0,0.023316912972085387,0.0,0.0,0.0,0.0,0.0,0.0,0.0,0.0,0.0,0.0,0.0,0.0,0.0,0.0,0.0,0.0,0.0,0.0,0.006896551724137931,0.0,0.5613733905579399,0.5839080459770115,0.11093525455997189,0.04848484848484849,0.0,0.08748387640820002,0.022126436781609193,0.39999999999999997,0.2,0.8
77,0.27982093941959413,0.01,0.2796116550961562,0.05,0.14583333333325754,0.6979166666666667,0.5126488095238095,0.5075757575757576,0.7036516853932584,0.0,0.0,0.001388888888888889,0.006195259241689507,0.005888209013209013,0.0027388649425287358,0.0046875,0.005208333333333333,0.0013020833333333333,0.008908991228070175,0.0,0.0010964912280701754,0.0020204741379310346,0.0,0.0,0.0043793195108984585,0.014778130151582164,0.0,0.00505952380952381,0.0010964912280701754,0.006944444444444444,0.005208333333333333,0.0,0.0,0.0006720430107526881,0.0013020833333333333,0.0,0.0,0.0,0.011567284169071027,0.009415064102564102,0.0013020833333333333,0.0,0.0010964912280701754,0.0,0.0,0.0,0.0,0.0008333333333333334,0.0046875,0.0023828976034858387,0.003340017825311943,0.0,0.0034722222222222225,0.0,0.0020204741379310346,0.0020016339869281044,0.0,0.004132860040567951,0.001446078431372549,0.0,0.008290675720048785,0.0,0.005230303096396141,0.00210727969348659,0.004519230769230769,0.0,0.0,0.0,0.001388888888888889,0.0037717864923747274,0.007707935019071167,0.0,0.0019148284313725492,0.0,0.0,0.0,0.0020833333333333333,0.001446078431372549,0.0,0.0008333333333333334,0.0,0.004944870857699805,0.0,0.006076388888888888,0.0,0.0013020833333333333,0.0,0.0,0.0,0.0006720430107526881,0.001736111111111111,0.0014367816091954023,0.001893939393939394,0.004166666666666667,0.0,0.0034722222222222225,0.010947835202866163,0.001893939393939394,0.0025845864661654134,0.0008333333333333334,0.001388888888888889,0.001388888888888889,0.0,0.001736111111111111,0.0,0.007780934343434343,0.006969246031746031,0.013891476743643926,0.010999319880898828,0.0013020833333333333,0.0,0.0026041666666666665,0.0026041666666666665,0.0006127450980392157,0.005134680134680135,0.0,0.0020833333333333333,0.0012254901960784314,0.0029904306220095694,0.002135416666666667,0.0013020833333333333,0.0028256704980842914,0.0085412683524045,0.002454501915708812,0.0032750169033130493,0.0,0.004823343079922027,0.001388888888888889,0.01222481007697726,0.010999319880898828,0.0,0.0031230234029095507,0.0,0.0016025641025641027,0.0,0.010999319880898828,0.0012254901960784314,0.0,0.003762702351412029,0.001736111111111111,0.0010964912280701754,0.0,0.004634853222898355,0.009281015037593985,0.004443829503127415,0.0016025641025641027,0.0068717638570579736,0.0,0.005250395039681897,0.0017685342388228636,0.0,0.008499325148032045,0.019057541508199403,0.0,0.0,0.0,0.0,0.0,0.0065323864297294745,0.0,0.0,0.0031249999999999997,0.0012254901960784314,0.007707935019071167,0.0011574074074074073,0.0,0.0006720430107526881,0.0,0.0013020833333333333,0.0020204741379310346,0.0,0.013389600099259007,0.0,0.0,0.0,0.0020204741379310346,0.002976190476190476,0.010067526912815537,0.0,0.0,0.0,0.0018975332068311196,0.01814668062200957,0.0026041666666666665,0.0032692307692307695,0.0,0.0013020833333333333,0.008819672585252547,0.004443829503127415,0.007947926849136526,0.003787878787878788,0.001893939393939394,0.002976190476190476,0.0011574074074074073,0.0038955733808674984,0.0013020833333333333,0.0,0.006539704907161804,0.0,0.0016666666666666668,0.004584911616161616,0.016423305637015315,0.0028256704980842914,0.28755364806866957,0.2782567049808429,0.131518217633102,0.022727272727272728,0.11458333333333333,0.0168980384494738,0.0463215840818395,0.46527777777777773,0.25,0.3333333333333333
46,0.0028519305565064537,0.03,0.0027124938559283463,0.02,0.3636363636362603,0.5090909090909091,0.6103896103896104,0.6074380165289256,0.449438202247191,0.0,0.0,0.0,0.0,0.0,0.0,0.0,0.0,0.0,0.0,0.0,0.0,0.0,0.0,0.0,0.0,0.0,0.0,0.0,0.0,0.0,0.0,0.0,0.0,0.0,0.0,0.0,0.0,0.0,0.0,0.0,0.0,0.0,0.0,0.0,0.0,0.0,0.0,0.0,0.0,0.0,0.0,0.0,0.0,0.0,0.0,0.0053475935828877,0.0,0.0,0.0,0.0,0.0053475935828877,0.0,0.0,0.0,0.0,0.003952569169960474,0.0,0.0,0.0,0.0,0.0,0.0,0.012987012987012986,0.0,0.0,0.0,0.0,0.0,0.0,0.0,0.0,0.0,0.0,0.0,0.0053475935828877,0.0,0.0,0.0,0.0,0.0,0.0,0.0,0.0,0.0,0.0,0.0,0.01515151515151515,0.0,0.0,0.0,0.0,0.0,0.0,0.0,0.0,0.009300162752848175,0.0,0.0,0.0,0.0,0.0,0.0,0.0,0.0,0.0,0.0,0.0,0.0,0.0,0.0,0.0,0.0,0.0,0.0,0.0,0.0,0.0,0.0,0.0,0.0,0.0,0.0,0.0,0.0,0.0,0.0,0.0,0.0,0.0,0.0,0.0,0.0,0.0,0.0,0.0,0.0,0.0,0.0,0.0,0.0,0.0,0.0053475935828877,0.0,0.0,0.0,0.0,0.0,0.0,0.0,0.0,0.0,0.0,0.0,0.0,0.0,0.0,0.0,0.012987012987012986,0.0,0.0,0.0,0.0,0.0,0.0,0.0,0.0,0.0,0.0,0.0,0.0,0.0,0.0,0.0,0.0,0.0,0.0,0.0,0.009300162752848175,0.0,0.0,0.0,0.0,0.0,0.0,0.012987012987012986,0.0,0.0,0.0,0.0,0.0,0.0,0.0053475935828877,0.0,0.19352321498244246,0.15256008359456635,0.19561723692005595,0.4738292011019284,0.038461538461538464,0.12852398134493928,0.047901373988330505,0.40909090909090906,0.2727272727272727,0.0
100,0.028905205376096754,0.02,0.028824303691666935,0.04,0.0,0.8,0.03571428571428571,0.06818181818181818,0.651685393258427,0.0,0.0,0.0,0.0,0.0,0.0,0.0,0.0,0.0,0.0,0.0,0.0,0.0,0.0,0.0,0.0,0.0,0.0,0.0,0.0,0.0,0.0,0.0,0.0,0.0,0.0,0.0,0.0,0.0,0.0,0.0,0.0,0.0,0.0,0.0,0.0,0.0,0.0,0.0,0.0,0.0,0.0,0.0,0.0,0.0,0.0,0.0,0.0,0.0,0.0,0.0,0.0,0.0,0.0,0.0,0.0,0.0,0.0,0.0,0.0,0.0,0.0,0.0,0.0,0.0,0.0,0.0,0.0,0.0,0.0,0.0,0.0,0.0,0.0,0.0,0.0,0.0,0.0,0.0,0.0,0.0,0.0,0.0,0.0,0.0,0.0,0.0,0.0,0.0,0.0,0.0,0.0,0.0,0.0,0.0,0.0,0.0,0.0,0.0,0.0,0.0,0.0,0.0,0.0,0.0,0.0,0.0,0.0,0.0,0.0,0.0,0.0,0.0,0.0,0.0,0.0,0.0,0.0,0.0,0.0,0.0,0.0,0.0,0.0,0.0,0.0,0.0,0.0,0.0,0.0,0.0,0.0,0.0,0.0,0.0,0.0,0.0,0.0,0.0,0.0,0.0,0.0,0.0,0.0,0.0,0.0,0.0,0.0,0.0,0.0,0.0,0.0,0.0,0.0,0.0,0.0,0.0,0.0,0.0,0.0,0.0,0.0,0.0,0.0,0.0,0.0,0.0,0.0,0.0,0.0,0.0,0.0,0.0,0.0,0.0,0.0,0.0,0.0,0.0,0.0,0.0,0.0,0.0,0.0,0.0,0.0,0.0,0.0,0.0,0.0,0.0,0.0,0.0,0.0,0.18454935622317595,0.11494252873563218,0.22932411194279423,1.0,0.0,0.007142857142857143,0.0,0.3333333333333333,0.0,1.0
127,0.14163318849912618,0.01,0.14279653604957365,0.07,0.20689655172418497,0.706896551724138,0.5172413793103448,0.45768025078369906,0.7105772956218519,0.0,0.0,0.0,0.005061179087875418,0.006511433223480425,0.003962304562004712,0.0,0.003518272914824639,0.0010449320794148381,0.0,0.0,0.0,0.002714911154844414,0.0,0.0,0.007410580424073677,0.0,0.0016025641025641025,0.0005224660397074191,0.0,0.0,0.003518272914824639,0.0014992503748125937,0.0,0.0,0.0,0.0,0.0,0.0,0.005074651614285023,0.0,0.0,0.0011123470522803114,0.0,0.0,0.0011123470522803114,0.0,0.0,0.0037525354969574036,0.0,0.002224694104560623,0.0036544227886056973,0.0,0.0,0.0,0.0,0.0,0.0010449320794148381,0.0,0.0,0.0011123470522803114,0.004914209561885724,0.0016025641025641025,0.001724137931034483,0.003962304562004712,0.0,0.0,0.0,0.0,0.0,0.002714911154844414,0.0,0.0,0.0024630541871921183,0.0,0.0,0.0,0.0005224660397074191,0.0,0.0,0.0,0.0,0.0,0.0,0.0,0.0,0.0,0.0,0.0,0.0,0.0,0.0,0.0,0.0,0.0,0.0,0.0,0.005074651614285023,0.0,0.0,0.0,0.0,0.0,0.0,0.0,0.0,0.0014992503748125937,0.0,0.00248171368861024,0.0005224660397074191,0.0,0.0,0.0,0.0010449320794148381,0.0,0.005091204397801099,0.0,0.0,0.0,0.0,0.0,0.0,0.0,0.0,0.0,0.001724137931034483,0.0,0.0,0.0,0.00248171368861024,0.0005224660397074191,0.0,0.002246603970741902,0.0,0.0026525198938992045,0.0,0.0005224660397074191,0.0,0.0,0.0,0.0,0.0,0.0,0.002714911154844414,0.0,0.002224694104560623,0.0010449320794148381,0.0,0.0,0.0011123470522803114,0.0,0.0,0.0029985007496251873,0.0,0.0,0.0,0.0,0.0,0.0,0.007654516414249451,0.0,0.0,0.0,0.0,0.0,0.0,0.0,0.0,0.002985520226899537,0.0,0.002714911154844414,0.0,0.008705613282772046,0.0,0.0026525198938992045,0.0,0.004317475257408517,0.0,0.0,0.0,0.0,0.0,0.0,0.0010449320794148381,0.0,0.002246603970741902,0.0014992503748125937,0.0016025641025641025,0.008601949025487256,0.004449388209121246,0.0014992503748125937,0.0,0.0,0.0,0.0,0.0064253587491968295,0.0,0.0,0.0014367816091954023,0.0,0.002246603970741902,0.0,0.007377263749077842,0.0,0.4388042030486903,0.3868410622275069,0.1794658268330856,0.11285266457680251,0.11671087533156499,0.17746596416861612,0.02780393228294278,0.625,0.3793103448275862,0.27586206896551724
150,0.005950242869836039,0.03,0.005830239201274642,0.08,0.0,0.7666666666666667,0.5476190476190476,0.6666666666666666,0.6441947565543071,0.0,0.0,0.0,0.0,0.0,0.0,0.0,0.0,0.0,0.0,0.0,0.0,0.0,0.0,0.0,0.0,0.0,0.0,0.0,0.0,0.0,0.0,0.0,0.0,0.0,0.0,0.0,0.0,0.0,0.0,0.0,0.0,0.0,0.0,0.0,0.0,0.0,0.0,0.0,0.0,0.0,0.0,0.0,0.047619047619047616,0.0,0.0,0.0,0.0,0.0,0.0,0.0,0.0,0.0,0.0,0.0,0.0,0.0,0.0,0.0,0.0,0.0,0.0,0.0,0.0,0.0,0.0,0.0,0.0,0.0,0.0,0.030303030303030304,0.0,0.0,0.0,0.0,0.0,0.0,0.0,0.0,0.0,0.0,0.0,0.0,0.0,0.0,0.0,0.0,0.0,0.0,0.0,0.0,0.0,0.0,0.0,0.0,0.0,0.0,0.0,0.0,0.0,0.0,0.0,0.0,0.0,0.0,0.0,0.0,0.0,0.0,0.0,0.0,0.0,0.0,0.0,0.0,0.0,0.0,0.0,0.0,0.0,0.0,0.0,0.0,0.0,0.0,0.0,0.0,0.0,0.0,0.0,0.0,0.0,0.0,0.0,0.0,0.0,0.0,0.0,0.0,0.0,0.0,0.0,0.0,0.0,0.0,0.0,0.0,0.0,0.0,0.0,0.0,0.0,0.0,0.0,0.0,0.0,0.0,0.0,0.0,0.0,0.0,0.0,0.0,0.0,0.0,0.0,0.0,0.0,0.0,0.0,0.0,0.0,0.0,0.0,0.0,0.0,0.0,0.0,0.0,0.0,0.0,0.0,0.0,0.0,0.0,0.0,0.0,0.0,0.0,0.0,0.030303030303030304,0.0,0.0,0.0,0.19456366237482117,0.1685823754789272,0.1413479890144207,0.0808080808080808,0.0,0.009009009009009009,0.030303030303030304,0.5,0.3333333333333333,0.3333333333333333
248,0.0031618233093728795,0.05,0.0030567993205705495,0.16,0.15789473684208133,0.7842105263157896,0.45676691729323304,0.48086124401913877,0.48255470136014195,0.0,0.0,0.0,0.0010121457489878543,0.0,0.0010121457489878543,0.039473684210526314,0.0,0.0,0.0,0.0,0.0,0.0,0.0,0.0,0.0,0.0023923444976076554,0.0,0.0,0.0,0.0,0.0,0.0,0.0,0.0,0.0,0.0,0.0,0.0,0.03826458036984353,0.0,0.0,0.0,0.0,0.0,0.0,0.0,0.0,0.0010121457489878543,0.024322169059011165,0.0020242914979757085,0.0,0.0,0.013157894736842105,0.0,0.0,0.0,0.0014619883040935672,0.0010121457489878543,0.0029239766081871343,0.0,0.004306938517464834,0.0,0.0010121457489878543,0.0020242914979757085,0.0,0.0,0.0,0.0014619883040935672,0.0,0.0,0.0,0.0,0.0,0.0,0.0,0.0,0.0,0.003936122357174989,0.0,0.0,0.0,0.0,0.0,0.0023923444976076554,0.0,0.0,0.001422475106685633,0.0,0.0,0.0,0.0,0.0,0.0,0.0,0.0,0.001422475106685633,0.0,0.001422475106685633,0.0023923444976076554,0.0,0.0,0.0,0.0,0.0,0.0,0.006173937094989726,0.0,0.003289473684210526,0.0,0.0010121457489878543,0.0,0.0010121457489878543,0.0,0.0,0.003289473684210526,0.0,0.0,0.0,0.0023923444976076554,0.0,0.0,0.0,0.0,0.0010121457489878543,0.0,0.0,0.001422475106685633,0.0,0.0,0.0,0.0010121457489878543,0.0014619883040935672,0.0,0.0,0.0,0.003289473684210526,0.0,0.0,0.001422475106685633,0.0,0.0,0.0,0.0,0.0,0.0,0.0,0.0,0.0,0.0,0.0014619883040935672,0.0,0.0028844634107792005,0.0034044902465955097,0.0,0.0,0.003289473684210526,0.0,0.0,0.0,0.0,0.0,0.0,0.0,0.0,0.0,0.0029239766081871343,0.001422475106685633,0.001422475106685633,0.0,0.0,0.017543859649122806,0.010526315789473684,0.0,0.0,0.0,0.0,0.0,0.0038148196042932887,0.0010121457489878543,0.0,0.0,0.0,0.0023923444976076554,0.0010121457489878543,0.0,0.0,0.0,0.0038966091597670547,0.0010121457489878543,0.0,0.0,0.0,0.0,0.0,0.0,0.0,0.0,0.0,0.0,0.0010121457489878543,0.0,0.0028844634107792005,0.0,0.26880505985995035,0.2407743496672716,0.16901719963485295,0.012759170653907496,0.022267206477732792,0.11295738317939084,0.008243060874639822,0.3947368421052631,0.10526315789473684,0.21052631578947367
90,0.03553490963912915,0.05,0.03622964145532775,0.38,0.18181818181824383,0.6818181818181819,0.5422077922077922,0.8202479338842976,0.8069458631256383,0.0,0.0,0.0,0.0,0.0,0.0,0.00267379679144385,0.0,0.0034965034965034965,0.0,0.0,0.0,0.0,0.0,0.0,0.0,0.0,0.0,0.0077243018419489015,0.0,0.0,0.0,0.0,0.0,0.0,0.0,0.00267379679144385,0.0,0.006516780710329097,0.0,0.002525252525252525,0.0,0.0,0.0,0.0,0.0034965034965034965,0.0,0.0,0.0,0.0,0.0,0.0101010101010101,0.0,0.00267379679144385,0.0,0.0,0.0,0.0023923444976076554,0.007575757575757575,0.0,0.0034965034965034965,0.0034965034965034965,0.0,0.0,0.0,0.0,0.0,0.0,0.0,0.0,0.004545454545454546,0.0,0.0,0.0023923444976076554,0.0,0.0,0.0,0.00505050505050505,0.00505050505050505,0.0,0.0,0.0,0.0,0.0,0.00505050505050505,0.0,0.0,0.0,0.0,0.0,0.0,0.0,0.007575757575757575,0.0,0.0,0.0,0.0,0.0,0.0,0.002525252525252525,0.0,0.0,0.0,0.0,0.0,0.0,0.0034965034965034965,0.0,0.006011730205278593,0.001466275659824047,0.001466275659824047,0.0,0.0,0.0034965034965034965,0.0,0.00505050505050505,0.0,0.0,0.0,0.0,0.0,0.0,0.0,0.0,0.0,0.007575757575757575,0.0,0.0,0.0,0.006011730205278593,0.009042033235581622,0.0,0.0,0.0,0.0,0.0,0.001466275659824047,0.0,0.0,0.002525252525252525,0.0,0.0,0.0,0.0,0.00267379679144385,0.0,0.0,0.00267379679144385,0.0,0.0,0.0,0.0,0.0053146853146853155,0.0,0.0,0.0,0.0,0.0,0.002525252525252525,0.0,0.0,0.0,0.0,0.0,0.0,0.0,0.0,0.002525252525252525,0.0,0.0,0.0,0.0,0.0,0.0,0.0,0.0,0.0,0.0,0.002525252525252525,0.0,0.0,0.0,0.0,0.010974509361606136,0.0,0.0,0.0,0.0,0.008547008547008546,0.0,0.0,0.0,0.0,0.00267379679144385,0.0,0.007575757575757575,0.0,0.0,0.004545454545454546,0.0,0.0,0.0,0.0034965034965034965,0.007575757575757575,0.2740928599297698,0.25705329153605017,0.1334741931852373,0.0027548209366391185,0.11538461538461538,0.09911276527785257,0.0219208211143695,0.5303030303030303,0.3181818181818182,0.045454545454545456
85,0.19870919193790823,0.02,0.2019038904934491,0.12,0.034482758620697496,0.6517241379310346,0.520935960591133,0.4435736677115988,0.7748934521503295,0.0018020022246941047,0.0,0.0,0.0018307378568780124,0.003957174638487208,0.002760133091349062,0.0014299070560413573,0.0,0.0,0.0008620689655172415,0.0012539184952978055,0.0008620689655172415,0.0006896551724137932,0.0,0.0006269592476489028,0.0049137931034482765,0.0038244514106583073,0.0,0.0018364877711520178,0.0,0.0005224660397074191,0.0,0.0012539184952978055,0.0,0.0,0.0,0.0,0.0,0.0,0.004076354679802956,0.0028904665314401627,0.0,0.0011123470522803114,0.0,0.0,0.0009074410163339383,0.0,0.0,0.0,0.0,0.0,0.003068014864748077,0.0,0.0,0.0,0.0,0.0,0.0,0.0025332728372655777,0.0,0.0009074410163339383,0.017440849697304237,0.0,0.002435698534433971,0.005633696309739866,0.0014299070560413573,0.0,0.0,0.0,0.0,0.00569794898815448,0.0,0.0009074410163339383,0.0023510971786833853,0.0028735632183908046,0.0,0.0015970961887477315,0.0006049606775559588,0.0,0.0006269592476489028,0.0,0.0021195622284551504,0.0,0.0,0.0023964692295000826,0.0008620689655172415,0.0,0.005028735632183907,0.0,0.0012539184952978055,0.0007183908045977011,0.0,0.0,0.003393279436836605,0.004310344827586207,0.0,0.0,0.010183319939042671,0.0028735632183908046,0.0008620689655172415,0.0,0.0,0.0,0.0,0.0,0.0,0.009002591041259738,0.0,0.0,0.0013793103448275863,0.0011274267172633778,0.0011123470522803114,0.0006896551724137932,0.0,0.0,0.0007183908045977011,0.0,0.0,0.0022988505747126436,0.0008620689655172415,0.0005224660397074191,0.0,0.0,0.0,0.0,0.0,0.0,0.0,0.0,0.0029038112522686023,0.0020977011494252872,0.0,0.0007183908045977011,0.0,0.0008620689655172415,0.0,0.0006896551724137932,0.001974416017797553,0.0,0.0025862068965517245,0.0008620689655172415,0.0,0.0,0.0015970961887477315,0.0012315270935960591,0.0018307378568780124,0.0022988505747126436,0.0019211822660098522,0.0037677038658521346,0.007120706508915629,0.0,0.0012539184952978055,0.008375631793610835,0.003134796238244514,0.0,0.0,0.0027821316614420064,0.003140744618203232,0.0,0.0018307378568780124,0.0,0.0,0.0,0.0,0.0,0.001724137931034483,0.0,0.001724137931034483,0.001724137931034483,0.0,0.0,0.0,0.011064682005347071,0.0,0.0,0.0017173077298362704,0.0,0.0,0.0,0.0,0.0,0.0,0.0007183908045977011,0.0022988505747126436,0.0015970961887477315,0.0024630541871921183,0.0,0.0,0.01220319466455524,0.0007183908045977011,0.002664071190211346,0.0,0.0,0.0012315270935960591,0.0005224660397074191,0.005948275862068965,0.0,0.0,0.004100852799406749,0.0012539184952978055,0.0,0.0,0.018710972496465146,0.0,0.5832470031078881,0.5961157352358304,0.12145880975638279,0.04597701149425287,0.058355437665782495,0.062016234503963215,0.06553299802945091,0.4942528735632184,0.20689655172413793,0.41379310344827586
175,0.17284697743387753,0.02,0.17460402892799107,0.17,0.07142857142866887,0.7928571428571429,0.5219387755102041,0.6,0.671589085072231,0.0,0.0,0.0017857142857142857,0.0,0.0,0.01314955469367234,0.0,0.0,0.0035714285714285713,0.0,0.0,0.0,0.0,0.0,0.0,0.003831789125906773,0.0,0.0011904761904761904,0.0,0.0,0.0,0.0,0.0,0.0,0.0,0.0023809523809523807,0.0,0.0,0.0023809523809523807,0.0,0.0015873015873015873,0.0,0.0,0.0011904761904761904,0.0,0.0,0.0,0.0,0.0,0.0,0.0,0.002857142857142857,0.0,0.0,0.0,0.0,0.0017857142857142857,0.0,0.0,0.0,0.0,0.001098901098901099,0.0011904761904761904,0.0008928571428571428,0.0036257451698628166,0.0047619047619047615,0.0012987012987012987,0.0,0.0,0.0,0.0,0.0,0.0,0.0,0.009523809523809523,0.0,0.0,0.0,0.002857142857142857,0.0,0.0,0.0047619047619047615,0.0,0.0,0.0,0.0,0.0035714285714285713,0.009523809523809523,0.0,0.0,0.0017857142857142857,0.0,0.0,0.0,0.0,0.0,0.0,0.003956043956043956,0.009523809523809523,0.0,0.0,0.0,0.0,0.0,0.0,0.0,0.0,0.0015873015873015873,0.0011904761904761904,0.0047619047619047615,0.0011904761904761904,0.0011904761904761904,0.0023809523809523807,0.0035714285714285713,0.0,0.0011904761904761904,0.0007936507936507937,0.0,0.0,0.0,0.0,0.0,0.0017857142857142857,0.0,0.0011904761904761904,0.0,0.0015873015873015873,0.0,0.0,0.0011904761904761904,0.0047619047619047615,0.0,0.0,0.0,0.0,0.0,0.0011904761904761904,0.0,0.0035714285714285713,0.0015873015873015873,0.0,0.0,0.0,0.0,0.0,0.0,0.0,0.0,0.0,0.0017857142857142857,0.0,0.0,0.0,0.003975885225885226,0.0,0.0,0.0,0.0,0.0,0.0,0.0,0.0,0.0,0.0,0.0,0.0,0.0,0.0015873015873015873,0.0,0.0,0.0,0.0,0.013566849816849816,0.0,0.0,0.0,0.0,0.0,0.0,0.0,0.0,0.0,0.0,0.0020308123249299717,0.0023809523809523807,0.0,0.0,0.0011904761904761904,0.0,0.0,0.0,0.0007936507936507937,0.0,0.0,0.0,0.0007936507936507937,0.0011904761904761904,0.0,0.0,0.0,0.0,0.0,0.0011904761904761904,0.0017857142857142857,0.12311465358675659,0.11264367816091955,0.13212078714962855,0.02857142857142857,0.018131868131868133,0.12117695608810186,0.040622710622710625,0.5571428571428572,0.3,0.17142857142857143
195,0.03675942784941916,0.06,0.04951904088370153,0.33,0.25,0.42500000000000004,0.4375,0.3181818181818182,0.5786516853932584,0.0,0.0,0.0,0.0,0.0,0.0,0.0,0.0,0.0,0.009615384615384616,0.0,0.0,0.0,0.0,0.0,0.0,0.009615384615384616,0.0,0.0,0.0,0.0,0.0,0.0,0.0,0.009615384615384616,0.0,0.0,0.0,0.0,0.0,0.009615384615384616,0.0,0.0,0.0,0.0,0.0,0.0,0.0,0.0,0.0,0.0,0.009615384615384616,0.0,0.0,0.0,0.0,0.0,0.0,0.0,0.0,0.0,0.009615384615384616,0.0,0.0,0.0,0.0,0.0,0.009615384615384616,0.0,0.0,0.009615384615384616,0.0,0.0,0.0,0.0,0.0,0.0,0.0,0.0,0.0,0.0,0.0,0.0,0.0,0.0,0.0,0.0,0.0,0.0,0.009615384615384616,0.0,0.0,0.0,0.0,0.0,0.0,0.0,0.009615384615384616,0.0,0.0,0.0,0.0,0.0,0.0,0.0,0.0,0.0,0.0,0.0,0.0,0.0,0.009615384615384616,0.0,0.0,0.0,0.0,0.0,0.0,0.0,0.0,0.0,0.0,0.0,0.0,0.0,0.0,0.0,0.0,0.0,0.0,0.0,0.0,0.0,0.0,0.0,0.0,0.009615384615384616,0.0,0.0,0.0,0.0,0.0,0.0,0.0,0.0,0.0,0.0,0.0,0.009615384615384616,0.0,0.0,0.009615384615384616,0.009615384615384616,0.0,0.0,0.0,0.009615384615384616,0.009615384615384616,0.0,0.0,0.0,0.0,0.0,0.0,0.0,0.0,0.0,0.0,0.0,0.0,0.0,0.0,0.009615384615384616,0.0,0.0,0.0,0.0,0.0,0.009615384615384616,0.0,0.0,0.0,0.0,0.0,0.0,0.009615384615384616,0.0,0.0,0.0,0.0,0.0,0.0,0.0,0.0,0.0,0.0,0.0,0.0,0.009615384615384616,0.009615384615384616,0.0,0.0,0.009615384615384616,0.0,0.22210300429184548,0.1896551724137931,0.19110342661899515,0.09090909090909091,0.0,0.11620652346458799,0.08173076923076923,0.4583333333333333,0.0,0.5
98,0.2702131934462564,0.01,0.26972731798707156,0.07,0.15894039735098886,0.7105960264900664,0.48935666982024595,0.4382901866345575,0.5924547957437309,0.0014774886629191264,0.0011763680724991286,0.00013245033112582781,0.0011216708236575785,0.000838565408101832,0.0011432554897176717,0.007317946186350748,0.0016686734898655427,0.0006622516556291391,0.0037176010588554414,0.000892942837947157,0.00183002718206622,0.002207505518763797,0.00453819383419153,0.0,0.0007624607877309167,0.005365611500153152,0.0010948075103704242,0.0009962443737278174,0.0016904015004398415,0.0005094243504839531,0.0007032478357873318,0.0023661809389248305,0.0028498169378687642,0.00033053558569725303,0.0010990596752943882,0.0001742767514813524,0.00011224604332697273,0.00011224604332697273,0.004674142360881926,0.00220733019498646,0.0014594672832641481,0.0004493850520340587,0.0,0.0011763680724991286,0.016351308735414696,0.0009266671518327147,0.0,0.0017763141935327365,0.0009571113213497319,0.0,0.0011112442939478389,0.006763438980201572,0.006652476977028569,0.006033040853490728,0.0,0.0021089760742078623,0.0,0.0029635644913636595,0.0007215249024241704,0.007174392935982339,0.006385884314028847,0.0003961684011352885,0.0006622516556291391,0.002877684263294106,0.0024210051541915007,0.00010511931041732366,0.001995393843888096,0.001729212656364974,0.0,0.005430043085983091,0.0007900546067154641,0.0008830022075055188,0.002597065316192702,0.0008669476219145094,0.0,0.0012001029062723033,0.0009962443737278174,0.0,0.00011825922421948912,0.005203405865657521,0.0011234041122504,0.004744376026039983,0.002076189369671419,0.013930458025058828,0.0006824780608749552,0.0015310627562283192,0.00046593228141526843,0.0005094243504839531,0.0016534286264268936,0.001153027436140019,0.0011037527593818985,0.0038710407235649047,0.007094273696287106,0.002190978729952113,0.0017288934681754479,0.004635362432609504,0.003200082939802638,0.00036081297099794477,0.006971095787756645,0.0005518763796909492,0.0019312125319351549,0.008105352670871391,0.0014850267632616236,0.0,0.0,0.0014059707768317039,0.001786751647330246,0.002921357461709914,0.0016433917884845686,0.00248956365642228,0.0006064737755427276,0.0006639114342146757,0.0011700706772775336,0.0,0.0024639930595255584,0.00011825922421948912,0.0,0.000946073793755913,0.0005094243504839531,0.005155889820746288,0.0,0.000717733271330757,0.0,0.00025471217524197657,0.0023373587845734317,0.0,0.00692794795262455,0.006389752871181031,0.004295329622541607,0.004718131618191286,0.0,0.00010511931041732366,0.0006020469596628537,0.0046562243410688256,0.0011114713101468068,0.004772041667316109,0.0029728065310570327,0.0019097862514632074,0.002253434637527277,0.0011037527593818985,0.0006020469596628537,0.008996062804009823,0.004091431656747751,0.002335308469850122,0.0010088735197207451,0.0021883098186006333,0.002207505518763797,0.00551290093272981,0.0029635644913636595,0.0,0.00033053558569725303,0.00033053558569725303,0.004807550300240928,0.0,0.0005518763796909492,0.0004356548961145767,0.002648114576168192,0.0007352209511592573,0.00046681272718219384,0.0005537471470797321,0.0005719320375995175,0.0,0.0,0.0,0.009469279070522295,0.0005518763796909492,0.0020567805998269574,0.0012757155842469438,0.0040928182387206065,0.0005858380030565461,0.0003296113970712691,0.00379662280324532,0.00020695364238410596,0.0015816127775613556,0.0007203061838823428,0.001987592279161337,0.0,0.003391725560281093,0.001407559789663594,0.0001742767514813524,0.0014622096079049721,0.00011825922421948912,0.01334971410354421,0.0013261630898438149,0.0044922965862135116,0.004213937431080977,0.0015577165939097207,0.00612939165366953,0.0,0.0077960543116835455,0.0005518763796909492,0.0002006823198876179,0.0,0.002851299770389894,0.002825427956064819,0.00022836263987211693,0.0011037527593818985,0.0030637437965775364,0.0006064737755427276,0.0019600708342430197,0.0008357416584375935,0.0063452709662506985,0.0,0.3953898189466504,0.37421024587044227,0.17054513890765743,0.0008027292795504716,0.03922567498726439,0.022888257200989706,0.029812155825102955,0.39293598233995586,0.1456953642384106,0.4370860927152318
36,0.0007679165746273897,0.06,0.0006118347682032715,0.08,0.0,0.9363636363636364,0.5357142857142857,0.7479338842975206,0.6067415730337078,0.0,0.0133399209486166,0.0,0.0,0.0025974025974025974,0.01283814999230019,0.011363636363636364,0.0,0.006060606060606061,0.0,0.0,0.0,0.004573687182382834,0.0,0.0,0.010240747394897593,0.017913608130999435,0.002932551319648094,0.001976284584980237,0.0,0.0,0.0,0.0,0.0,0.006060606060606061,0.0,0.0,0.0,0.0,0.011363636363636364,0.0,0.0,0.0,0.0,0.003952569169960474,0.004545454545454546,0.0,0.0,0.0,0.0,0.0,0.0,0.0,0.003952569169960474,0.0,0.00552995391705069,0.0,0.0,0.002932551319648094,0.0,0.001976284584980237,0.0,0.0,0.0,0.01221703197987783,0.0,0.0,0.0,0.0,0.0,0.01940052700922266,0.0,0.0,0.0,0.005865102639296188,0.0,0.0,0.0,0.0,0.0,0.0,0.0,0.0,0.0,0.0,0.008036890645586298,0.0,0.005865102639296188,0.0,0.0,0.006060606060606061,0.0,0.0,0.0,0.0,0.0,0.0,0.0025974025974025974,0.002932551319648094,0.006060606060606061,0.0,0.0,0.0,0.0,0.0,0.0,0.006060606060606061,0.0,0.004545454545454546,0.004545454545454546,0.0,0.0,0.0,0.0,0.0,0.0,0.0,0.002932551319648094,0.0,0.0,0.0025974025974025974,0.0,0.0,0.0025974025974025974,0.0,0.002932551319648094,0.0,0.0159373235460192,0.0,0.004545454545454546,0.004545454545454546,0.0,0.0,0.0,0.0,0.0,0.004545454545454546,0.0,0.0,0.003952569169960474,0.0,0.0,0.0,0.0159373235460192,0.006521739130434783,0.0,0.0,0.001976284584980237,0.0,0.0,0.0,0.0,0.0,0.0,0.0,0.0,0.0,0.006060606060606061,0.0,0.0025974025974025974,0.0,0.002932551319648094,0.0,0.0,0.0,0.0,0.0,0.003952569169960474,0.005865102639296188,0.0,0.004573687182382834,0.0,0.0025974025974025974,0.002932551319648094,0.0,0.0,0.0025974025974025974,0.0,0.006060606060606061,0.0,0.0,0.0,0.0,0.002932551319648094,0.004545454545454546,0.0,0.0,0.0,0.0,0.0,0.0,0.0,0.002932551319648094,0.003952569169960474,0.0,0.0,0.0,0.0,0.008658008658008658,0.006060606060606061,0.0,0.0,0.004545454545454546,0.0,0.42255169722980884,0.4033437826541275,0.1513533216515794,0.027548209366391185,0.11538461538461538,0.037956069113039344,0.0479142070051161,0.5,0.2727272727272727,0.09090909090909091
61,0.031214500027800535,0.03,0.031756836442240186,0.13,0.12631578947366506,0.7105263157894737,0.5488721804511278,0.5799043062200957,0.670609107037256,0.0,0.002807017543859649,0.0032076032076032075,0.0,0.0011695906432748538,0.006959064327485381,0.0017105263157894738,0.0,0.004736842105263157,0.006351947061329213,0.0005012531328320802,0.0009569377990430622,0.003026315789473684,0.004342377683338782,0.0,0.005337929022139549,0.005029239766081871,0.002126528442317916,0.0015538847117794487,0.003777677738896575,0.002345826687931951,0.0,0.0,0.0,0.003157894736842105,0.0,0.00021929824561403506,0.0006191950464396285,0.0039274657231313575,0.0040344450870766655,0.003149920255183413,0.0,0.0008097165991902835,0.0005012531328320802,0.001754385964912281,0.0050669151184025325,0.00021929824561403506,0.0005263157894736842,0.0011857707509881424,0.00248154322457728,0.0,0.002611238240528858,0.00077331486611265,0.004985380116959064,0.0016586921850079747,0.0010526315789473684,0.0,0.0,0.0005012531328320802,0.00045766590389016015,0.003799532615322089,0.010473093072082808,0.0017887856897144823,0.0032748538011695906,0.006959064327485381,0.0,0.0010526315789473684,0.0012531328320802004,0.0,0.0,0.00533625730994152,0.0035885167464114838,0.0008771929824561403,0.0015302679776363986,0.0,0.0,0.0,0.002105263157894737,0.0050008220398440805,0.00022883295194508008,0.007830801921190938,0.0,0.0024606971975393026,0.0016718266253869967,0.0010526315789473684,0.007261904761904762,0.0010976639459611597,0.0,0.0,0.0,0.00022883295194508008,0.0,0.001055269753330695,0.0042115115799326325,0.00021929824561403506,0.00021929824561403506,0.0,0.008241816662869295,0.0008097165991902835,0.006892610313662946,0.00045766590389016015,0.0,0.0,0.0,0.0005263157894736842,0.0,0.005507708665603403,0.0,0.003579696762883563,0.003329456795602979,0.00022883295194508008,0.0,0.0,0.0008771929824561403,0.0004784688995215311,0.0010047846889952154,0.0,0.0,0.0007017543859649122,0.0007518796992481202,0.0009569377990430622,0.0,0.0016880037932669512,0.0,0.0010526315789473684,0.0008097165991902835,0.001431209602954755,0.0024606971975393026,0.0009569377990430622,0.0036004997585149336,0.0048957721227878715,0.0,0.001619433198380567,0.0,0.0,0.0,0.004141240783117213,0.0,0.0010976639459611597,0.0033625730994152046,0.0005263157894736842,0.0,0.0028474240831220235,0.004242424242424242,0.0020095693779904307,0.0,0.0007017543859649122,0.0,0.0,0.006302352618142092,0.0024415204678362576,0.0,0.005986537316177205,0.004168112589165221,0.0009569377990430622,0.0008771929824561403,0.0,0.0044298245614035085,0.0,0.0010526315789473684,0.0,0.0,0.0005263157894736842,0.0016586921850079747,0.0,0.002679995443153338,0.00045766590389016015,0.002777777777777778,0.0,0.00021929824561403506,0.0010526315789473684,0.0015734571136233188,0.011624895572263995,0.0,0.0,0.0,0.0010526315789473684,0.0005540166204986149,0.00958782875191544,0.005246009761245218,0.0010526315789473684,0.0,0.0,0.015980638840377703,0.0,0.0015922959572845156,0.0005540166204986149,0.0,0.007664126216757796,0.0,0.0016744647997703238,0.005833999795218632,0.0008097165991902835,0.001985952643847381,0.0009569377990430622,0.0001422475106685633,0.0,0.0,0.0039035087719298247,0.003157894736842105,0.005597885794802571,0.0,0.0053795808594570204,0.0015457562825983877,0.2762593178224531,0.2535995160314579,0.15926136912770283,0.05996810207336523,0.05344129554655871,0.07079637944632067,0.0674324468826952,0.5448028673835126,0.4,0.3157894736842105
162,0.35287416499798824,0.01,0.3562271402937915,0.08,0.33333333333325754,0.5333333333333333,0.44047619047619047,0.36363636363636365,0.651685393258427,0.0,0.0,0.0,0.0,0.0,0.010416666666666666,0.0,0.0,0.005747126436781609,0.0,0.0,0.0,0.0,0.0,0.0,0.0,0.0,0.0,0.0,0.0,0.0,0.0,0.0,0.0,0.0,0.0,0.0,0.0,0.0,0.0,0.0,0.0,0.0,0.0,0.0,0.0,0.0,0.0,0.0,0.0,0.0,0.0,0.0,0.0,0.0,0.0,0.0,0.005747126436781609,0.0,0.005747126436781609,0.0,0.0,0.0,0.0,0.0,0.0,0.0,0.0,0.0,0.0,0.0,0.0,0.0,0.0,0.0,0.0,0.0,0.0,0.005747126436781609,0.0,0.0,0.0,0.0,0.0,0.010416666666666666,0.005747126436781609,0.0,0.0,0.0,0.0,0.0,0.0,0.00980392156862745,0.0,0.0,0.0,0.0,0.0,0.0,0.0,0.005747126436781609,0.0,0.0,0.0,0.0,0.0,0.0,0.00980392156862745,0.005747126436781609,0.0,0.0,0.0,0.010416666666666666,0.0,0.0,0.0,0.0,0.0,0.0,0.0,0.0,0.0,0.0,0.0,0.0,0.0,0.0,0.0,0.0,0.005747126436781609,0.005747126436781609,0.0,0.010416666666666666,0.0,0.0,0.0,0.017241379310344827,0.0,0.0,0.0,0.0,0.0,0.0,0.0,0.0,0.0,0.0,0.0,0.0,0.0,0.0,0.0,0.0,0.0,0.010416666666666666,0.0,0.0,0.0,0.0,0.0,0.0,0.0,0.0,0.010416666666666666,0.0,0.0,0.005747126436781609,0.0,0.0,0.0,0.0,0.0,0.0,0.0,0.0,0.0,0.0,0.00980392156862745,0.0,0.0,0.0,0.0,0.0,0.0,0.010416666666666666,0.017241379310344827,0.0,0.0,0.0,0.0,0.0,0.0,0.0,0.02022058823529412,0.0,0.0,0.0,0.0,0.0,0.0,0.0,0.0,0.0,0.0,0.3361945636623748,0.31417624521072796,0.14556315518170926,0.0101010101010101,0.07051282051282051,0.116488603988604,0.048265460030165915,0.4444444444444444,0.16666666666666666,0.5
139,0.08870309723129209,0.01,0.088456427154066,0.06,0.16666666666674246,0.7583333333333334,0.44345238095238093,0.5416666666666666,0.7209737827715357,0.006410256410256411,0.0,0.0,0.0,0.010416666666666666,0.0,0.0,0.0,0.0,0.0,0.0,0.0,0.0,0.0,0.0,0.013888888888888888,0.0,0.0,0.0,0.0,0.0,0.0,0.0,0.0,0.0,0.0,0.0,0.0,0.0,0.0,0.0,0.0,0.0,0.0,0.0,0.0,0.0,0.0,0.0,0.0,0.0,0.006410256410256411,0.0,0.0,0.0,0.0,0.0,0.007575757575757576,0.0,0.0,0.0,0.0,0.0,0.0,0.0,0.0,0.0,0.0,0.0,0.0,0.01597222222222222,0.0,0.0,0.0,0.0,0.0,0.0,0.0,0.006410256410256411,0.0,0.0,0.0,0.0,0.0,0.0,0.0,0.0,0.0,0.0,0.0,0.0,0.0,0.0,0.0,0.0,0.0,0.0,0.010416666666666666,0.0,0.0,0.0,0.0,0.0,0.0,0.0,0.0,0.0,0.0,0.0,0.0,0.0,0.0,0.0,0.0,0.0,0.006410256410256411,0.0,0.0,0.0,0.0,0.0,0.0,0.0,0.0,0.0,0.0,0.0,0.010416666666666666,0.0,0.005952380952380952,0.0,0.0,0.0,0.0,0.0,0.0,0.0,0.0,0.0,0.0,0.0,0.0,0.0,0.011111111111111112,0.0,0.0,0.0,0.0,0.0,0.0,0.0,0.0,0.0,0.0,0.0,0.0,0.0,0.0,0.0,0.0,0.0,0.0,0.0,0.0,0.0,0.0,0.0,0.0,0.0,0.0,0.0,0.0,0.010416666666666666,0.0,0.0,0.0,0.0,0.0,0.0,0.0,0.0,0.0,0.0,0.007575757575757576,0.0,0.0,0.0,0.0,0.0202991452991453,0.0,0.0,0.0,0.0,0.0,0.0,0.0,0.0,0.0,0.0,0.0,0.0,0.0,0.006410256410256411,0.0,0.1813304721030043,0.1628352490421456,0.14157618755062557,0.015151515151515152,0.1762820512820513,0.06892366024893161,0.01993839493839494,0.3472222222222222,0.08333333333333333,0.16666666666666666
11,0.15353640675366134,0.02,0.15443801828855647,0.14,0.1951219512195621,0.6865853658536586,0.5204703832752613,0.6341463414634146,0.6105782406138669,0.002682926829268293,0.0006418485237483953,0.0026132404181184667,0.0,0.00032959789057350036,0.001061427280939476,0.0017784552845528452,0.0,0.003039624990844503,0.0027100271002710027,0.0,0.0025015634771732333,0.00046904315196998124,0.0,0.0,0.0019285138797333918,0.0039059891755655555,0.004685494223363286,0.0009380863039399625,0.00043554006968641115,0.002032520325203252,0.0,0.0005543237250554324,0.0034815678718117743,0.0,0.0013719512195121953,0.0001876172607879925,0.0,0.0006775067750677507,0.0015205697169753652,0.00347836445397421,0.002787456445993032,0.0006829926598861131,0.0008130081300813008,0.0006418485237483953,0.0015989159891598918,0.0,0.0006097560975609756,0.005021888680425266,0.0008710801393728223,0.0006097560975609756,0.00476496118344642,0.0,0.0017784552845528452,0.0028403168647071087,0.00046904315196998124,0.0,0.0,0.005081725316000027,0.0025745257452574524,0.0013550135501355014,0.0037363079083233127,0.00042789901583226354,0.0009207143353484817,0.0037714543812104786,0.0017421602787456446,0.0006494895776025429,0.0,0.0,0.0003484320557491289,0.00290480681441944,0.0036956381468576586,0.0021777003484320556,0.0018023897620665721,0.0006097560975609756,0.0,0.0017421602787456446,0.0,0.0025745257452574524,0.0018769206830824287,0.0052354505986531436,0.0017421602787456446,0.0024390243902439024,0.0,0.0029229578010065813,0.002032520325203252,0.0008174752077191102,0.002827050997782705,0.0,0.0,0.0034552845528455283,0.0006097560975609756,0.0009033423667570009,0.004356037451351957,0.0,0.0006775067750677507,0.0003484320557491289,0.002193677097399819,0.0006829926598861131,0.004721701063164477,0.0,0.0,0.002626641651031895,0.0,0.0006097560975609756,0.0003484320557491289,0.0006775067750677507,0.0,0.0075034944547139664,0.003145634852951926,0.0024390243902439024,0.0,0.0006097560975609756,0.004394638540980004,0.0023712737127371273,0.0022723829722769277,0.0016846114407090015,0.00021394950791613177,0.002032520325203252,0.0016431738992714602,0.003253595997498436,0.0,0.004965156794425087,0.0012517744225061297,0.0,0.0022023215219620865,0.0009581881533101045,0.0,0.003009693558474046,0.0017184035476718407,0.0028905412088980767,0.0,0.0,0.0,0.0013550135501355014,0.0,0.0017184035476718407,0.0013780293305325397,0.001031424715635242,0.0015426308109234938,0.0006097560975609756,0.0,0.0,0.0012195121951219512,0.0024390243902439024,0.0,0.0047425474254742545,0.003919598434153293,0.003048780487804878,0.0020748934420307973,0.005494579945799458,0.0,0.0013006641055421542,0.002979246897732135,0.0006097560975609756,0.0006097560975609756,0.0,0.0006775067750677507,0.00033875338753387534,0.002049457994579946,0.0,0.0008710801393728223,0.0,0.0,0.0012517744225061297,0.0,0.0012195121951219512,0.0018240567021054826,0.0,0.001146549927037732,0.0,0.0009581881533101045,0.00386486047590027,0.0,0.0,0.0,0.001061427280939476,0.0013550135501355014,0.004065040650406504,0.0014741356204770839,0.0,0.0013550135501355014,0.0006494895776025429,0.012881935138032699,0.0,0.002797581821972066,0.0009045832216563924,0.00021394950791613177,0.0060774575127440795,0.0,0.0013382958504909723,0.0,0.0,0.001327116212338594,0.002540650406504065,0.004249196324726793,0.0,0.0009581881533101045,0.0031877961827746623,0.0,0.0070037432815799735,0.0,0.003061515577561791,0.0026132404181184667,0.3239296556055689,0.3052985702270816,0.1539647858750402,0.031042128603104215,0.056754221388367734,0.08271923095472254,0.0565205324023067,0.5123456790123456,0.2804878048780488,0.1951219512195122
244,0.03404289260539851,0.04,0.035497497651203525,0.23,0.16666666666674246,0.7650000000000001,0.4994047619047619,0.546969696969697,0.595131086142322,0.0016696481812760882,0.0,0.0,0.0,0.006130952380952381,0.004058641975308642,0.0008333333333333334,0.003125,0.00880029531192322,0.0011111111111111111,0.0023809523809523807,0.0,0.0,0.0,0.0,0.0037500000000000003,0.0076851851851851855,0.0,0.00582010582010582,0.0017777777777777779,0.0,0.003125,0.0,0.0,0.0,0.0,0.0,0.0010416666666666667,0.0,0.009351851851851853,0.0010416666666666667,0.0,0.0,0.0,0.0,0.004993686868686869,0.0,0.0,0.0,0.0,0.0,0.006196581196581197,0.0,0.0,0.0,0.0,0.0,0.0,0.007023809523809524,0.0,0.003882575757575758,0.020722070327333485,0.0,0.0,0.0041085271317829455,0.0008771929824561403,0.0,0.0,0.0,0.0,0.0010416666666666667,0.0015918979744936233,0.0,0.008214285714285714,0.01247531708058024,0.0,0.0008771929824561403,0.00462962962962963,0.0027777777777777775,0.0023237179487179487,0.007771464646464647,0.0008771929824561403,0.0,0.0,0.005787939658907401,0.0,0.0008462763839107925,0.010679951140477456,0.0,0.0011111111111111111,0.0019675925925925924,0.0,0.0013888888888888887,0.0029474821893732545,0.0033333333333333335,0.0,0.0,0.01599206349206349,0.007431457431457431,0.0020833333333333333,0.0,0.0,0.0,0.0,0.0,0.0,0.005639398369661527,0.0,0.006845238095238095,0.004464285714285714,0.0023809523809523807,0.0011111111111111111,0.00030864197530864197,0.0074114064230343295,0.0,0.0010416666666666667,0.0,0.0,0.0013888888888888887,0.0,0.0,0.0,0.0,0.0006666666666666666,0.0,0.007023809523809524,0.0,0.0,0.0,0.006845238095238095,0.005001920122887865,0.0,0.0,0.0,0.0011904761904761904,0.0,0.003021978021978022,0.0,0.0005376344086021505,0.0020833333333333333,0.0,0.0,0.0037181020733652315,0.0010416666666666667,0.0,0.0,0.0023809523809523807,0.005833333333333333,0.0010416666666666667,0.008214285714285714,0.002556818181818182,0.0011111111111111111,0.006107224388958135,0.0,0.0013888888888888887,0.0011111111111111111,0.0,0.0010416666666666667,0.0,0.0,0.0,0.0,0.0,0.0013888888888888887,0.0006666666666666666,0.00030864197530864197,0.0,0.0,0.0009753086419753087,0.0,0.0,0.0009252313078269567,0.017274114774114772,0.0,0.0,0.0,0.0006666666666666666,0.004166666666666667,0.0010416666666666667,0.0023809523809523807,0.0,0.001634768740031898,0.0008771929824561403,0.01369479199405431,0.00030864197530864197,0.003418803418803419,0.0,0.0,0.008750153355416514,0.0,0.0016666666666666668,0.005397727272727273,0.0022727272727272726,0.0,0.0,0.007500000000000001,0.0,0.0,0.0,0.0011111111111111111,0.00626984126984127,0.0014418604651162791,0.01922721406274038,0.0,0.27703862660944206,0.2524904214559387,0.18412904327133583,0.0202020202020202,0.014102564102564103,0.07709207567612247,0.03195560737711901,0.5141242937853108,0.26666666666666666,0.23333333333333334
198,0.04973471874819755,0.02,0.05724177288028538,0.04,0.07692307692309441,0.6076923076923078,0.717032967032967,0.34265734265734266,0.3941227312013829,0.0,0.0,0.009615384615384616,0.0,0.008796444770238694,0.0,0.0,0.0,0.0009496676163342829,0.0,0.004398222385119347,0.0,0.0,0.0,0.0,0.0,0.001053740779768177,0.0,0.0042941492216854536,0.0,0.0,0.0,0.0,0.0,0.0,0.0,0.0,0.0,0.0,0.0033444816053511705,0.0,0.0,0.0,0.0,0.0,0.0,0.0,0.0,0.0,0.0,0.0,0.01958379784466741,0.0,0.0,0.0,0.0,0.0,0.0,0.0,0.0,0.0,0.0033444816053511705,0.0,0.0,0.0,0.0,0.001053740779768177,0.0,0.0,0.0,0.0,0.01510989010989011,0.0,0.0042941492216854536,0.0,0.0,0.0,0.0,0.007692307692307693,0.0,0.0,0.0,0.0,0.0,0.0,0.0009496676163342829,0.0,0.0,0.0,0.0,0.0,0.0,0.0,0.0,0.009615384615384616,0.0,0.00591715976331361,0.007742703990470518,0.0,0.0009496676163342829,0.0,0.0,0.009615384615384616,0.0,0.0,0.0,0.0,0.0,0.002107481559536354,0.0,0.002107481559536354,0.0,0.0,0.0,0.0,0.004398222385119347,0.0,0.0,0.0,0.0,0.0,0.0,0.009615384615384616,0.01510989010989011,0.0,0.0,0.0,0.001053740779768177,0.0,0.002107481559536354,0.0,0.0,0.0,0.0,0.0,0.0,0.0,0.0,0.0,0.0,0.0,0.0,0.0,0.0,0.0033444816053511705,0.0,0.0,0.0033444816053511705,0.0,0.0033444816053511705,0.0,0.0,0.001053740779768177,0.002107481559536354,0.0,0.0,0.0,0.0,0.0,0.0,0.0,0.0,0.0,0.0,0.020604395604395604,0.0,0.0,0.009615384615384616,0.0009496676163342829,0.0,0.0,0.0,0.007742703990470518,0.0,0.0,0.0,0.0,0.0,0.0,0.0,0.0,0.0,0.0,0.0009496676163342829,0.0,0.004273504273504273,0.0,0.0,0.004398222385119347,0.0,0.0,0.0,0.0,0.0033444816053511705,0.0,0.0009496676163342829,0.0,0.0,0.0,0.0,0.0,0.0,0.0042941492216854536,0.0,0.4747441399801915,0.4703801945181255,0.1348173626870921,0.027972027972027975,0.0,0.02719021640615272,0.025951825951825953,0.6923076923076923,0.5384615384615384,0.6153846153846154
27,0.0019694560926768047,0.04,0.0018070100592601154,0.05,0.16666666666674246,0.638888888888889,0.5069444444444444,0.5315656565656566,0.7047440699126093,0.0,0.0025252525252525255,0.0,0.008101851851851851,0.009259259259259259,0.0,0.002585377585377585,0.0,0.0030864197530864196,0.001736111111111111,0.009259259259259259,0.0,0.0,0.001736111111111111,0.0,0.0,0.016684704184704184,0.0,0.0,0.0,0.0,0.0,0.0,0.0,0.0,0.0,0.0,0.0,0.0,0.00974025974025974,0.0,0.0,0.0,0.0,0.0,0.0033700980392156864,0.0,0.0,0.0,0.002585377585377585,0.0,0.0036596119929453263,0.003848003848003848,0.002585377585377585,0.0,0.0,0.0,0.0,0.018262987012987012,0.0,0.0033700980392156864,0.025744136038253686,0.0,0.0,0.001984126984126984,0.0,0.002777777777777778,0.0,0.0,0.0,0.007575757575757575,0.0,0.0,0.018999518999519,0.0,0.0,0.0,0.0,0.0,0.0,0.0,0.0,0.0,0.0,0.002585377585377585,0.0025252525252525255,0.0,0.0,0.0,0.0,0.001763668430335097,0.0,0.010690324109441755,0.002136752136752137,0.00421936451348216,0.0,0.0,0.023629148629148628,0.0,0.0,0.0,0.0,0.0,0.0,0.0,0.0,0.0,0.0023148148148148147,0.001763668430335097,0.0,0.0,0.0,0.0,0.0030864197530864196,0.0,0.0026455026455026454,0.0,0.0,0.0,0.0,0.0,0.0,0.0,0.0,0.0,0.012265512265512266,0.0,0.0025252525252525255,0.0,0.005263447971781305,0.0,0.0,0.0,0.0,0.0,0.0,0.0,0.0,0.0,0.0,0.0,0.0,0.0,0.008420603089720737,0.0,0.0,0.0,0.00974025974025974,0.0,0.00974025974025974,0.0,0.0,0.0,0.0023148148148148147,0.0,0.0,0.0,0.0,0.0,0.0,0.0,0.0,0.0,0.0025252525252525255,0.0,0.0,0.0,0.0,0.0,0.0,0.0,0.002777777777777778,0.023629148629148628,0.0,0.0,0.0,0.0,0.0,0.0,0.0,0.0,0.0,0.0,0.012275032066698733,0.0,0.0036596119929453263,0.005303030303030303,0.0,0.012055074555074555,0.0,0.00917589355089355,0.0,0.0,0.0,0.0,0.00974025974025974,0.0,0.0,0.0025252525252525255,0.0,0.0,0.001984126984126984,0.018233321235772218,0.0,0.2850500715307583,0.2675606641123882,0.14496871421583613,0.08585858585858587,0.05876068376068376,0.034602636821059296,0.0469440667357334,0.4666666666666666,0.2222222222222222,0.2777777777777778
155,0.03843417182735789,0.02,0.03823452821840522,0.06,0.13043478260874508,0.682608695652174,0.5023291925465838,0.43033596837944665,0.6314118221787983,0.0007422504025764895,0.001330191547582852,0.001089945886633905,0.001083245717112994,0.0058835477191141305,0.007146360340664469,0.008133396099569262,0.00038819875776397513,0.003400631403126057,0.005438515289058767,0.0052890655037711514,0.0,0.002571534745447789,0.0006793478260869565,0.0008410973084886129,0.0064835352933362385,0.003523687966622749,0.0,0.005907039578322265,0.0003506311360448808,0.00038819875776397513,0.0,0.0,0.0006799259944495837,0.004059887362664406,0.0002860411899313501,0.0006841658957755164,0.0005818984810957597,0.0005984730848861284,0.0005709412580943571,0.00536994832327069,0.0,0.0002173913043478261,0.0,0.0004940711462450593,0.000946969696969697,0.0004940711462450593,0.0003748125937031484,0.0009057971014492753,0.00033967391304347825,0.0007580028165615441,0.0035019192713092125,0.00030193236714975844,0.009076106562519604,0.0,0.001300631735414344,0.0001781895937277263,0.0,0.0022287371614145572,0.0004940711462450593,0.000946969696969697,0.017466991107578236,0.0,0.0,0.0026788697998043633,0.0002173913043478261,0.0003506311360448808,0.004572118702553485,0.0,0.0,0.005042907632505155,0.0,0.0004725897920604915,0.008212491233915199,0.0008566453207504775,0.0002312673450508788,0.0,0.0006669381936666328,0.0017884384875231556,0.0011148272017837235,0.00045289855072463763,0.0,0.0009881422924901185,0.0,0.0041278891210944305,0.0019052427338243445,0.0,0.0016330428362784275,0.0,0.0033643892339544515,0.001612517916865743,0.002468413913897878,0.0004940711462450593,0.00458546567629948,0.0025159347897853487,0.0004940711462450593,0.0,0.011113137384445484,0.0012409228789410792,0.0012235426439468028,0.0,0.0,0.0,0.0003748125937031484,0.0,0.0,0.004879741512543252,0.0,0.003389564118847433,0.00193784832574148,0.0012741834824214688,0.00451559934318555,0.0026978151975924607,0.00397807574964667,0.0,0.002231079127471357,0.0010005401026194976,0.0002173913043478261,0.0003563791874554526,0.0,0.0007246376811594203,0.00030193236714975844,0.002688777308834892,0.0,0.0010010495744191396,0.0009790601023017902,0.0,0.0004625346901017576,0.0,0.001858335685445087,0.002116037919469207,0.0004725897920604915,0.0011012600352511507,0.0003748125937031484,0.002350419111164428,0.0,0.001704046801179086,0.0002860411899313501,0.0,0.002161424478790505,0.0,0.0002312673450508788,0.0,0.004748084279691831,0.0010748799116682235,0.0003955808980755524,0.001913408605774632,0.006147313738264506,0.005377954832688792,0.0018220457079152733,0.004661173877347041,0.0033643892339544515,0.009746406658321294,0.0015057406361754188,0.0003563791874554526,0.0,0.0038172877846790886,0.004899899281827574,0.0003506311360448808,0.0037938480263197973,0.0001781895937277263,0.0,0.0,0.0003563791874554526,0.0,0.0016082672184987875,0.0,0.00045289855072463763,0.001658407928388747,0.0009666609383055508,0.0017354143441099964,0.0,0.009346255502474088,0.0,0.0,0.0006310881444523639,0.003576456721971971,0.0,0.004938563013946135,0.004543974636110113,0.00038819875776397513,0.0,0.0018115942028985505,0.005697907076297889,0.003878321256038647,0.0,0.0007246376811594203,0.0,0.006276041494495803,0.0005111633372502938,0.002003872178283328,0.0,0.0,0.004752343877999668,0.0,0.006915276628343434,0.0,0.0,0.006671666456076885,0.0035425788276821774,0.00045289855072463763,0.0,0.013242195471626798,0.0016212307249839606,0.45736144803134915,0.44402798600699644,0.1406092382844485,0.034255599472990776,0.05518394648829431,0.04632282772152143,0.009766664113000105,0.5543478260869565,0.29347826086956524,0.5217391304347826
4,0.014331632976689273,0.02,0.014196466238672547,0.06,0.41666666666674246,0.5666666666666668,0.29166666666666663,0.45833333333333337,0.6254681647940075,0.0,0.004901960784313725,0.0,0.010416666666666666,0.0023809523809523807,0.005704365079365079,0.001736111111111111,0.016666666666666666,0.0,0.0,0.0,0.0,0.0,0.0,0.0,0.006349206349206348,0.0,0.0,0.0025252525252525255,0.0,0.0,0.016666666666666666,0.0,0.0,0.0,0.0,0.0,0.0,0.0,0.005704365079365079,0.0,0.0,0.0,0.0,0.004901960784313725,0.0,0.001736111111111111,0.001736111111111111,0.0,0.001736111111111111,0.0,0.0,0.0,0.0,0.0,0.0,0.0,0.0,0.001736111111111111,0.0,0.0,0.0,0.0,0.0,0.008870214752567693,0.0023809523809523807,0.0,0.0,0.0,0.0,0.0,0.0,0.0,0.0023809523809523807,0.004901960784313725,0.0,0.0,0.0025252525252525255,0.0,0.0,0.01521164021164021,0.0,0.0,0.0,0.0023809523809523807,0.0025252525252525255,0.0,0.01218487394957983,0.0,0.0,0.0023809523809523807,0.016666666666666666,0.001736111111111111,0.0023809523809523807,0.0,0.0,0.010416666666666666,0.004901960784313725,0.00980392156862745,0.0,0.0,0.0,0.0,0.0,0.0,0.0,0.0,0.0,0.001736111111111111,0.0,0.001736111111111111,0.0,0.0,0.02435515873015873,0.0,0.0,0.0,0.0023809523809523807,0.0,0.0,0.0,0.0,0.001736111111111111,0.0,0.0025252525252525255,0.001736111111111111,0.0,0.0,0.0,0.001736111111111111,0.0,0.0025252525252525255,0.003968253968253968,0.0,0.001736111111111111,0.0,0.0,0.0,0.0,0.0,0.0,0.0,0.0,0.0,0.0,0.0,0.001736111111111111,0.0023809523809523807,0.0,0.001736111111111111,0.010416666666666666,0.0,0.0,0.0,0.0,0.0,0.0,0.0,0.0,0.0,0.0,0.0,0.0,0.0,0.0,0.0025252525252525255,0.0,0.0,0.0023809523809523807,0.0,0.0,0.0,0.008870214752567693,0.0,0.010416666666666666,0.0,0.0,0.0047619047619047615,0.016666666666666666,0.0025252525252525255,0.0,0.0,0.0,0.01904761904761905,0.0,0.0,0.0,0.0,0.0025252525252525255,0.0,0.008333333333333333,0.010416666666666666,0.010416666666666666,0.0025252525252525255,0.0,0.015178571428571428,0.0,0.0,0.0,0.0,0.0,0.0,0.008333333333333333,0.001736111111111111,0.4263233190271817,0.38505747126436785,0.1495436057388409,0.015151515151515152,0.035256410256410256,0.0343151819774807,0.018182348697054578,0.5833333333333333,0.3333333333333333,0.4166666666666667
122,0.49108908127089645,0.0,0.4921375670505211,0.01,0.09999999999990905,0.6200000000000001,0.5035714285714286,0.509090909090909,0.5370786516853931,0.0,0.0,0.0,0.0,0.007142857142857143,0.0125,0.0425,0.0,0.0,0.004347826086956522,0.0,0.0,0.0,0.0,0.0,0.01825396825396825,0.03277777777777778,0.0,0.007142857142857143,0.0,0.0,0.0,0.0,0.0,0.004347826086956522,0.0,0.0,0.0,0.0,0.01111111111111111,0.004347826086956522,0.0,0.0,0.0,0.0,0.0,0.0,0.0,0.0,0.01125,0.0,0.0,0.0,0.06416666666666666,0.0,0.0,0.0,0.0,0.0,0.0,0.0,0.021847826086956523,0.0,0.01111111111111111,0.0,0.0,0.0,0.0,0.0,0.0,0.005555555555555555,0.0125,0.0,0.0,0.0,0.0,0.0,0.007142857142857143,0.0,0.0,0.0,0.0,0.0,0.0,0.007142857142857143,0.0,0.0,0.0125,0.0,0.0,0.0,0.0,0.0,0.019642857142857142,0.01684782608695652,0.0,0.0,0.0,0.0,0.0,0.0,0.0,0.0,0.0,0.0,0.0,0.0,0.0,0.007142857142857143,0.0,0.0,0.0,0.00625,0.0,0.0,0.0,0.0,0.0,0.0,0.0,0.0,0.0,0.0,0.0,0.0,0.0,0.0,0.0,0.0,0.008695652173913044,0.0,0.0,0.01111111111111111,0.0,0.0,0.0,0.0,0.0,0.0,0.0,0.0,0.0,0.0,0.011805555555555555,0.0,0.0,0.0,0.0,0.004347826086956522,0.0,0.004347826086956522,0.0,0.0,0.01111111111111111,0.0,0.0,0.0,0.004347826086956522,0.0,0.0,0.0,0.0,0.0,0.0,0.0,0.0,0.0,0.0,0.0,0.0,0.0,0.0,0.0,0.0,0.0,0.0,0.0,0.0,0.0,0.0,0.0,0.0,0.0,0.0125,0.0125,0.0,0.0,0.0,0.0,0.0,0.0,0.0125,0.0125,0.0,0.0,0.0,0.0,0.0,0.0,0.0,0.007142857142857143,0.0,0.03434782608695652,0.0,0.25665236051502144,0.2689655172413793,0.10642645540272949,0.0,0.0,0.022158027630772837,0.06595238095238096,0.6499999999999999,0.3,0.6
32,0.03114610725812755,0.02,0.031601701106447375,0.13,0.3972602739725062,0.5643835616438357,0.5709393346379648,0.45828144458281445,0.6479913806372173,0.0012453300124533001,0.002186335485225424,0.0003913894324853229,0.0006275727107092247,0.002711187214611872,0.0019338514741029282,0.00545550340070888,0.0,0.0,0.0,0.0033338522208385224,0.0,0.00023618327822390173,0.0,0.00018765246762994932,0.0033037144878015584,0.007228996270092161,0.0024707574904609996,0.0025005435964340073,0.0,0.00018765246762994932,0.0,0.0,0.0009132420091324201,0.0,0.0,0.0,0.0006226650062266501,0.0006512932823750018,0.005416197197019115,0.00018765246762994932,0.0,0.00032615786040443573,0.0,0.00035124692658939234,0.0004280821917808219,0.0,0.003860523038605231,0.001956384821287986,0.008639910813823856,0.00023618327822390173,0.011763781351333465,0.0012453300124533001,0.004706708816297857,0.00228310502283105,0.0,0.0,0.0,0.0,0.00029779630732578913,0.0004280821917808219,0.005878995433789955,0.0011008944767623694,0.0015575154813285796,0.004017989293797627,0.0,0.0004280821917808219,0.0,0.0,0.0,0.005823002788856511,0.0052566314399743715,0.0,0.0033338522208385224,0.00035124692658939234,0.0,0.0,0.0015220700152207,0.008191894349628838,0.0015359070153590701,0.0026656086949957184,0.0,0.0,0.0,0.0,0.00228310502283105,0.0,0.00035124692658939234,0.0,0.0006157346594107713,0.0,0.002882049457391923,0.001636719444938623,0.00029779630732578913,0.0,0.0,0.0,0.0069684216088325675,0.00035124692658939234,0.0,0.0004280821917808219,0.0,0.0,0.0,0.0024906600249066002,0.0,0.001797945205479452,0.0015220700152207,0.004229469947467113,0.0009132420091324201,0.0,0.0,0.001655878368207135,0.002152641878669276,0.0,0.0036529680365296802,0.0,0.0,0.0,0.0,0.0,0.0,0.00289193302891933,0.005068978972344422,0.00395738203957382,0.0,0.0,0.0009132420091324201,0.0,0.0018007185697313235,0.0009132420091324201,0.0017612524461839533,0.00032615786040443573,0.0,0.0011661260488432564,0.0,0.0009132420091324201,0.0,0.0,0.0032859826688001735,0.0012453300124533001,0.0,0.00023618327822390173,0.009730102158284647,0.0,0.0004238357458538511,0.0023483365949119373,0.0013698630136986301,0.0,0.001636719444938623,0.0,0.0004280821917808219,0.0013698630136986301,0.0013916795929898966,0.00032615786040443573,0.0,0.0004280821917808219,0.0,0.0,0.0004238357458538511,0.0,0.0,0.0,0.00228310502283105,0.005068978972344422,0.00684931506849315,0.00023618327822390173,0.00018765246762994932,0.001758253293444602,0.0045662100456621,0.00047236655644780347,0.00029779630732578913,0.008925368771259183,0.0,0.0,0.0,0.0,0.0,0.0,0.0,0.0,0.0,0.0,0.0042400521852576645,0.004423278395881135,0.002799577017219908,0.0,0.0,0.007610350076103501,0.0005790419001152721,0.004091263114491227,0.0,0.0012453300124533001,0.00032615786040443573,0.0,0.0016960208741030659,0.0,0.0037359900373599,0.0033424884991783096,0.0,0.0026649346559596914,0.0003913894324853229,0.007722911642655538,0.0013698630136986301,0.2553942030689635,0.25003936387970394,0.1485275041812648,0.024076380240763803,0.07534246575342465,0.08138614709752306,0.02907367203184262,0.4931506849315068,0.3150684931506849,0.5753424657534246
144,0.15417958642173094,0.01,0.15387050790200826,0.05,0.31999999999993634,0.5160000000000001,0.6721428571428572,0.41363636363636364,0.5932584269662922,0.0013333333333333333,0.0013333333333333333,0.0,0.0017669172932330826,0.0,0.00125,0.0016666666666666666,0.0,0.0008,0.006818181818181819,0.0,0.0,0.0,0.0,0.0,0.00125,0.0041021180401985356,0.0,0.0,0.0,0.0017777777777777779,0.0,0.0,0.0016666666666666666,0.0026181818181818185,0.0,0.0,0.0,0.000625,0.001176470588235294,0.0018181818181818182,0.0,0.0,0.0,0.0,0.0,0.0,0.0,0.0,0.0016666666666666666,0.0,0.003833333333333333,0.0,0.004147869674185464,0.0013333333333333333,0.0,0.0,0.0,0.001176470588235294,0.002133333333333333,0.0,0.002994652406417112,0.0,0.0,0.00125,0.0047619047619047615,0.0,0.0018181818181818182,0.0,0.0,0.007222222222222222,0.004188888888888889,0.0,0.0024264705882352943,0.0009090909090909091,0.0,0.0014285714285714286,0.0,0.003916666666666666,0.0,0.00125,0.0047619047619047615,0.0,0.0,0.002857142857142857,0.0041333333333333335,0.0,0.0,0.0,0.0018181818181818182,0.00375,0.0,0.0,0.0,0.0016666666666666666,0.0,0.0013333333333333333,0.002994652406417112,0.0,0.0012444444444444445,0.0026666666666666666,0.0,0.0,0.0,0.0,0.0,0.0008,0.0,0.008339285714285714,0.0014285714285714286,0.003,0.0018181818181818182,0.0,0.0,0.0,0.0,0.0,0.0,0.0,0.0,0.0,0.00125,0.0014285714285714286,0.0013333333333333333,0.0,0.001176470588235294,0.0,0.006151515151515151,0.0013333333333333333,0.005672619047619048,0.0014285714285714286,0.0,0.0,0.0,0.0,0.0,0.0012444444444444445,0.0,0.0,0.00044444444444444447,0.0,0.0,0.000625,0.004722222222222222,0.0,0.0,0.0,0.001176470588235294,0.0018181818181818182,0.0022875816993464053,0.006111111111111111,0.0018181818181818182,0.0018181818181818182,0.0033015873015873015,0.0,0.0,0.0018181818181818182,0.0026181818181818185,0.0,0.0,0.0,0.0,0.0,0.00205,0.003388888888888889,0.0,0.0,0.00044444444444444447,0.0,0.0,0.0,0.0,0.002994652406417112,0.0,0.0,0.0,0.0,0.0,0.0026181818181818185,0.0,0.0,0.0,0.0,0.0018014705882352941,0.0,0.003833333333333333,0.0,0.0,0.001176470588235294,0.0017669172932330826,0.0,0.0,0.0,0.0,0.0,0.0022875816993464053,0.0,0.0,0.004266917293233082,0.0026181818181818185,0.004630952380952381,0.0,0.0018181818181818182,0.0,0.29519313304721034,0.26620689655172414,0.15917522521965105,0.03393939393939394,0.09307692307692307,0.1595320367688856,0.03446198056329635,0.3833333333333333,0.1,0.26
178,0.02114102805630409,0.07,0.023155531880707257,0.39,0.35999999999989996,0.66,0.37,0.4018181818181818,0.635505617977528,0.003076923076923077,0.002105263157894737,0.0036363636363636364,0.0,0.004,0.004,0.0,0.0014285714285714286,0.0016,0.0,0.0,0.0014285714285714286,0.0,0.0,0.0,0.004,0.0,0.00939153439153439,0.0,0.003928571428571429,0.002962962962962963,0.0,0.0,0.0036,0.0,0.0014814814814814814,0.0,0.0,0.0044444444444444444,0.004952380952380953,0.0,0.0,0.0,0.0,0.0,0.004210526315789474,0.0,0.0,0.0048529411764705885,0.0,0.004,0.003076923076923077,0.0,0.0,0.0,0.0,0.0018181818181818182,0.0,0.0,0.0009523809523809524,0.007797270955165692,0.004588744588744589,0.004391534391534392,0.0,0.004,0.0,0.0,0.0,0.0,0.0009523809523809524,0.004,0.009545165945165945,0.0,0.0,0.0,0.0,0.0016666666666666666,0.0,0.007563138615770195,0.0,0.0048529411764705885,0.0016666666666666666,0.0,0.0,0.0019047619047619048,0.0,0.0018181818181818182,0.0,0.0,0.0,0.0066,0.0025,0.002105263157894737,0.0,0.002857142857142857,0.0,0.0009523809523809524,0.004,0.0025,0.0,0.002105263157894737,0.0,0.0027314814814814814,0.0,0.005,0.0025,0.004886363636363637,0.0,0.0048529411764705885,0.0036363636363636364,0.0016,0.0,0.0,0.0016,0.0,0.0,0.0,0.0,0.0,0.0,0.0016666666666666666,0.0,0.0036363636363636364,0.005409523809523809,0.0014285714285714286,0.0,0.0,0.0,0.005,0.0,0.005454545454545454,0.0,0.0,0.0,0.0,0.0009523809523809524,0.00125,0.004,0.0,0.003333333333333333,0.0025,0.0,0.0,0.008210526315789474,0.0,0.0,0.0,0.0,0.0,0.0009523809523809524,0.0,0.0,0.004588744588744589,0.0009523809523809524,0.0,0.0,0.00125,0.0,0.0,0.004,0.0,0.0,0.0,0.0,0.007227705627705627,0.0014285714285714286,0.0009523809523809524,0.0,0.00125,0.0,0.0,0.0025,0.007076923076923077,0.005,0.0,0.0,0.0,0.0,0.0,0.0031746031746031746,0.0,0.0016666666666666666,0.0,0.004222222222222222,0.0,0.006958204334365325,0.0,0.0016666666666666666,0.011778221778221777,0.0,0.0009523809523809524,0.0,0.0009523809523809524,0.0,0.0009523809523809524,0.004,0.0,0.0025,0.0,0.00125,0.0048529411764705885,0.0,0.010713286713286713,0.0036363636363636364,0.44635193133047213,0.383448275862069,0.17166443330698888,0.0048484848484848485,0.033846153846153845,0.039805445787513195,0.022616835016835014,0.44,0.24,0.68
138,0.014099209417134686,0.05,0.014340520479051584,0.29,0.13157894736832532,0.668421052631579,0.49530075187969924,0.47009569377990434,0.6404494382022472,0.0004873294346978557,0.001506892230576441,0.0013732247284878863,0.006354153232943459,0.00688709295520441,0.0010121457489878543,0.005250371154925497,0.0034968628672493,0.0010121457489878543,0.0050896522999094,0.0027476780185758513,0.0018864365214110543,0.001174812030075188,0.0011961722488038277,0.0008771929824561404,0.002313154933390868,0.0013699020277967648,0.007282306797542254,0.004016949682584358,0.0,0.001848985208118335,0.0052202610365856845,0.0007739938080495355,0.006063837478311163,0.002210587774354877,0.006090367666766519,0.0007234912795184442,0.0007533955857385399,0.0004873294346978557,0.0020770703399590196,0.00387125104367689,0.0,0.0030628294875118833,0.0,0.0,0.007908333070120252,0.0,0.0013471177944862154,0.0008349821923229125,0.0,0.0029733527468798152,0.0016731069158965526,0.003156174750601995,0.005250371154925497,0.002631578947368421,0.0,0.0009868421052631581,0.00039872408293460925,0.0007309941520467836,0.0013472923795557004,0.005107625006254292,0.009672725297623455,0.003839867226594915,0.0027718432259510564,0.002509630836555834,0.0013016411997736276,0.0013157894736842105,0.0015273893937880756,0.0004385964912280702,0.0003289473684210526,0.00612778353930804,0.0012719298245614035,0.0,0.0030701754385964912,0.0024878372401592216,0.0004385964912280702,0.002200814536340852,0.0019701660568533634,0.001972466425782378,0.0005263157894736842,0.0017387218045112783,0.002200814536340852,0.0005624355005159959,0.0007739938080495355,0.002674190219381471,0.0010121457489878543,0.0,0.0029122854574767086,0.0,0.001547987616099071,0.001795112781954887,0.0003132832080200501,0.005923509754779104,0.003040271132376395,0.007144816744036128,0.0003132832080200501,0.0003289473684210526,0.011580302341658974,0.0024878372401592216,0.003910895892320041,0.00127218631373756,0.0005624355005159959,0.0005980861244019139,0.00042444821731748726,0.0003132832080200501,0.0003132832080200501,0.001704666524611123,0.0,0.0036759345141857487,0.0029857870961989955,0.0005624355005159959,0.001730931607092598,0.0,0.0003759398496240601,0.0,0.0030981387843146903,0.0003759398496240601,0.0,0.00045372050816696913,0.0,0.003164774681802546,0.0,0.00267630126039737,0.0008333333333333334,0.0007309941520467836,0.0017431399010346378,0.0,0.004294007961206564,0.003770600744284955,0.0033518984530224267,0.0029857870961989955,0.0,0.0007017543859649123,0.0008630447085455573,0.0007309941520467836,0.0,0.000773524720893142,0.0012234533702677748,0.0,0.0010089562140645732,0.0003132832080200501,0.0004385964912280702,0.000986842105263158,0.007839564727091205,0.0,0.003269092270907153,0.0015606545098378129,0.0,0.002155379824410085,0.003558221534227726,0.00240120503278398,0.001547987616099071,0.0014665145836728042,0.0018962178172704488,0.0,0.0,0.0007739938080495355,0.003369960219805421,0.0,0.004514266434607907,0.0008630447085455573,0.0005980861244019139,0.0003132832080200501,0.0,0.0008333333333333334,0.0021929824561403508,0.0016262060379707438,0.00023496240601503758,0.002552546138072454,0.0037565066512434933,0.004442596876807404,0.0,0.01084930818961219,0.0008771929824561404,0.0,0.0,0.0014044845149581405,0.0,0.005861125745026674,0.0021381578947368422,0.00039872408293460925,0.0011356516290726816,0.0016557017543859648,0.009653225997296639,0.0,0.0022387844325722542,0.001388888888888889,0.00753008829185866,0.0037078716528162513,0.00594479650779726,0.0030026659786721705,0.0,0.0,0.0013157894736842105,0.0022477092910529444,0.004493673074585823,0.0009494324045407637,0.0006265664160401002,0.0021449096880131364,0.0017861395570373901,0.0017121751747790528,0.0006578947368421052,0.012716751527825592,0.0017909356725146197,0.4794443189518862,0.4246823956442831,0.16200167196212228,0.001594896331738437,0.033400809716599186,0.045912914173719226,0.020708102343560287,0.4956140350877193,0.2631578947368421,0.3026315789473684
62,0.001996213964830408,0.13,0.0019447322451169964,0.52,0.21428571428577925,0.5321428571428571,0.5918367346938775,0.5957792207792209,0.557784911717496,0.0,0.0048372963243652894,0.0,0.008176789426789427,0.0027472527472527475,0.0031593406593406594,0.0012755102040816326,0.0,0.0026659312373598087,0.0,0.0027472527472527475,0.0,0.0,0.0,0.0,0.007280845720695345,0.007033068642561124,0.0,0.0012755102040816326,0.0,0.0032653061224489797,0.0,0.0,0.0,0.0017006802721088435,0.0010822510822510823,0.0,0.0,0.0,0.001830357142857143,0.002551020408163265,0.0,0.0031973938223938225,0.0041881184291898575,0.0012315270935960591,0.0,0.0,0.0,0.0,0.0,0.004146894771894772,0.0,0.0,0.0,0.002551020408163265,0.0,0.0,0.0010822510822510823,0.0005411255411255411,0.004688020313020313,0.0,0.0027472527472527475,0.0,0.0013736263736263737,0.004390867752936719,0.0,0.0,0.0,0.0,0.0,0.005049862418283472,0.0,0.0,0.0027472527472527475,0.0,0.0,0.0,0.0015527950310559005,0.0038555194805194805,0.0,0.0018796992481203006,0.0,0.0,0.0,0.0,0.0026659312373598087,0.0,0.0,0.0,0.0,0.004613164613164613,0.0,0.0037849378881987575,0.002551020408163265,0.0,0.0,0.0,0.004577609890109891,0.0,0.0017006802721088435,0.0,0.0,0.0,0.0,0.0,0.0,0.0017006802721088435,0.0,0.004286234598734599,0.001830357142857143,0.0007142857142857143,0.0,0.002551020408163265,0.0,0.0,0.0,0.0,0.0,0.0015527950310559005,0.006284962581955063,0.0007142857142857143,0.0,0.0013736263736263737,0.0,0.0,0.0013736263736263737,0.0,0.002551020408163265,0.0,0.0033831521739130436,0.0014285714285714286,0.0,0.0034549487674487675,0.0,0.0,0.0013736263736263737,0.0025108225108225113,0.0,0.0,0.0,0.0,0.0,0.0,0.0005411255411255411,0.005379325643300798,0.006803163053163053,0.0015527950310559005,0.0012755102040816326,0.0,0.0,0.004464285714285714,0.0,0.0,0.010106160287081339,0.0015527950310559005,0.0,0.0,0.0017006802721088435,0.002551020408163265,0.006803163053163053,0.0,0.0,0.0,0.0015527950310559005,0.0,0.0012755102040816326,0.004688020313020313,0.0,0.0,0.0,0.0,0.0,0.004577609890109891,0.0,0.0,0.0,0.0013736263736263737,0.0,0.004251700680272108,0.0,0.0,0.0,0.0,0.007530663780663781,0.002551020408163265,0.004320054945054945,0.0,0.0010822510822510823,0.0,0.0031973938223938225,0.0,0.0,0.0,0.0012755102040816326,0.0007142857142857143,0.0,0.0,0.0,0.0031351105035315563,0.0017006802721088435,0.005485468478889532,0.0,0.004731379731379731,0.0013736263736263737,0.4417535254445126,0.44170771756978655,0.12036671361877238,0.015151515151515152,0.07554945054945054,0.037912039869157046,0.0586407270005485,0.5059523809523809,0.2857142857142857,0.07142857142857142
135,0.023870187199399893,0.02,0.02393437458693238,0.11,0.05797101449275033,0.7434782608695653,0.515527950310559,0.5612648221343873,0.6809965803615046,0.0010351966873706003,0.0035719513980383547,0.0,0.0014492753623188406,0.0036231884057971015,0.0014492753623188406,0.0,0.0,0.0,0.0027848820687695367,0.0036231884057971015,0.0,0.01817632850241546,0.0,0.0,0.009566732313285866,0.0,0.0010351966873706003,0.005175983436853001,0.0,0.0,0.0,0.0,0.0020703933747412005,0.0007246376811594203,0.0010351966873706003,0.0,0.0,0.0008525149190110827,0.0010351966873706003,0.001577152600170503,0.0,0.0,0.0,0.0010466988727858295,0.004471213166865341,0.0,0.0,0.0010351966873706003,0.0020703933747412005,0.0014492753623188406,0.0020703933747412005,0.0008525149190110827,0.0,0.0,0.0,0.0004885197850512946,0.0,0.0012238325281803543,0.0,0.0038385929690277513,0.007324016563146998,0.0010351966873706003,0.0014492753623188406,0.0017713365539452498,0.005262249827467219,0.0,0.0007246376811594203,0.0,0.0,0.022077294685990338,0.0022964953228753913,0.002536231884057971,0.005233494363929146,0.0007627765064836002,0.0,0.0018115942028985507,0.0020703933747412005,0.004423113118765293,0.0,0.0032457075935336806,0.0018115942028985507,0.0010351966873706003,0.0,0.0014765084777872502,0.0,0.0,0.004658385093167701,0.0,0.0007246376811594203,0.001610305958132045,0.0,0.0034075224292615595,0.0018115942028985507,0.0003534817956875221,0.0,0.0016710048523410135,0.005238095238095238,0.005693581780538302,0.001154447286160841,0.0013175230566534915,0.0,0.0,0.0,0.0,0.0,0.0,0.0,0.0046353807223372435,0.0024154589371980675,0.0010351966873706003,0.0007246376811594203,0.0018115942028985507,0.0,0.0,0.0003534817956875221,0.001888449714536671,0.003450655624568668,0.0,0.0,0.00032206119162640903,0.0,0.0024154589371980675,0.0022964953228753913,0.0,0.0,0.0,0.007453416149068322,0.0,0.0017979731938542007,0.004485852311939269,0.0,0.0054114687467733,0.0,0.0,0.0,0.003278122843340234,0.0,0.0,0.0008525149190110827,0.0,0.0,0.0014743710395884308,0.027473492690883995,0.0,0.0014492753623188406,0.0,0.0,0.0007246376811594203,0.0044628479411088105,0.0008525149190110827,0.0007246376811594203,0.0007246376811594203,0.0044628479411088105,0.0,0.0012077294685990338,0.0007246376811594203,0.001577152600170503,0.0,0.004627510806000508,0.0,0.0,0.0,0.016304347826086956,0.0022964953228753913,0.001758312020460358,0.0,0.0008525149190110827,0.001963787753819567,0.001639061421670117,0.00351104209799862,0.0009057971014492754,0.005238095238095238,0.0,0.0012077294685990338,0.0,0.0014492753623188406,0.0,0.002731599886331344,0.004140786749482401,0.0,0.0,0.0,0.0027647532442928863,0.0018115942028985507,0.005458309806135893,0.00032206119162640903,0.0010351966873706003,0.008799171842650102,0.002898550724637681,0.001932367149758454,0.0011745761106374917,0.0020703933747412005,0.0020703933747412005,0.0,0.001963787753819567,0.0,0.0,0.00109603186896549,0.0007246376811594203,0.0022429261559696345,0.0,0.006993328732459167,0.0,0.25303228214219076,0.23288355822088955,0.14991955745919722,0.05357927097057532,0.06131549609810479,0.08692335515639472,0.025706329166996517,0.4552238805970149,0.18840579710144928,0.34782608695652173
128,0.007645952108010974,0.04,0.007649913369579068,0.14,0.08421052631570092,0.7157894736842105,0.4665413533834586,0.5358851674641149,0.6769958604376107,0.0,0.0,0.001106612685560054,0.0032748538011695906,0.0,0.0005540166204986149,0.003361034164358264,0.0014035087719298245,0.0021983706194232512,0.002205513784461153,0.0,0.0,0.0003007518796992481,0.0,0.0,0.00040485829959514174,0.005789473684210527,0.0,0.001101157148189623,0.0007017543859649122,0.0,0.0007017543859649122,0.0010526315789473684,0.0017236072637734686,0.0002844950213371266,0.0,0.0014035087719298245,0.0,0.0029286052970263496,0.008508771929824561,0.002205513784461153,0.0,0.0,0.0,0.0,0.004980097302078726,0.0,0.006140350877192982,0.0006191950464396285,0.0005540166204986149,0.002105263157894737,0.0,0.00644110275689223,0.002105263157894737,0.0,0.0,0.003884711779448622,0.0003759398496240601,0.0,0.0,0.0007017543859649122,0.0021558400505768925,0.0007518796992481202,0.0,0.0,0.0013157894736842105,0.0,0.0,0.0,0.0,0.0025772765246449454,0.00040485829959514174,0.0,0.0003759398496240601,0.0011695906432748538,0.0,0.00045766590389016015,0.0007017543859649122,0.0,0.0,0.0038699690402476785,0.0,0.0005540166204986149,0.0,0.0007017543859649122,0.001241432820380189,0.0010731958100379153,0.0011695906432748538,0.0,0.0010526315789473684,0.0014619883040935674,0.0,0.0071428571428571435,0.0007017543859649122,0.00347953216374269,0.0006191950464396285,0.0,0.004135338345864661,0.0011695906432748538,0.0020806520806520806,0.0006191950464396285,0.0,0.0,0.0,0.006140350877192982,0.0,0.0002844950213371266,0.0,0.0020995471133975286,0.0012512725809124701,0.0011695906432748538,0.0,0.0,0.0009569377990430622,0.0,0.0,0.00045766590389016015,0.0,0.0017543859649122805,0.0007017543859649122,0.0,0.0007518796992481202,0.0033249791144527984,0.00040485829959514174,0.0,0.0,0.0,0.002475486963021589,0.0,0.005514822891495256,0.0019530269668773823,0.0,0.0,0.0,0.00022396416573348263,0.0,0.0005540166204986149,0.0,0.0006972559604138551,0.0007017543859649122,0.003508771929824561,0.0,0.0006191950464396285,0.001997641161727849,0.0,0.002105263157894737,0.00022396416573348263,0.0,0.0007017543859649122,0.003333333333333333,0.002957393483709273,0.0,0.0,0.0018170426065162908,0.0,0.0010776942355889723,0.0,0.0024900088057982794,0.0,0.002105263157894737,0.0,0.0,0.0,0.0006578947368421052,0.00040485829959514174,0.0010526315789473684,0.0006191950464396285,0.0007017543859649122,0.0013157894736842105,0.0010526315789473684,0.0006191950464396285,0.0,0.00856516290726817,0.0,0.0,0.0,0.0007017543859649122,0.0,0.001788254419833367,0.0008771929824561403,0.0007518796992481202,0.002392650424013999,0.0,0.002497911445279866,0.0,0.0,0.0020095693779904307,0.00045766590389016015,0.0,0.0,0.003763955342902711,0.0,0.0,0.0,0.0,0.001106612685560054,0.0,0.002631578947368421,0.002819548872180451,0.0002844950213371266,0.0036267138434321095,0.0,0.003509223509223509,0.003032581453634085,0.2444996611700926,0.2206896551724138,0.15208297335440085,0.009569377990430622,0.04008097165991903,0.13542170297491504,0.03171568234923919,0.49818840579710144,0.3157894736842105,0.45263157894736844
226,0.039780774327438005,0.03,0.040242581008743776,0.18,1.0,0.024999999999999994,0.20535714285714285,0.5909090909090909,0.5561797752808988,0.008928571428571428,0.0,0.0,0.0,0.0,0.0,0.0,0.0,0.0,0.0,0.0,0.0,0.0,0.0,0.0,0.0,0.0,0.0,0.0,0.0,0.0,0.0,0.0,0.0,0.0,0.0,0.0,0.0,0.0,0.0,0.0,0.0,0.0,0.0,0.0,0.0,0.0,0.0,0.0,0.0,0.0,0.03125,0.0,0.0,0.0,0.0,0.0,0.0,0.0,0.0,0.0,0.0,0.0,0.0,0.0,0.0,0.0,0.0,0.0,0.0,0.009259259259259259,0.0,0.0,0.0,0.0,0.0,0.0,0.0,0.03125,0.0,0.0,0.0,0.0,0.0,0.0,0.0,0.0,0.0,0.0,0.0,0.0,0.0,0.0,0.0,0.0,0.0,0.0,0.0,0.0,0.0,0.0,0.0,0.0,0.0,0.0,0.0,0.0,0.0,0.0,0.0,0.0,0.0,0.0,0.0,0.0,0.0,0.0,0.0,0.0,0.0,0.0,0.0,0.0,0.0,0.0,0.0,0.0,0.0,0.0,0.0,0.0,0.0,0.0,0.0,0.0,0.0,0.0,0.0,0.0,0.0,0.0,0.0,0.0,0.009259259259259259,0.0,0.0,0.0,0.0,0.0,0.0,0.0,0.0,0.0,0.0,0.0,0.0,0.0,0.0,0.0,0.0,0.0,0.0,0.0,0.0,0.0,0.0,0.0,0.0,0.0,0.0,0.0,0.0,0.0,0.0,0.0,0.0,0.0,0.0,0.0,0.0,0.0,0.0,0.0,0.008928571428571428,0.0,0.0,0.0,0.0,0.0,0.0,0.008928571428571428,0.0,0.0,0.0,0.0,0.0,0.0,0.0,0.008928571428571428,0.0,0.0,0.0,0.008928571428571428,0.0,0.4291845493562232,0.37356321839080464,0.21053155275675395,0.07575757575757576,0.10576923076923077,0.0071524064171123,0.041666666666666664,0.29166666666666663,0.0,0.0
205,0.022507205589760236,0.03,0.022758195459442,0.08,0.58620689655163,0.3413793103448276,0.5233990147783251,0.700626959247649,0.660984114684231,0.0,0.0014367816091954023,0.0,0.0,0.0026525198938992045,0.01125081147134074,0.0,0.0,0.018965517241379314,0.0071839080459770105,0.0,0.0,0.009403520830946654,0.0,0.0005945303210463733,0.0069786535303776685,0.018199233716475097,0.0,0.0038314176245210726,0.0,0.0,0.0014367816091954023,0.0,0.0,0.020689655172413793,0.0,0.0,0.0,0.0,0.012452107279693486,0.0071839080459770105,0.0,0.0,0.0,0.0,0.0008019246190858059,0.0,0.0,0.0,0.0,0.0,0.0,0.0,0.005747126436781609,0.0,0.0030406308473670137,0.0008019246190858059,0.0,0.0,0.0,0.0,0.021097618411170936,0.0,0.0028735632183908046,0.008210180623973728,0.0,0.0,0.0071839080459770105,0.0014367816091954023,0.0,0.009523809523809525,0.0,0.0,0.0,0.0,0.0,0.0,0.0,0.0,0.0,0.0,0.0,0.0,0.0,0.001724137931034483,0.01841062227506936,0.0,0.0,0.0,0.0071839080459770105,0.0,0.0,0.0,0.0028735632183908046,0.0016038492381716118,0.0,0.0,0.0024630541871921183,0.0,0.017816091954022985,0.0,0.0,0.0,0.0,0.0,0.0,0.012870890136327185,0.0,0.0,0.0,0.0,0.0071839080459770105,0.0,0.009770114942528735,0.0,0.0,0.0,0.0,0.0,0.0,0.0,0.0,0.0,0.0,0.004310344827586207,0.0,0.0,0.0,0.0,0.0008019246190858059,0.0,0.0,0.0,0.0,0.0038314176245210726,0.0,0.0,0.0,0.0,0.005747126436781609,0.0,0.0,0.0,0.01400122198037194,0.0,0.0,0.0038314176245210726,0.0,0.0071839080459770105,0.0,0.0,0.0071839080459770105,0.007985832665062817,0.0030788177339901475,0.0005945303210463733,0.0,0.0071839080459770105,0.019252873563218392,0.0,0.0030406308473670137,0.0,0.0,0.0,0.0,0.0,0.0,0.0,0.005747126436781609,0.0,0.0,0.0030406308473670137,0.0,0.008210180623973728,0.0,0.0,0.0,0.0030406308473670137,0.0,0.024999999999999998,0.0,0.0,0.0,0.0,0.0026525198938992045,0.0,0.0,0.0,0.0,0.005112269446672013,0.0,0.017049636847496538,0.0,0.0,0.0,0.0,0.0,0.0,0.0,0.0030406308473670137,0.019252873563218392,0.0,0.0,0.03878425203121716,0.0,0.2572147402693503,0.26714229092350383,0.10628687933590858,0.07105538140020898,0.07294429708222812,0.027769112326345484,0.024661531999142262,0.44047619047619047,0.2413793103448276,0.06896551724137931
70,0.15693607071345778,0.01,0.15656717162163122,0.07,0.26086956521749016,0.5891304347826087,0.53027950310559,0.49308300395256915,0.6060087933561309,0.0003952569169960474,0.0008361204013377927,0.005797101449275362,0.0018870772946859903,0.0,0.0,0.0018120605077126817,0.0027264842482233784,0.005797101449275362,0.0026130873956960914,0.003623188405797101,0.0009881422924901185,0.0,0.0,0.007246376811594202,0.004615819439904107,0.0,0.003623188405797101,0.0,0.0,0.0,0.00031055900621118014,0.0,0.001847115657857346,0.0066205533596837935,0.0,0.0009881422924901185,0.004730514527425282,0.0012077294685990338,0.004076086956521739,0.0017578531308508425,0.0006793478260869565,0.0,0.0,0.0,0.0021221532091097307,0.0,0.0,0.003933747412008281,0.0,0.0006043310391136478,0.0034605661843513506,0.0008361204013377927,0.0024514466969709934,0.0006043310391136478,0.0,0.006159420289855072,0.005434782608695652,0.004912207357859532,0.006340579710144927,0.0,0.0003952569169960474,0.0,0.0,0.0010869565217391304,0.0003952569169960474,0.0009881422924901185,0.002997364953886693,0.003623188405797101,0.0,0.008252630806978634,0.0006793478260869565,0.0046325051759834365,0.0064311594202898555,0.013435990338164252,0.0,0.0,0.002173913043478261,0.003321722343461474,0.003623188405797101,0.00031055900621118014,0.0,0.0,0.0,0.002898550724637681,0.0013004658385093167,0.0033180778032036616,0.006753516624040921,0.0006793478260869565,0.003820816864295125,0.0,0.0,0.0008361204013377927,0.0006043310391136478,0.001358695652173913,0.00031055900621118014,0.0001976284584980237,0.006114130434782609,0.006114130434782609,0.0012077294685990338,0.0,0.0,0.0,0.0009881422924901185,0.0,0.0,0.0004627398052636653,0.0,0.006985294117647058,0.003957463992461973,0.000639386189258312,0.0001976284584980237,0.002717391304347826,0.006521739130434782,0.0,0.0018214354574375784,0.0,0.0012077294685990338,0.002717391304347826,0.0,0.0012077294685990338,0.0,0.006369183829138063,0.0012077294685990338,0.0,0.0008361204013377927,0.005434782608695652,0.005098694996393206,0.0,0.005021144613451788,0.005365666773662466,0.001358695652173913,0.0,0.0009881422924901185,0.002075098814229249,0.0,0.0020551698940445744,0.002084705753184014,0.0033180778032036616,0.0024159252420121987,0.0,0.0,0.0,0.003623188405797101,0.0,0.002491408333799638,0.005797101449275362,0.0008361204013377927,0.005714756258234519,0.002173913043478261,0.003381642512077295,0.003820816864295125,0.0017539525691699605,0.003936471613817151,0.0,0.0,0.0015563241106719369,0.0001976284584980237,0.0010275849470222872,0.0028002028002028,0.0009881422924901185,0.0,0.0,0.002717391304347826,0.0012077294685990338,0.0016733141279661344,0.002717391304347826,0.0006043310391136478,0.003796113306982872,0.0006793478260869565,0.0,0.006728778467908903,0.0014764008370146478,0.0009881422924901185,0.002717391304347826,0.0,0.0006043310391136478,0.0010869565217391304,0.000769710838360724,0.0,0.003623188405797101,0.00031055900621118014,0.0012077294685990338,0.011033188023277537,0.002717391304347826,0.0035808728263971227,0.0,0.0,0.0035395090505111713,0.0,0.001766304347826087,0.001278772378516624,0.0024509803921568623,0.0,0.0009881422924901185,0.004480211817168339,0.0,0.0,0.005452428006775833,0.003820816864295125,0.0007246376811594203,0.0,0.002414320832931649,0.0038461538461538464,0.20199664116439633,0.1896551724137931,0.16653484741702446,0.001976284584980237,0.032190635451505016,0.09326395864738914,0.04660535731137222,0.4666666666666666,0.21739130434782608,0.33695652173913043
192,0.05637121434934,0.01,0.05622785264992524,0.04,0.0,0.6705882352941177,0.4915966386554622,0.6550802139037434,0.7151354923992068,0.0,0.0,0.0,0.004201680672268907,0.0,0.0,0.0,0.014705882352941176,0.0,0.004901960784313725,0.011764705882352941,0.0,0.0,0.0,0.0,0.011764705882352941,0.004201680672268907,0.0,0.0,0.0,0.0,0.029411764705882353,0.0,0.0,0.0,0.0,0.0,0.011764705882352941,0.0,0.0,0.004901960784313725,0.0,0.004201680672268907,0.0,0.0,0.0,0.0,0.0,0.0,0.004201680672268907,0.004201680672268907,0.0,0.0,0.0,0.0,0.0,0.0,0.0,0.0,0.0,0.0,0.0,0.0,0.0,0.0,0.0,0.0,0.0,0.0,0.0,0.004201680672268907,0.004201680672268907,0.0,0.011764705882352941,0.0,0.0,0.0,0.0,0.0,0.011764705882352941,0.0,0.0,0.0,0.0,0.0,0.0,0.0,0.014705882352941176,0.0,0.0,0.0,0.004524886877828055,0.0,0.0,0.0,0.0,0.0,0.026470588235294117,0.0,0.0,0.0,0.0,0.0,0.0,0.0,0.0,0.0,0.0,0.0,0.0,0.0,0.0,0.0,0.004524886877828055,0.0,0.0,0.0,0.0,0.0,0.004201680672268907,0.0,0.0,0.0,0.004201680672268907,0.0,0.0,0.0,0.0,0.0,0.0,0.0,0.0,0.0,0.0,0.0,0.0,0.0,0.0,0.0,0.0,0.0,0.0,0.0,0.0,0.0,0.004201680672268907,0.0,0.0,0.0,0.0,0.0,0.0,0.0,0.004201680672268907,0.0,0.0,0.0,0.0,0.0,0.0,0.0,0.0,0.0,0.0,0.0,0.0,0.0,0.004901960784313725,0.0,0.0,0.0,0.004201680672268907,0.026470588235294117,0.0,0.0,0.0,0.0,0.0,0.014705882352941176,0.011764705882352941,0.0,0.0,0.0,0.0196078431372549,0.0,0.0,0.0,0.0,0.011764705882352941,0.004201680672268907,0.0,0.0,0.0,0.0,0.0,0.0,0.0,0.0,0.004201680672268907,0.0,0.0,0.0,0.011764705882352941,0.0,0.18732643271901034,0.15415821501014199,0.16765300613644452,0.03208556149732621,0.049773755656108594,0.05276368488519427,0.0392156862745098,0.39215686274509803,0.17647058823529413,0.17647058823529413
64,0.0010576829972594394,0.05,0.0009062753034835007,0.03,0.05128205128198715,0.6692307692307693,0.597985347985348,0.48484848484848486,0.6447709593777009,0.0,0.0,0.003205128205128205,0.0,0.003321914253088342,0.0029520917678812417,0.005698005698005697,0.021367521367521364,0.002564102564102564,0.0,0.0019723865877712033,0.0,0.0018315018315018315,0.0,0.0,0.001349527665317139,0.016423578670542234,0.0,0.002564102564102564,0.0,0.0014245014245014244,0.01282051282051282,0.0,0.002331002331002331,0.002564102564102564,0.0,0.0,0.0,0.0,0.006527042458216547,0.0,0.0,0.0,0.0,0.0,0.0,0.0,0.0021367521367521365,0.0,0.0,0.0,0.0,0.0,0.014807317438896387,0.008547008547008546,0.0,0.0,0.0,0.0,0.0,0.0,0.011378469458766355,0.0,0.0,0.004554655870445344,0.0014245014245014244,0.0,0.0,0.0,0.0,0.0018315018315018315,0.0,0.0,0.0019723865877712033,0.0,0.0,0.0,0.002564102564102564,0.0021367521367521365,0.0,0.0,0.0,0.0,0.0,0.0,0.002564102564102564,0.0,0.0,0.0,0.0,0.0,0.0,0.004273504273504273,0.011752136752136752,0.0018993352326685659,0.0,0.002331002331002331,0.003321914253088342,0.0,0.002564102564102564,0.0,0.0,0.002331002331002331,0.0,0.0021367521367521365,0.0,0.013782051282051282,0.0,0.0,0.0,0.0,0.0,0.0016025641025641025,0.0,0.0,0.0,0.003663003663003663,0.0,0.002331002331002331,0.0,0.002331002331002331,0.0,0.003205128205128205,0.0,0.0,0.0,0.0,0.0,0.002331002331002331,0.0,0.0,0.0,0.0,0.0,0.0028490028490028487,0.0014245014245014244,0.0,0.0014245014245014244,0.0,0.0,0.0021367521367521365,0.0,0.0,0.0018315018315018315,0.0,0.0,0.0,0.0,0.0,0.0,0.0,0.0,0.007506747638326585,0.0,0.007122507122507123,0.0,0.0,0.002564102564102564,0.0,0.0,0.0,0.0,0.0,0.002331002331002331,0.0,0.002331002331002331,0.0,0.0,0.0,0.0,0.0,0.0,0.003321914253088342,0.0,0.0,0.0,0.0,0.0,0.015384615384615384,0.002699055330634278,0.0,0.0,0.0,0.02849002849002849,0.0016025641025641025,0.0,0.002331002331002331,0.0,0.004807692307692308,0.0,0.012656147271531887,0.0,0.0,0.0,0.0,0.001349527665317139,0.0,0.0021367521367521365,0.002331002331002331,0.002564102564102564,0.0,0.0,0.03051984689973894,0.0,0.17145372510179377,0.15797229590333037,0.14369889176428075,0.021756021756021756,0.0,0.011941007058288435,0.011398048645012208,0.5438596491228069,0.2564102564102564,0.3076923076923077
44,0.02618523451397337,0.02,0.02612289093115236,0.13,0.0,0.7666666666666667,0.6904761904761904,0.6818181818181819,0.6666666666666667,0.0,0.0,0.0,0.0,0.0,0.0,0.0,0.0,0.0,0.0,0.0,0.0,0.0,0.0,0.0,0.0,0.0,0.0,0.0,0.0,0.0,0.0,0.0,0.0,0.0,0.0,0.0,0.0,0.0,0.0,0.0,0.0,0.0,0.0,0.0,0.0,0.0,0.0,0.0,0.0,0.0,0.0,0.0,0.0,0.0,0.0,0.0,0.0,0.0,0.0,0.0,0.0,0.0,0.0,0.0,0.0,0.0,0.0,0.0,0.0,0.0,0.0,0.0,0.0,0.0,0.0,0.0,0.0,0.0,0.0,0.0,0.0,0.0,0.0,0.0,0.0,0.0,0.0,0.0,0.0,0.0,0.0,0.0,0.0,0.0,0.0,0.0,0.0,0.0,0.0,0.0,0.0,0.0,0.0,0.0,0.0,0.0,0.0,0.0,0.0,0.0,0.0,0.0,0.0,0.0,0.0,0.0,0.0,0.0,0.0,0.0,0.0,0.0,0.0,0.0,0.0,0.0,0.0,0.0,0.0,0.0,0.0,0.0,0.0,0.0,0.0,0.0,0.0,0.0,0.027777777777777776,0.0,0.0,0.0,0.0,0.0,0.027777777777777776,0.0,0.0,0.0,0.0,0.0,0.0,0.0,0.0,0.0,0.0,0.0,0.0,0.0,0.0,0.0,0.0,0.0,0.0,0.0,0.0,0.027777777777777776,0.027777777777777776,0.0,0.0,0.0,0.0,0.0,0.0,0.0,0.0,0.0,0.0,0.0,0.0,0.0,0.0,0.0,0.0,0.0,0.0,0.0,0.0,0.0,0.0,0.0,0.0,0.0,0.0,0.0,0.0,0.0,0.0,0.0,0.0,0.0,0.0,0.0,0.0,0.19456366237482117,0.17624521072796934,0.13680578635740764,0.0404040404040404,0.14102564102564102,0.05723409481699828,0.15925925925925924,0.4444444444444444,0.0,0.0
165,0.3167873912240363,0.01,0.316728575691401,0.03,0.16000000000008185,0.664,0.5214285714285714,0.58,0.6142322097378277,0.0014192343604108309,0.0013333333333333335,0.0022222222222222222,0.0013333333333333335,0.001834785818607861,0.0003418803418803419,0.0033371690639983323,0.001297134238310709,0.0006349206349206349,0.0011403583496606752,0.00338247546065458,0.001517094017094017,0.0005982905982905983,0.00028368794326241134,0.0,0.0018296891043444597,0.0006837606837606838,0.0002564102564102564,0.0012422360248447205,0.0013769063180827886,0.0,0.0002564102564102564,0.00028368794326241134,0.001452991452991453,0.0027708180708180706,0.0,0.0008333333333333334,0.0010897435897435897,0.0,0.0,0.0018740573152337858,0.0,0.0002777777777777778,0.0,0.0,0.0013894811656005686,0.0006804478897502153,0.0006349206349206349,0.0,0.00246031746031746,0.0007905982905982905,0.006438746438746438,0.0,0.0018153846153846154,0.0031013431013431013,0.0003418803418803419,0.004244642742426421,0.0,0.0002962962962962963,0.0,0.0005555555555555556,0.0016046976828768022,0.0002564102564102564,0.0,0.0008357075023741689,0.0022222222222222222,0.0003418803418803419,0.0021358974358974357,0.0,0.0,0.002250712250712251,0.0011004273504273505,0.0,0.00062015503875969,0.0003418803418803419,0.0002564102564102564,0.0008432539682539682,0.003314814814814815,0.006034188034188035,0.0002962962962962963,0.0010474254742547425,0.0019047619047619048,0.0,0.0,0.0,0.0006349206349206349,0.0,0.0003418803418803419,0.0,0.0027623204218948897,0.0004166666666666667,0.0006349206349206349,0.0,0.0020449116101290015,0.000310077519379845,0.000310077519379845,0.0009674486270230951,0.0009620353806400317,0.0007122507122507122,0.0021084249084249084,0.0013333333333333335,0.00028368794326241134,0.0008827656588850618,0.001487753539992346,0.0019682539682539684,0.0,0.0031135531135531133,0.0003252032520325203,0.002074074074074074,0.0,0.0014814814814814814,0.0008228980322003578,0.0,0.0,0.0,0.00315018315018315,0.0,0.0,0.0,0.0004938271604938272,0.0015665263426457457,0.0,0.0028888888888888888,0.0004166666666666667,0.0022222222222222222,0.0,0.0003252032520325203,0.0016111111111111111,0.0015665263426457457,0.0007730790491984521,0.0006349206349206349,0.0013034188034188035,0.0002962962962962963,0.0010897435897435897,0.0,0.0,0.0,0.0,0.0,0.0013230769230769231,0.0,0.0002564102564102564,0.0027263177972722073,0.0005982905982905983,0.0,0.0007905982905982905,0.0,0.0014924085576259489,0.002054241315782447,0.0,0.000310077519379845,0.002735042735042735,0.0002564102564102564,0.001719789773615638,0.0002962962962962963,0.0,0.0005128205128205128,0.0018420473942862003,0.0002564102564102564,0.0008547008547008546,0.0010897435897435897,0.0,0.0006349206349206349,0.0,0.0004166666666666667,0.002251141902627392,0.0,0.0020068376068376067,0.0016666666666666668,0.0009938382031405286,0.0005982905982905983,0.0006837606837606838,0.0009620353806400317,0.0001990049751243781,0.0022222222222222222,0.0,0.0015304885827273887,0.0,0.002214407814407814,0.0012422360248447205,0.0014246642246642245,0.0,0.0002777777777777778,0.004265821866733129,0.0002962962962962963,0.004700854700854701,0.0015665263426457457,0.0,0.002896371363190585,0.0002777777777777778,0.00028368794326241134,0.0,0.0,0.0009523809523809524,0.0001990049751243781,0.0014924085576259489,0.0021037668798862827,0.0006349206349206349,0.0007972955734149765,0.0031135531135531133,0.0007696476964769648,0.0,0.00348789849290688,0.006962962962962962,0.4899570815450644,0.43463601532567053,0.20509629362136522,0.039595959595959594,0.03948717948717949,0.09841943298298411,0.012590957657118708,0.40222222222222226,0.18666666666666668,0.28
40,0.13797545369114778,0.01,0.13810369214184118,0.05,0.0,0.8,0.8035714285714285,0.8863636363636364,0.6404494382022472,0.0,0.0,0.0,0.0,0.0,0.0,0.0,0.0,0.0,0.02,0.0,0.0,0.0,0.02,0.0,0.0,0.0,0.0,0.0,0.0,0.0,0.0,0.0,0.0,0.0,0.0,0.0,0.0,0.0,0.0,0.0,0.0,0.0,0.0,0.0,0.02,0.0,0.0,0.0,0.0,0.0,0.0,0.0,0.0,0.0,0.0,0.0,0.0,0.0,0.0,0.02,0.0,0.0,0.0,0.0,0.0,0.0,0.0,0.0,0.0,0.0,0.0,0.0,0.0,0.0,0.0,0.0,0.0,0.0,0.0,0.02,0.0,0.0,0.0,0.0,0.0,0.0,0.0,0.0,0.0,0.0,0.0,0.0,0.0,0.0,0.0,0.0,0.0,0.0,0.0,0.0,0.0,0.0,0.0,0.0,0.0,0.02,0.0,0.0,0.0,0.0,0.0,0.0,0.0,0.0,0.0,0.0,0.0,0.0,0.0,0.0,0.0,0.0,0.0,0.0,0.0,0.0,0.0,0.0,0.0,0.0,0.0,0.0,0.0,0.0,0.0,0.0,0.0,0.0,0.0,0.0,0.0,0.0,0.0,0.0,0.0,0.0,0.0,0.0,0.0,0.0,0.0,0.0,0.0,0.0,0.0,0.02,0.0,0.0,0.0,0.0,0.0,0.0,0.0,0.0,0.0,0.0,0.0,0.0,0.0,0.0,0.0,0.0,0.0,0.0,0.0,0.0,0.0,0.0,0.0,0.0,0.0,0.0,0.02,0.0,0.0,0.0,0.0,0.0,0.0,0.0,0.0,0.0,0.0,0.0,0.0,0.0,0.0,0.0,0.0,0.0,0.0,0.0,0.0,0.30257510729613735,0.28735632183908044,0.12230619303615692,0.0,0.21153846153846154,0.029197080291970802,0.0,0.41666666666666663,0.0,0.0
123,0.17755377423462038,0.01,0.1783502306846613,0.06,0.145161290322676,0.7080645161290323,0.5576036866359447,0.5263929618768328,0.6197897789054005,0.0,0.0012406947890818859,0.003928866832092638,0.0,0.0007012622720897616,0.0,0.0026881720430107525,0.0,0.004650537634408602,0.0,0.0017765310892940626,0.0,0.0,0.0,0.0,0.0,0.0032258064516129032,0.0,0.0028244388286011593,0.001466275659824047,0.0,0.0,0.0,0.0,0.0006451612903225806,0.0,0.0,0.0,0.0,0.0,0.0008488964346349745,0.0,0.0,0.0,0.0,0.0028535980148883377,0.0,0.0026881720430107525,0.0,0.0,0.0,0.0036096464019851116,0.0026881720430107525,0.0026881720430107525,0.0,0.0,0.003928866832092638,0.0,0.007680491551459293,0.0012406947890818859,0.0028535980148883377,0.004987874006545114,0.0,0.0,0.0,0.0,0.001075268817204301,0.0,0.0,0.0,0.0030054097375275496,0.0007012622720897616,0.0,0.0028942447282301127,0.004032258064516129,0.0,0.0,0.0026881720430107525,0.001744727047146402,0.0,0.001492710918114144,0.0,0.0,0.0,0.0,0.0006451612903225806,0.0012406947890818859,0.004032258064516129,0.0,0.0,0.0,0.0,0.007680491551459293,0.002296822452457434,0.0008971774193548387,0.0,0.001075268817204301,0.009332632071061242,0.004032258064516129,0.0015412186379928315,0.0012406947890818859,0.0,0.0,0.0,0.0,0.001466275659824047,0.004408602150537634,0.0,0.0005040322580645161,0.0012406947890818859,0.0,0.0,0.0,0.012170698924731183,0.0,0.0,0.0013440860215053762,0.0,0.0,0.0,0.0,0.0008488964346349745,0.003928866832092638,0.0,0.0,0.007680491551459293,0.0013440860215053762,0.0,0.0,0.003192204301075269,0.006617038875103391,0.0026881720430107525,0.0013440860215053762,0.0,0.0006451612903225806,0.0012406947890818859,0.0,0.0,0.0012406947890818859,0.002653905234550396,0.0,0.0,0.0024813895781637717,0.003544842254519674,0.001466275659824047,0.0,0.0006451612903225806,0.0013440860215053762,0.0008488964346349745,0.0012406947890818859,0.0,0.0,0.003928866832092638,0.0,0.0006451612903225806,0.0,0.001075268817204301,0.0014940577249575552,0.0,0.0,0.0,0.0,0.0,0.0006451612903225806,0.0,0.0007680491551459293,0.0012406947890818859,0.0027819134270747176,0.0,0.0,0.0,0.0,0.013129490454613176,0.0,0.0016129032258064516,0.0016129032258064516,0.0,0.0013440860215053762,0.0012903225806451613,0.002304147465437788,0.0,0.0,0.0,0.005072339223811875,0.0,0.004094292803970223,0.0,0.0,0.0026881720430107525,0.0,0.0008488964346349745,0.0,0.0032258064516129032,0.002304147465437788,0.0,0.0026881720430107525,0.0,0.0,0.0007012622720897616,0.0017204301075268815,0.0005040322580645161,0.0013440860215053762,0.005655799532253699,0.006617038875103391,0.24622732936452993,0.2161661104931405,0.18082157262856702,0.0772238514173998,0.10918114143920594,0.08232273149614414,0.04103783494663841,0.5376344086021505,0.3387096774193548,0.3225806451612903
153,0.021783328845324145,0.01,0.02172290454506958,0.04,0.33333333333325754,0.5083333333333334,0.6339285714285714,0.48484848484848486,0.9288389513108615,0.007575757575757576,0.0,0.0,0.0,0.006944444444444444,0.0,0.005208333333333333,0.0,0.005208333333333333,0.0,0.0,0.0,0.0,0.0,0.0,0.0,0.0,0.0,0.0,0.0,0.0,0.0,0.0,0.0,0.0,0.0,0.0,0.0,0.005208333333333333,0.0,0.0,0.0,0.0,0.0,0.005208333333333333,0.0,0.0,0.0,0.0,0.0,0.0,0.013888888888888888,0.0,0.0,0.0,0.0,0.007575757575757576,0.0,0.0,0.0,0.0,0.0,0.0,0.0,0.0,0.0,0.0,0.0,0.0,0.0,0.0,0.007575757575757576,0.0,0.0,0.0,0.0,0.0,0.0,0.021464646464646464,0.0,0.0,0.0,0.0,0.0,0.0,0.007575757575757576,0.0,0.0,0.0,0.0,0.0,0.005208333333333333,0.0,0.0,0.0,0.0,0.0,0.0,0.0,0.0,0.0,0.0,0.0,0.0,0.0,0.0,0.0,0.0,0.0,0.0,0.0,0.0,0.0,0.005208333333333333,0.0,0.0,0.004901960784313725,0.0,0.0,0.0,0.0,0.0,0.007575757575757576,0.007575757575757576,0.0,0.0,0.0,0.0,0.0,0.0,0.007575757575757576,0.0,0.0,0.0,0.004901960784313725,0.0,0.0,0.0,0.0,0.0,0.0,0.0,0.0,0.0,0.0,0.0,0.004901960784313725,0.0,0.007575757575757576,0.0,0.007575757575757576,0.0,0.0,0.0,0.0,0.0,0.0,0.007575757575757576,0.0,0.0,0.0,0.0,0.0,0.0,0.007575757575757576,0.0,0.0,0.004901960784313725,0.0,0.0,0.0,0.0,0.0,0.0,0.0,0.0,0.0,0.0,0.0,0.0,0.0,0.0,0.0,0.007575757575757576,0.0,0.0,0.0,0.0,0.0,0.0,0.0,0.0,0.0,0.0,0.004901960784313725,0.0,0.0,0.0,0.027777777777777776,0.0,0.0,0.0,0.0,0.007575757575757576,0.18490701001430615,0.16666666666666666,0.14413711545144642,0.0,0.0,0.11524516611002006,0.053039587046939986,0.4444444444444444,0.3333333333333333,0.3333333333333333
23,0.1234212166308301,0.02,0.12666483564756734,0.18,0.16666666666674246,0.5791666666666667,0.49404761904761907,0.34469696969696967,0.7116104868913857,0.0,0.0,0.0,0.0,0.0,0.0026041666666666665,0.0,0.0,0.004629629629629629,0.0,0.0,0.005208333333333333,0.0,0.0,0.0,0.0,0.01678240740740741,0.0,0.0,0.0,0.0,0.0,0.0,0.0,0.009837962962962963,0.0,0.005208333333333333,0.005208333333333333,0.0,0.006944444444444444,0.005208333333333333,0.0,0.0,0.0,0.0,0.001893939393939394,0.0,0.0,0.0,0.0,0.0,0.0,0.0,0.0,0.0,0.0,0.0,0.0,0.006944444444444444,0.0,0.0,0.015277777777777779,0.0,0.0,0.0,0.0,0.0,0.005208333333333333,0.0,0.0,0.0,0.0023148148148148147,0.010416666666666666,0.009395424836601307,0.004901960784313725,0.0,0.0,0.0,0.0,0.0,0.0,0.0,0.0,0.0,0.0,0.004629629629629629,0.0023148148148148147,0.007352941176470589,0.0,0.0,0.0,0.0024509803921568627,0.0,0.0,0.0,0.0,0.0,0.006944444444444444,0.0,0.004629629629629629,0.0,0.0,0.0,0.005208333333333333,0.0024509803921568627,0.0024509803921568627,0.012962962962962963,0.0,0.0023148148148148147,0.003787878787878788,0.0,0.0,0.0026041666666666665,0.004629629629629629,0.0,0.0,0.008333333333333333,0.0,0.0,0.005208333333333333,0.0,0.0,0.003787878787878788,0.0,0.0,0.006944444444444444,0.0,0.0,0.0,0.004629629629629629,0.003787878787878788,0.0,0.0,0.005208333333333333,0.004629629629629629,0.003787878787878788,0.0,0.0,0.0,0.0,0.0024509803921568627,0.0,0.001893939393939394,0.001893939393939394,0.0,0.0,0.004629629629629629,0.006944444444444444,0.005208333333333333,0.006944444444444444,0.0,0.0,0.008333333333333333,0.009837962962962963,0.0,0.013888888888888888,0.0,0.004629629629629629,0.0,0.0,0.005208333333333333,0.0,0.0,0.0,0.0,0.0023148148148148147,0.0,0.003787878787878788,0.0024509803921568627,0.0,0.0,0.015318627450980393,0.006944444444444444,0.0,0.0,0.0,0.0,0.0,0.004629629629629629,0.0,0.0,0.0,0.0,0.0023148148148148147,0.0026041666666666665,0.0023148148148148147,0.0,0.0,0.015277777777777779,0.0,0.0,0.0,0.0,0.0,0.0,0.009395424836601307,0.0,0.0024509803921568627,0.0,0.004629629629629629,0.0,0.0,0.008333333333333333,0.0,0.1856223175965665,0.17241379310344826,0.13693668665463132,0.00505050505050505,0.0,0.03056789739538821,0.012055074555074555,0.4097222222222222,0.20833333333333334,0.5416666666666666
211,0.026819146002975133,0.02,0.026949224046293647,0.03,0.09803921568618534,0.707843137254902,0.5021008403361344,0.41131907308377896,0.5243445692883895,0.001518646674356017,0.0007541478129713424,0.0,0.0014005602240896359,0.0,0.000326797385620915,0.0030637254901960784,0.0006151480199923107,0.0001849796522382538,0.0004901960784313725,0.0,0.00040849673202614375,0.000392156862745098,0.00029708853238265005,0.0,0.0003770739064856712,0.0011695906432748538,0.0014005602240896359,0.0001849796522382538,0.0023148148148148147,0.0,0.0005606817890554915,0.00029708853238265005,0.00040849673202614375,0.0004901960784313725,0.0,0.0005606817890554915,0.0,0.0,0.002835673743181483,0.0010152827868286146,0.0005767012687427913,0.000392156862745098,0.0,0.0007541478129713424,0.004764361885104919,0.00029708853238265005,0.0,0.004668534080298786,0.0,0.0,0.0,0.0,0.0006127450980392157,0.00040849673202614375,0.0,0.0010606581814012154,0.0,0.0021445542721372514,0.0038709928415810767,0.000980392156862745,0.004201341285319613,0.0,0.000392156862745098,0.0020053475935828875,0.0013043934151200588,0.0,0.002012774806892454,0.0,0.00196078431372549,0.003188414254590725,0.0004668534080298786,0.0,0.0007439940480476156,0.000326797385620915,0.0,0.0006151480199923107,0.0001849796522382538,0.0010893246187363833,0.0,0.004248366013071896,0.0006151480199923107,0.0011918492887351018,0.0,0.0004820681846209038,0.001453488372093023,0.0005606817890554915,0.004511224779766979,0.0,0.0004901960784313725,0.00980392156862745,0.0,0.0014005602240896359,0.0011402347283895526,0.001633986928104575,0.00326797385620915,0.00196078431372549,0.0008427932576539387,0.000326797385620915,0.00040849673202614375,0.0021786492374727667,0.0,0.0011918492887351018,0.00029708853238265005,0.0,0.0,0.0024985907338848515,0.0,0.004017396432257113,0.0009691785210816352,0.0012776767930140689,0.0004901960784313725,0.0,0.0,0.0,0.001633986928104575,0.00042625745950554135,0.0006892453951277481,0.0001849796522382538,0.00029708853238265005,0.00040849673202614375,0.0,0.001961242013145127,0.0004668534080298786,0.00026497085320614734,0.0021445542721372514,0.0,0.0023809523809523807,0.00040849673202614375,0.003302736775692521,0.0009691785210816352,0.0,0.0,0.00029708853238265005,0.001050877867486864,0.0,0.0,0.0,0.0005606817890554915,0.0008431461960069026,0.00029708853238265005,0.0,0.0015955401768550559,0.0023363891010949834,0.00022799817601459188,0.0,0.0004901960784313725,0.0011210679545332867,0.0019767309775960296,0.0022433534817435743,0.001843041138023837,0.0004901960784313725,0.0029887868123162245,0.00065359477124183,0.0,0.0,0.000980392156862745,0.0019767309775960296,0.00029708853238265005,0.0,0.0,0.0,0.0,0.0,0.0004668534080298786,0.0018021914648212228,0.0021786492374727667,0.0006364949080407357,0.0005159958720330237,0.00040849673202614375,0.0,0.0010061919504643962,0.0017847386632671642,0.0,0.0005606817890554915,0.00029708853238265005,0.00029708853238265005,0.0001849796522382538,0.0007872846108140226,0.0022506584790321815,0.0,0.00326797385620915,0.0,0.014570117262591312,0.0004129778282528456,0.0027816682228446934,0.00040849673202614375,0.0,0.0023178509610853448,0.0,0.0023529411764705885,0.002272450482169152,0.0008718902580795164,0.0,0.0014005602240896359,0.002755054882637862,0.0,0.0,0.002604847494553377,0.0004901960784313725,0.0,0.0017082590612002378,0.008086498145241204,0.0014005602240896359,0.28052680299587646,0.263466306062655,0.13243185445162942,0.0059417706476530005,0.1907993966817496,0.03207021880273479,0.02979600096977158,0.5633333333333332,0.37254901960784315,0.11764705882352941
183,0.006983413131422963,0.04,0.006873445183799755,0.17,0.16666666666674246,0.81,0.47857142857142854,0.6409090909090909,0.6262172284644194,0.002150537634408602,0.0032974910394265233,0.00196078431372549,0.0024086021505376346,0.0022012922012922013,0.0014814814814814816,0.0,0.0033953126058389213,0.0017543859649122805,0.0063328033916269216,0.0,0.0,0.002706552706552706,0.0,0.0,0.0015151515151515152,0.005787069534949693,0.0,0.00533745947539051,0.001695873374788016,0.0,0.003799563010089326,0.0,0.00045045045045045046,0.0,0.002150537634408602,0.0,0.0010416666666666667,0.006737053795877326,0.007153494457409098,0.008275370959194488,0.0,0.0,0.0005747126436781609,0.0010416666666666667,0.004757719179625874,0.0,0.0,0.001121160731109855,0.0,0.001075268817204301,0.009101429868219928,0.0011494252873563218,0.002101806239737274,0.0009009009009009009,0.0,0.0,0.0,0.0031105506515342585,0.0054480286738351254,0.00196078431372549,0.007976955517939125,0.0,0.0013333333333333333,0.0014814814814814816,0.0,0.0011494252873563218,0.0010416666666666667,0.0,0.0,0.006464851948722916,0.00196078431372549,0.0,0.0036569987389659525,0.009553376906318082,0.0,0.0,0.0,0.007916589249217489,0.0,0.0040506484725551664,0.0,0.002150537634408602,0.001075268817204301,0.0015615615615615615,0.0,0.0009523809523809524,0.012817265795206971,0.0,0.0,0.000546448087431694,0.0010416666666666667,0.0011494252873563218,0.002416052416052416,0.0015151515151515152,0.0005747126436781609,0.0015151515151515152,0.0052700769489915904,0.0031519755049166814,0.008116587175410705,0.004372759856630824,0.001075268817204301,0.0,0.0,0.0,0.0,0.0030145530145530147,0.0,0.0036261511789876643,0.00196078431372549,0.0,0.0,0.0022222222222222222,0.0017543859649122805,0.0,0.005309570934570934,0.0,0.0,0.0,0.0013333333333333333,0.0,0.0,0.00196078431372549,0.0,0.0,0.006870448480397604,0.0,0.0045617723985845425,0.0013333333333333333,0.0028770149459804635,0.00196078431372549,0.0,0.001783783783783784,0.0,0.0017543859649122805,0.0021527777777777773,0.0009009009009009009,0.0016163793103448276,0.0,0.00445508008008008,0.0,0.0,0.002815485168426345,0.002302302302302302,0.006486884762746832,0.001649981460882462,0.0017543859649122805,0.00844801012692477,0.0010416666666666667,0.004120651661635269,0.005882352941176471,0.0,0.0030145530145530147,0.005258065493014617,0.0011494252873563218,0.0,0.0,0.006924019607843138,0.0010416666666666667,0.001075268817204301,0.0010416666666666667,0.001075268817204301,0.0,0.0011494252873563218,0.00196078431372549,0.0027960526315789474,0.005519713261648745,0.002074074074074074,0.001121160731109855,0.0,0.0008547008547008547,0.0013333333333333333,0.008226456974337134,0.0,0.008210040279005796,0.0,0.001075268817204301,0.0,0.009676057359880889,0.0,0.0,0.0005747126436781609,0.0,0.014443489362262014,0.0022222222222222222,0.004126707352513804,0.0,0.001075268817204301,0.008991606532590141,0.0015257192676547515,0.00101010101010101,0.002630906768837803,0.0035376756066411237,0.008709106984969054,0.0011111111111111111,0.005172150254117467,0.0,0.0,0.002308802308802309,0.0,0.005887911371782339,0.0,0.0034650034650034653,0.00196078431372549,0.6333333333333333,0.6329501915708813,0.1263359932474321,0.04444444444444444,0.0,0.03302106182251326,0.04287796429013998,0.5555555555555556,0.36666666666666664,0.16666666666666666
81,0.002213840397114627,0.09,0.002104616621801422,0.38,0.0,0.6555555555555556,0.6507936507936507,0.5656565656565656,0.7715355805243447,0.0,0.0,0.0,0.0,0.0,0.027777777777777776,0.0,0.0,0.0,0.0,0.0,0.0,0.027777777777777776,0.0,0.0,0.0,0.0,0.0,0.018518518518518517,0.0,0.0,0.0,0.0,0.0,0.0,0.0,0.0,0.0,0.0,0.0,0.0,0.0,0.0,0.0,0.0,0.0,0.0,0.0,0.0,0.0,0.0,0.0,0.0,0.0,0.0,0.027777777777777776,0.0,0.0,0.0,0.0,0.0,0.0,0.0,0.0,0.0,0.0,0.0,0.0,0.0,0.0,0.027777777777777776,0.0,0.0,0.0,0.0,0.0,0.0,0.0,0.0,0.0,0.0,0.0,0.0,0.0,0.0,0.0,0.0,0.0,0.0,0.0,0.0,0.0,0.0,0.0,0.0,0.0,0.0,0.0,0.0,0.0,0.0,0.0,0.0,0.0,0.0,0.0,0.0,0.0,0.0,0.0,0.0,0.0,0.0,0.0,0.0,0.0,0.0,0.0,0.0,0.0,0.0,0.0,0.0,0.0,0.0,0.0,0.0,0.0,0.0,0.0,0.0,0.0,0.0,0.0,0.018518518518518517,0.0,0.0,0.0,0.0,0.0,0.0,0.0,0.0,0.027777777777777776,0.0,0.0,0.018518518518518517,0.0,0.0,0.0,0.0,0.0,0.0,0.0,0.0,0.0,0.0,0.0,0.0,0.027777777777777776,0.0,0.0,0.0,0.0,0.0,0.0,0.0,0.0,0.0,0.0,0.027777777777777776,0.0,0.0,0.0,0.0,0.0,0.027777777777777776,0.0,0.0,0.0,0.0,0.0,0.0,0.0,0.0,0.0,0.0,0.0,0.0,0.0,0.0,0.0,0.0,0.0,0.0,0.0,0.0,0.0,0.05555555555555555,0.0,0.0,0.0,0.0,0.0,0.10061993323795898,0.07407407407407407,0.3579397514451021,0.013468013468013467,0.04700854700854701,0.06787818662818662,0.027777777777777776,0.537037037037037,0.2222222222222222,0.0
39,0.039021502726734235,0.02,0.038947675858962985,0.06,0.05797101449275033,0.7434782608695653,0.5553830227743272,0.32806324110671936,0.5767790262172285,0.0038129744651483784,0.0,0.000966183574879227,0.006601369644847905,0.002214170692431562,0.003450655624568668,0.0036231884057971015,0.0018115942028985507,0.0006038647342995169,0.003269496204278813,0.004830917874396135,0.0007627765064836002,0.0018115942028985507,0.0006038647342995169,0.002391304347826087,0.002634622199839591,0.005975122279470106,0.0006038647342995169,0.011126867305357007,0.0028071549810680246,0.0007627765064836002,0.0018115942028985507,0.0,0.00039169604386995695,0.0005797101449275362,0.004485852311939269,0.0006038647342995169,0.0,0.003269496204278813,0.002927927927927928,0.0038667250623772363,0.0,0.0,0.0,0.0036231884057971015,0.007004830917874396,0.0,0.000966183574879227,0.0005367686527106817,0.0006038647342995169,0.005003450655624569,0.0005367686527106817,0.0,0.0,0.0,0.0018115942028985507,0.000966183574879227,0.0,0.0,0.004865424430641823,0.00499194847020934,0.013239668946190684,0.0,0.0026455026455026454,0.002634622199839591,0.0011148272017837235,0.001610305958132045,0.002632850241545894,0.0036231884057971015,0.0,0.007123251144990276,0.0034161490683229812,0.0,0.0011148272017837235,0.0,0.0036231884057971015,0.0,0.00392512077294686,0.0010735373054213634,0.0,0.0005175983436853001,0.0,0.0,0.0010351966873706003,0.0037439613526570044,0.003864734299516908,0.0,0.001932367149758454,0.0,0.004830917874396135,0.0006038647342995169,0.0,0.000966183574879227,0.0036231884057971015,0.0014492753623188406,0.0,0.0018115942028985507,0.010108589456415542,0.0007246376811594203,0.004235679779158039,0.0014492753623188406,0.0,0.0,0.0,0.0,0.0,0.012072197126544953,0.0,0.0005175983436853001,0.0,0.0,0.0,0.001416759568933482,0.0009057971014492754,0.0,0.004476340889384368,0.001932367149758454,0.0,0.00030193236714975844,0.0,0.0,0.0,0.000966183574879227,0.002898550724637681,0.0,0.0,0.0,0.0005175983436853001,0.0,0.0005175983436853001,0.0,0.001610305958132045,0.0,0.0,0.002783400809716599,0.0,0.0012803748501689005,0.0028071549810680246,0.0,0.006819026384243775,0.000966183574879227,0.0007627765064836002,0.0,0.004095300834431269,0.004084032545130943,0.0025417199330242807,0.002783400809716599,0.0,0.0006038647342995169,0.004045893719806764,0.006892684610075914,0.004830917874396135,0.00855880230880231,0.005374396135265701,0.0009057971014492754,0.0,0.0,0.0042011732229123525,0.0,0.006815044858523119,0.0,0.001610305958132045,0.000966183574879227,0.0012077294685990338,0.0034161490683229812,0.0007627765064836002,0.004884594739667203,0.0036231884057971015,0.0011148272017837235,0.0,0.0018115942028985507,0.004830917874396135,0.01478935718066153,0.0,0.002322556670382757,0.0,0.005262249827467219,0.0,0.007852232308754047,0.002846790890269151,0.0,0.0,0.0,0.007738095238095238,0.0011148272017837235,0.0,0.0,0.0010351966873706003,0.013239668946190684,0.0031852205765249245,0.0013449714536671058,0.0027777777777777775,0.0020810107766629504,0.004144284035588383,0.0,0.005198724763942155,0.0,0.000966183574879227,0.007081686429512517,0.004830917874396135,0.0,0.0,0.013417168580212057,0.000966183574879227,0.2950799278472352,0.27586206896551724,0.150455139227962,0.01668862538427756,0.030657748049052396,0.0374529679079344,0.029868621146748528,0.49516908212560384,0.2318840579710145,0.5652173913043478
209,0.0033350184107982786,0.09,0.003396355744321136,0.36,0.0,0.8900000000000001,0.42857142857142855,0.5772727272727273,0.795505617977528,0.0,0.0,0.0,0.0,0.02,0.0,0.02,0.0,0.0,0.0,0.0,0.0,0.0,0.0,0.0,0.0,0.03666666666666667,0.0,0.0,0.0,0.0,0.0,0.0,0.0,0.0,0.0,0.0,0.0,0.0,0.026666666666666665,0.0,0.0,0.0,0.02,0.0,0.006666666666666666,0.0,0.0,0.0,0.02,0.0,0.0,0.0,0.03666666666666667,0.0,0.0,0.0,0.0,0.01575757575757576,0.0,0.0,0.0,0.0,0.0,0.0,0.0,0.0,0.0,0.0,0.0,0.0,0.0,0.0,0.006666666666666666,0.0,0.0,0.0,0.0,0.0,0.0,0.0,0.0,0.014285714285714285,0.0,0.0,0.0,0.0,0.0,0.0,0.0,0.0,0.0,0.006666666666666666,0.0,0.0,0.0,0.0,0.0,0.0,0.0,0.0,0.0,0.014285714285714285,0.0,0.0,0.0,0.0,0.0,0.0,0.0,0.0,0.0,0.0,0.0,0.0,0.0,0.0,0.0,0.0,0.02,0.014285714285714285,0.0,0.006666666666666666,0.0,0.0,0.006666666666666666,0.0,0.0,0.014285714285714285,0.0,0.0,0.0,0.0,0.0,0.0,0.0,0.0,0.0,0.0,0.0,0.0,0.0,0.0,0.0,0.0,0.0,0.0,0.0,0.0,0.006666666666666666,0.0,0.0,0.0,0.02,0.0,0.0,0.0,0.0,0.0,0.0,0.0,0.0,0.0,0.0,0.0,0.0,0.0,0.0,0.006666666666666666,0.0,0.0,0.0,0.0,0.0,0.0,0.0,0.0,0.0,0.0,0.0,0.0,0.0,0.0,0.0,0.0,0.0,0.0,0.0,0.0,0.0,0.0,0.0,0.0,0.0,0.0,0.006666666666666666,0.0,0.0,0.0,0.0,0.0,0.0,0.0,0.006666666666666666,0.14592274678111586,0.13793103448275862,0.12845112140086729,0.06666666666666668,0.04230769230769231,0.16959509944312917,0.00909090909090909,0.3666666666666667,0.1,0.3
47,0.18710878746498594,0.01,0.1878142776748379,0.07,0.2244897959183163,0.669387755102041,0.5174927113702624,0.48423005565862715,0.6033019949552854,0.0010483807422582933,0.0002915451895043732,0.0034486634717049466,0.000892304973937627,0.004484504752152795,0.0011015769944341374,0.004461199231607395,0.005353910064501197,0.002859113675440206,0.0038550062946659993,0.0009187583079208695,0.0,0.0002757859900717044,0.0015137923301188608,0.0,0.0005668934240362812,0.008082127151004702,0.0002082465639316951,0.003213335023450374,0.0009074672339978463,0.0,0.007246794202283294,0.0006920009383063571,0.0,0.0007849293563579278,0.0009750566893424037,0.00037792894935752074,0.0007616946392456596,0.00040816326530612246,0.004248827026970542,0.001833946693431471,0.0,0.0,0.0016439909297052153,0.0012100994243851386,0.004093463982103278,0.0,0.0,0.00037792894935752074,0.002521244540509143,0.0006007597844332538,0.001939033189033189,0.0003924646781789639,0.00472824369508043,0.00040816326530612246,0.00037792894935752074,0.0003291639236339697,0.0,0.0003401360544217687,0.0,0.003921187279214331,0.00397479529370487,0.0,0.00046382189239332097,0.00239893912483638,0.0008039579468150898,0.0008584386135406543,0.000600711242110659,0.0,0.0010204081632653062,0.0009070294784580498,0.0011396235886031805,0.0007568961650594304,0.0013452728029987506,0.007938265356896602,0.0,0.0009750566893424037,0.0010204081632653062,0.001764658244250081,0.0002757859900717044,0.004071919174299176,0.0,0.00036443148688046647,0.0009750566893424037,0.0028285870086826093,0.0013856405984685868,0.001639941690962099,0.01003273720506303,0.0,0.0,0.0002757859900717044,0.0,0.0011650594303655528,0.0010021865889212828,0.001489700970700267,0.0,0.0018363297700032394,0.0030486578868000403,0.00339778059846597,0.0019499887867234806,0.0,0.00036443148688046647,0.0,0.0006478781988986071,0.0,0.0,0.002199741658875066,0.0009276437847866419,0.002970193124429934,0.002024619371558147,0.0,0.0015792031098153547,0.0005668934240362812,0.0030640957681774008,0.0,0.0026927437641723357,0.0007616946392456596,0.0004507267387829449,0.0,0.0016483042492359261,0.0010955580102493525,0.0,0.0024746374976789723,0.0017773786906439967,0.0008761080189651618,0.0,0.0003924646781789639,0.0011472843105496166,0.0005861755132892158,0.005795938807318475,0.002718214782072583,0.0008584386135406543,0.0017433305610645513,0.0002834467120181406,0.00438996377771888,0.0,0.003879710614404492,0.00030921459492888067,0.0011540330417881437,0.001931067993699943,0.0,0.0012599822537710736,0.0017648887672306877,0.0007423604362379872,0.0014640638864241349,0.0006007597844332538,0.004169096209912537,0.0015806819622258843,0.004437965662455459,0.00030921459492888067,0.0026080754882598202,0.0003518648838845883,0.004289879216992919,0.002854476196312931,0.0010204081632653062,0.0002082465639316951,0.0005668934240362812,0.0015294909172460193,0.00141008484099819,0.0,0.00036443148688046647,0.0,0.0006377551020408163,0.002100254243111386,0.000863837598531476,0.00030921459492888067,0.0,0.0032156354605334192,0.0023615636909436436,0.0010447035957240039,0.0002757859900717044,0.002084236625052952,0.005675224658565876,0.0,0.0018346732632446917,0.0007288629737609329,0.00036443148688046647,0.0026651258794115934,0.006847302357506439,0.0023926812104152007,0.0,0.00040816326530612246,0.0,0.01047500124148295,0.0005668934240362812,0.0019248056365403303,0.0011127308066083575,0.0,0.0020140597983163582,0.000892304973937627,0.002642505277973258,0.002075867049247706,0.0026577655050026004,0.0015806819622258843,0.0011205008665744112,0.0023558471007450598,0.0,0.0010204081632653062,0.0011647924475912813,0.0030001744287458574,0.0013049390976791445,0.0,0.003887775846909254,0.0021756167904949998,0.4445125689760883,0.40699038235984053,0.1446213541730313,0.017316017316017316,0.08202511773940345,0.0640594949372499,0.03130637223593198,0.5240549828178693,0.3163265306122449,0.6122448979591837
94,0.010731185103121555,0.05,0.01106763979791248,0.19,0.599999999999909,0.32000000000000006,0.7357142857142858,0.5,0.5573033707865169,0.0,0.0047619047619047615,0.0,0.0,0.0,0.0,0.0,0.0,0.0,0.0,0.0,0.0,0.0,0.0,0.0,0.0047619047619047615,0.0,0.0,0.0,0.0,0.0,0.0047619047619047615,0.0,0.0,0.0,0.0047619047619047615,0.0,0.0,0.0,0.0,0.0,0.0,0.0,0.0,0.0,0.0047619047619047615,0.0,0.0,0.0,0.0,0.0,0.0,0.0047619047619047615,0.0,0.0,0.0,0.0,0.0,0.0,0.0047619047619047615,0.0047619047619047615,0.0047619047619047615,0.0,0.0,0.0,0.0,0.0,0.0,0.0,0.0,0.0,0.0,0.0,0.0,0.0047619047619047615,0.0,0.0,0.0,0.0047619047619047615,0.0,0.0,0.0,0.0,0.0,0.0,0.0,0.013333333333333332,0.009523809523809523,0.0047619047619047615,0.0,0.0,0.0,0.0047619047619047615,0.0,0.0047619047619047615,0.0,0.0047619047619047615,0.0,0.0047619047619047615,0.0,0.0047619047619047615,0.0,0.0,0.0,0.0,0.0,0.0,0.0,0.0,0.0,0.0,0.0,0.0,0.0,0.0,0.0,0.0,0.0,0.0,0.013333333333333332,0.0,0.0,0.0,0.013333333333333332,0.0,0.0,0.0,0.0,0.0,0.0,0.0,0.0,0.0,0.0,0.0,0.0,0.0,0.0,0.0,0.0,0.0,0.0,0.009523809523809523,0.0047619047619047615,0.0,0.0,0.0,0.0,0.0,0.0,0.0,0.0,0.0,0.0,0.0,0.0,0.0,0.0,0.0,0.0,0.0,0.0,0.0,0.0,0.0,0.0,0.0047619047619047615,0.013333333333333332,0.0,0.0,0.0,0.0,0.0,0.0,0.0,0.0,0.0,0.0,0.0,0.0,0.0,0.0047619047619047615,0.0,0.0,0.0,0.0,0.0,0.0,0.0047619047619047615,0.0,0.0,0.0,0.0,0.0,0.0,0.0,0.0,0.0,0.0,0.0,0.0,0.0,0.0047619047619047615,0.0,0.3622317596566524,0.3264367816091954,0.1450826014331963,0.024242424242424246,0.0,0.13620611415505154,0.02761904761904762,0.13333333333333333,0.0,0.4
190,0.12147170310276822,0.01,0.12151133477334805,0.08,0.13636363636373972,0.8045454545454546,0.3717532467532467,0.6528925619834711,0.6772216547497447,0.004641274404120254,0.0,0.0,0.0,0.03140495867768595,0.009090909090909092,0.004042400287459576,0.0,0.0016233766233766233,0.0,0.0,0.0,0.0016233766233766233,0.0,0.0,0.008677685950413223,0.0,0.0,0.0,0.0,0.0009671179883945841,0.0,0.0,0.0,0.0,0.0,0.0,0.0,0.0,0.004545454545454546,0.0006887052341597796,0.0,0.0,0.0,0.0,0.0,0.0,0.0,0.0,0.0009671179883945841,0.0,0.004138092726100463,0.0,0.004042400287459576,0.0,0.0,0.0,0.0,0.004132231404958678,0.0,0.0,0.004132231404958678,0.0009671179883945841,0.004545454545454546,0.009090909090909092,0.0,0.0,0.0,0.0,0.0,0.006846414455110106,0.0,0.0,0.0029434025733748215,0.0,0.0,0.001976284584980237,0.0,0.0,0.0,0.0015151515151515152,0.001976284584980237,0.0,0.0,0.0,0.0,0.0,0.0,0.0,0.0,0.0,0.0,0.0,0.0006887052341597796,0.0,0.0,0.004545454545454546,0.02727272727272727,0.0,0.0015151515151515152,0.0,0.0,0.0,0.007575757575757575,0.0,0.0,0.004132231404958678,0.0,0.0,0.0,0.0,0.0006887052341597796,0.0,0.0016233766233766233,0.0,0.0009671179883945841,0.0,0.0,0.0,0.0,0.0,0.0009671179883945841,0.0,0.0,0.0,0.0034965034965034965,0.0,0.0,0.0,0.0009671179883945841,0.0,0.0,0.0,0.0,0.0,0.0,0.0,0.0,0.0,0.0,0.0,0.0,0.0,0.006846414455110106,0.0,0.0,0.0,0.004132231404958678,0.0006887052341597796,0.0,0.004545454545454546,0.0,0.004132231404958678,0.0,0.0,0.0,0.0,0.0,0.0006887052341597796,0.0,0.0,0.0,0.0,0.0,0.0,0.0,0.0,0.0,0.001976284584980237,0.0,0.0,0.0,0.036319718928414575,0.0,0.0,0.0,0.0,0.0,0.0,0.0,0.0,0.001976284584980237,0.0,0.0030303030303030303,0.0,0.0016558232225543639,0.0032467532467532465,0.001976284584980237,0.01731638137323109,0.0,0.005312868949232586,0.0,0.0,0.001976284584980237,0.0,0.009090909090909092,0.0,0.0,0.0,0.0,0.0,0.0,0.012720086237872798,0.0,0.36909871244635195,0.3709508881922675,0.14141018985806614,0.027548209366391185,0.17307692307692307,0.0501471877627359,0.032358543772638464,0.6590909090909091,0.5454545454545454,0.2727272727272727
161,0.024309866418454174,0.02,0.024522464150677565,0.09,0.34567901234572673,0.6290123456790124,0.5123456790123456,0.4862514029180696,0.5418227215980025,0.0,0.0013055524905905575,0.002094088567518519,0.0015464927919638064,0.0009146384878059004,0.004152042318347656,0.0004119387334756394,0.0021955765199990858,0.0034318568943811317,0.004246162059563266,0.0010288065843621398,0.0019616370799908356,0.00039388594944150503,0.00029394473838918284,0.0,0.004894801005554206,0.0018471740228775957,0.002515887101967224,0.0017161659154204547,0.0016230868813263547,0.0017028586125808346,0.003236423571921339,0.0006090259713448119,0.0011700140890753918,0.0029207883359615738,0.0002469135802469136,0.00010119409026512852,0.00034931572399272655,0.0026893380760717924,0.0018439918719000367,0.004289315648816147,0.0,0.0009075742409075742,0.0,0.0002896149468253487,0.0020525849990339655,0.00029394473838918284,0.000714152103040992,0.0009976721742441619,0.00022862368541380886,0.0004938271604938272,0.0028151842650263035,0.0018420536939055456,0.0005770263016639829,0.0019121938913827662,0.0,0.0008210067573041453,0.00012103606874848704,0.00814952586161789,0.0008588899605448069,0.0013193232204314898,0.0071302781803198835,0.0007537148533317116,0.0015637860082304527,0.005097977589912195,0.0006151256151256152,0.0008440518130117775,0.0015666943009889857,0.0,0.00025720164609053495,0.0031020355149541626,0.001886319468818048,0.001955676203139035,0.0027264110866723435,0.004052192661827324,0.0,0.0,0.000655589713560728,0.002885888441443997,0.00016911889058007779,0.0006224478446700669,0.0,0.00019290123456790122,0.0,0.002073420126715891,0.004051794340004916,0.0011480338171159427,0.0038375004369510693,0.0,0.0012173785769962592,0.0010085525974664693,0.0015378625472016276,0.006081948208063968,0.002273092709071707,0.002526186367285531,0.00029394473838918284,0.0013427785918898854,0.003040284284709886,0.00242442717568949,0.005791387501998287,0.0007824246063016749,0.0,0.0,0.0,0.0012285553952220618,0.0,0.0023271384647878418,0.0,0.003672303639052548,0.0036192552370148327,0.001121465514888507,0.0012173785769962592,0.0007836822329575953,0.0014158271172376188,0.0001668335001668335,0.0004997060552616108,0.002764587949773135,0.0013786810234897666,0.000662361318099023,0.0010582010582010583,0.0021712105624142664,0.0004409171075837742,0.002095733079322167,0.0013780260982058368,0.0002469135802469136,0.0041779100025178765,0.00015827793605571383,0.0007882166836845198,0.0014853395061728396,0.004953760528563864,0.0052254035319715016,0.0006172839506172839,0.0016409711721077009,0.00010119409026512852,0.0002637485970819304,0.0005408583186360964,0.0030712933710996208,0.00022862368541380886,0.0013462303796915904,0.0020533768957724827,0.0013250060125060124,0.0,0.0002469135802469136,0.0035927247439190126,0.003742414372203644,0.0007744107744107744,0.0004930352067439262,0.0010224568973397129,0.0026360631517661957,0.0017083376560500744,0.0030174401729602435,0.0012173785769962592,0.0019423013730839151,0.002213087010717214,0.0005611672278338945,0.0,0.0013643509461908506,0.006039422599186946,0.0003370983276420628,0.0007744107744107744,0.00020576131687242798,0.00010829542993285683,0.0007716049382716049,0.0013726824865280794,0.0012550166152929722,0.0009425401937479232,0.0009492581064685084,0.001826683150560219,0.004813405881324139,0.0006172839506172839,0.0003248862897985705,0.0016783769400516581,0.005552660322792853,0.0,0.00023674242424242425,0.00010829542993285683,0.0,0.00019290123456790122,0.007172776865958354,0.00010119409026512852,0.0001435544071202986,0.0007716049382716049,0.0,0.00838245396302281,0.000976884092826122,0.002185498560815784,0.0016814055978752588,0.00042846768336964416,0.0031767752132178507,0.0010346854791299235,0.002137452503197527,0.001252854152398389,0.0022680334136398043,0.001355836497120022,0.001511747375717964,0.004359039294940794,0.00029394473838918284,0.0008106027203249425,0.0038271760219181538,0.0029207883359615738,0.0013114780436055868,0.0,0.00921070368529483,0.0023084174831830414,0.48058072378530176,0.4661558109833972,0.13737189372727765,0.0415263748597082,0.09401709401709402,0.06749411682209289,0.06850955140606173,0.48407643312101906,0.20987654320987653,0.3950617283950617
43,0.022247616677765442,0.02,0.022112325898182142,0.07,0.10714285714288962,0.7142857142857143,0.5612244897959184,0.7662337662337663,0.6067415730337078,0.0,0.0,0.007875457875457875,0.0,0.0071428571428571435,0.002976190476190476,0.009116146458583432,0.0,0.0,0.005902360944377751,0.0,0.0017006802721088435,0.0,0.0021008403361344537,0.0,0.006660997732426304,0.0027472527472527475,0.0017006802721088435,0.0,0.0,0.0017006802721088435,0.0,0.0,0.0,0.0,0.0,0.0,0.0,0.0021008403361344537,0.014354395604395605,0.0017006802721088435,0.0,0.0,0.0,0.0021008403361344537,0.0070562770562770565,0.0,0.0071428571428571435,0.0,0.0,0.0,0.0,0.0,0.004464285714285714,0.0017006802721088435,0.0,0.006450956450956451,0.0,0.0027472527472527475,0.0,0.0070562770562770565,0.007595345830639949,0.0,0.0,0.004960317460317461,0.0,0.0,0.0,0.0,0.0,0.0,0.0,0.0,0.0027472527472527475,0.0,0.0,0.0,0.0,0.0,0.0,0.003809523809523809,0.0,0.0023809523809523807,0.0,0.0012315270935960591,0.0,0.006450956450956451,0.0,0.0,0.0,0.0,0.0,0.00456950456950457,0.006802721088435374,0.0,0.0,0.0,0.009890109890109891,0.0023809523809523807,0.0017006802721088435,0.0,0.0,0.0,0.0,0.0,0.0,0.004848093083387202,0.0,0.0,0.005128205128205128,0.0023809523809523807,0.0,0.0,0.0017006802721088435,0.0,0.0,0.0,0.0,0.0,0.0,0.0017006802721088435,0.0,0.009198209198209198,0.0,0.0021008403361344537,0.0027472527472527475,0.0,0.0014285714285714286,0.0017006802721088435,0.0027513227513227515,0.0077737077737077736,0.0,0.0,0.0,0.0,0.0,0.0,0.0,0.006450956450956451,0.0,0.0,0.0,0.003809523809523809,0.003246753246753247,0.0,0.0,0.0,0.0027472527472527475,0.0,0.015018315018315019,0.0,0.0,0.004848093083387202,0.009195665445665444,0.0,0.0021008403361344537,0.0,0.0,0.0,0.0,0.0,0.0,0.0,0.0,0.0,0.0,0.0,0.0,0.0021008403361344537,0.0,0.0,0.0,0.014354395604395605,0.0,0.0,0.0,0.0,0.0,0.0017006802721088435,0.0,0.0,0.0,0.0,0.01597684528356797,0.0,0.0,0.0,0.0,0.011396866438883244,0.0,0.0,0.0,0.0,0.0,0.0017006802721088435,0.004731379731379731,0.0,0.0,0.0023809523809523807,0.0,0.0,0.0,0.004848093083387202,0.009198209198209198,0.27621091354996935,0.2668308702791462,0.13347462954532752,0.03463203463203463,0.0,0.06393944896169244,0.07747291681187653,0.4583333333333333,0.32142857142857145,0.03571428571428571
145,0.0032085397257604936,0.03,0.0034113943738112557,0.04,0.12162162162167078,0.7216216216216217,0.5101351351351351,0.648034398034398,0.6143334345581537,0.0007810841144174478,0.0,0.0019305019305019303,0.0013513513513513514,0.0013513513513513514,0.0007949125596184419,0.0009009009009009009,0.0,0.002702702702702703,0.0,0.0,0.0,0.0,0.0,0.0,0.002484101748807631,0.002702702702702703,0.0,0.0,0.0,0.0,0.0,0.0,0.0015015015015015015,0.0,0.0,0.0,0.0,0.00016683350016683348,0.0019305019305019303,0.0,0.0,0.0,0.0,0.0009009009009009009,0.0036658999424956868,0.0,0.0022522522522522522,0.007494728771324516,0.0,0.0,0.001976710753306498,0.0022522522522522522,0.00016683350016683348,0.0,0.0,0.010639210639210639,0.0,0.0038610038610038607,0.0,0.0033783783783783786,0.0,0.0,0.0,0.002484101748807631,0.00016683350016683348,0.0,0.0,0.0,0.0,0.0006142506142506142,0.0,0.0,0.0006142506142506142,0.0,0.0,0.0,0.0,0.0026403207919165365,0.0,0.01026982529642104,0.0,0.0,0.0,0.0038610038610038607,0.0018560226893560227,0.0008445945945945946,0.0,0.0,0.0,0.00016683350016683348,0.0022522522522522522,0.005308880308880309,0.0,0.0,0.0,0.0,0.0011261261261261261,0.0,0.006193693693693694,0.0,0.0,0.0,0.0,0.0022522522522522522,0.0,0.0,0.0,0.008875542208875542,0.005048798798798799,0.00016683350016683348,0.0,0.0,0.002702702702702703,0.0,0.0018560226893560227,0.0,0.0,0.0,0.0,0.0,0.0,0.008252895752895754,0.0,0.0,0.0019305019305019303,0.0,0.0015015015015015015,0.0,0.0018351685018351683,0.006737987987987988,0.0,0.0021114864864864866,0.0,0.0,0.0,0.0015015015015015015,0.0,0.0008445945945945946,0.0045045045045045045,0.0,0.0,0.0002875215641173088,0.0033783783783783786,0.007882882882882882,0.0,0.0,0.0006142506142506142,0.0007949125596184419,0.0038610038610038607,0.0007949125596184419,0.0,0.0,0.0,0.0,0.0,0.0,0.0007949125596184419,0.0,0.0,0.0,0.0,0.0,0.0,0.0,0.0008445945945945946,0.0002875215641173088,0.005349099099099099,0.0,0.0,0.0,0.0,0.0030566280566280564,0.0,0.0,0.0,0.0007949125596184419,0.0,0.0,0.0,0.00016683350016683348,0.0,0.0,0.004290442403187501,0.0,0.0002875215641173088,0.0,0.0,0.003992628992628993,0.0,0.00016683350016683348,0.0,0.0,0.0006142506142506142,0.0,0.002303439803439804,0.0,0.0,0.0014588452088452088,0.0,0.009982303732303733,0.0,0.0,0.0038610038610038607,0.18257742721262032,0.1730351040695868,0.1301884163510872,0.009009009009009009,0.04002079002079002,0.06256680877043659,0.010841333758000424,0.4729729729729729,0.28378378378378377,0.35135135135135137
182,0.02797223531596648,0.02,0.027925943456336127,0.06,0.08108108108103806,0.6864864864864866,0.5231660231660231,0.5294840294840295,0.7166717279076831,0.004717354717354717,0.0,0.0013513513513513514,0.0016891891891891893,0.004665379665379665,0.0038808038808038807,0.0034909909909909905,0.0033783783783783786,0.010296010296010296,0.001081081081081081,0.0009009009009009009,0.0,0.0,0.001081081081081081,0.0,0.002831402831402831,0.007523279582103112,0.0026544401544401543,0.0019305019305019303,0.0045045045045045045,0.0,0.0045045045045045045,0.001287001287001287,0.0,0.0,0.0009652509652509652,0.001081081081081081,0.0011261261261261261,0.0,0.0030913266207383853,0.0,0.004717354717354717,0.0,0.0,0.0016891891891891893,0.018157443157443155,0.0,0.0016891891891891893,0.009829472329472328,0.0018018018018018018,0.0016891891891891893,0.005842985842985843,0.0,0.0025550760844878493,0.0,0.0,0.012566412566412567,0.0,0.006094329623741388,0.0,0.007979407979407977,0.0015898251192368838,0.0,0.0,0.0019305019305019303,0.002079002079002079,0.00518018018018018,0.0011261261261261261,0.0,0.0,0.002079002079002079,0.0,0.009009009009009009,0.0015898251192368838,0.0035805035805035806,0.0,0.0009009009009009009,0.005705705705705706,0.0047619047619047615,0.0011261261261261261,0.011908474408474408,0.002079002079002079,0.002046332046332046,0.0,0.003893178893178893,0.001081081081081081,0.0045045045045045045,0.013340263340263342,0.0013513513513513514,0.0,0.004826254826254825,0.0,0.0009652509652509652,0.0018018018018018018,0.0016891891891891893,0.0,0.0,0.005459408988820753,0.0035805035805035806,0.0019305019305019303,0.0,0.0009652509652509652,0.0,0.0,0.0,0.0016891891891891893,0.0034909909909909905,0.005067567567567568,0.0036196911196911194,0.0009652509652509652,0.0009652509652509652,0.0,0.0,0.011985199485199485,0.0,0.001081081081081081,0.0,0.0,0.0,0.0,0.0,0.0,0.004729729729729729,0.0,0.0033783783783783786,0.0015898251192368838,0.0,0.0027702702702702706,0.0,0.00571106821106821,0.0009652509652509652,0.0016891891891891893,0.0,0.0,0.0,0.0,0.0009652509652509652,0.0013513513513513514,0.0045045045045045045,0.0015898251192368838,0.0,0.0,0.007014157014157013,0.013098950598950599,0.0,0.0030405405405405407,0.0038610038610038607,0.006094329623741388,0.0009009009009009009,0.0026709062003179647,0.0009009009009009009,0.0,0.0009009009009009009,0.004729729729729729,0.002702702702702703,0.0,0.0018018018018018018,0.0009009009009009009,0.0,0.0016891891891891893,0.0,0.0037355212355212352,0.0,0.0,0.0,0.0,0.008622908622908623,0.0015898251192368838,0.002702702702702703,0.0,0.0,0.0,0.006131867161278926,0.0009652509652509652,0.0,0.0,0.0,0.004692192192192192,0.004360095389507154,0.0038610038610038607,0.0,0.0,0.0,0.007532175032175031,0.0,0.0,0.0,0.0009652509652509652,0.013594329623741387,0.0,0.003366003366003366,0.003003003003003003,0.004692192192192192,0.0,0.0,0.00802483155424332,0.0,0.0,0.002079002079002079,0.0009009009009009009,0.01459070209070209,0.0031906906906906908,0.0030405405405405407,0.0,0.3765224451919731,0.30879155017086046,0.17417555944190533,0.021294021294021297,0.057172557172557176,0.013565344484871443,0.01944544390196564,0.3952380952380952,0.1891891891891892,0.4864864864864865
3,0.017345069543262297,0.04,0.018271934830494854,0.21,0.25,0.48750000000000004,0.6964285714285714,0.6136363636363636,0.6573033707865168,0.0,0.0,0.0,0.0,0.0,0.0,0.004464285714285714,0.0,0.0,0.0,0.0,0.0,0.0,0.0,0.0,0.0,0.00718167701863354,0.0,0.0,0.0,0.0,0.0,0.0,0.006944444444444444,0.0,0.0,0.0,0.0,0.0,0.004464285714285714,0.0,0.0,0.0,0.0,0.0,0.004464285714285714,0.0,0.0,0.0,0.0,0.0,0.0,0.0,0.00718167701863354,0.0,0.0,0.0,0.0,0.0,0.0,0.004464285714285714,0.0,0.0,0.0,0.0,0.002717391304347826,0.0,0.0,0.0,0.0,0.0,0.002717391304347826,0.004464285714285714,0.0,0.0,0.0,0.0,0.0,0.0,0.002717391304347826,0.0,0.0,0.0,0.0,0.01407967032967033,0.006578947368421052,0.0,0.0,0.0,0.0,0.006944444444444444,0.0,0.0,0.0,0.0,0.0,0.0,0.0,0.0,0.0,0.0,0.0,0.0,0.0,0.0,0.0,0.0,0.0,0.006944444444444444,0.0,0.0,0.0,0.0,0.0,0.0,0.0,0.013888888888888888,0.0,0.0,0.009615384615384616,0.0,0.0,0.0,0.005434782608695652,0.0,0.0,0.0,0.0,0.009615384615384616,0.013888888888888888,0.0,0.0,0.0,0.0,0.0,0.0,0.006944444444444444,0.0,0.0,0.0,0.009615384615384616,0.0,0.0,0.0,0.0,0.0,0.0,0.0,0.002717391304347826,0.0,0.0,0.0,0.0,0.0,0.0,0.0,0.0,0.0,0.0,0.0,0.0,0.0,0.0,0.0,0.002717391304347826,0.0,0.0,0.0,0.0,0.0,0.0,0.0,0.0,0.0,0.0,0.0,0.009615384615384616,0.0,0.0,0.002717391304347826,0.0,0.004464285714285714,0.0,0.0,0.0,0.006944444444444444,0.0,0.0,0.0078125,0.0,0.009615384615384616,0.0,0.0,0.0,0.0,0.013888888888888888,0.0,0.0,0.0,0.0,0.0,0.0,0.009615384615384616,0.0,0.49248927038626616,0.46264367816091956,0.14768888291012816,0.0,0.0,0.0781214782285943,0.025573671497584542,0.5208333333333333,0.375,0.0
105,0.07239853259477558,0.02,0.07327374342356774,0.11,0.5,0.45000000000000007,0.8392857142857143,0.5909090909090909,0.6629213483146068,0.0,0.0,0.0,0.0,0.0,0.0,0.0,0.0,0.0,0.0,0.0,0.0,0.0,0.0,0.0,0.0,0.0,0.0,0.0,0.0,0.0,0.0,0.0,0.0,0.0,0.0,0.0,0.0,0.0,0.0,0.0,0.0,0.0,0.0,0.0,0.0,0.0,0.0,0.0,0.0,0.0,0.0,0.0,0.0,0.0,0.0,0.0,0.0,0.0,0.0,0.0,0.0,0.0,0.0,0.0,0.0,0.0,0.0,0.0,0.0,0.0,0.0,0.0,0.0,0.0,0.0,0.0,0.0,0.0,0.0,0.0,0.0,0.0,0.0,0.0,0.0,0.0,0.0,0.0,0.0,0.0,0.0,0.0,0.0,0.0,0.0,0.0,0.0,0.0,0.0,0.0,0.0,0.0,0.0,0.0,0.0,0.0,0.0,0.0,0.0,0.0,0.0,0.0,0.0,0.0,0.0,0.0,0.0,0.0,0.0,0.0,0.0,0.0,0.0,0.0,0.0,0.0,0.0,0.0,0.0,0.0,0.0,0.0,0.0,0.0,0.0,0.0,0.0,0.0,0.0,0.0,0.0,0.0,0.0,0.0,0.0,0.0,0.0,0.0,0.0,0.0,0.0,0.0,0.0,0.0,0.0,0.0,0.0,0.0,0.0,0.0,0.0,0.0,0.0,0.0,0.0,0.0,0.0,0.0,0.0,0.0,0.0,0.0,0.0,0.0,0.0,0.0,0.0,0.0,0.0,0.0,0.0,0.0,0.0,0.0,0.0,0.0,0.0,0.0,0.0,0.0,0.0,0.0,0.0,0.0,0.0,0.0,0.0,0.0,0.0,0.0,0.0,0.0,0.0,0.04506437768240343,0.04597701149425287,0.0750763461717481,0.030303030303030304,0.0,0.7960526315789473,0.0,0.41666666666666663,0.0,1.0
53,0.03936498463891202,0.03,0.04108316124655991,0.17,0.5,0.5000000000000001,0.625,0.2272727272727273,0.6629213483146068,0.0,0.0,0.0,0.0,0.0,0.0,0.0,0.0,0.0,0.0,0.0,0.0,0.0,0.0,0.0,0.0,0.0,0.0,0.0,0.0,0.0,0.0,0.0,0.0,0.0,0.0,0.0,0.0,0.0,0.0,0.0,0.0,0.0,0.0,0.0,0.0,0.0,0.0,0.0,0.0,0.0,0.0,0.0,0.0,0.0,0.0,0.0,0.0,0.0,0.0,0.0,0.0,0.0,0.0,0.0,0.0,0.0,0.0,0.0,0.0,0.0,0.0,0.0,0.0,0.0,0.0,0.0,0.0,0.0,0.0,0.0,0.0,0.0,0.0,0.0,0.0,0.0,0.0,0.0,0.0,0.0,0.0,0.0,0.0,0.0,0.0,0.0,0.0,0.0,0.0,0.0,0.0,0.0,0.0,0.0,0.0,0.0,0.0,0.0,0.0,0.0,0.0,0.0,0.0,0.0,0.0,0.0,0.0,0.0,0.0,0.0,0.0,0.0,0.0,0.0,0.0,0.0,0.0,0.0,0.0,0.0,0.0,0.0,0.0,0.0,0.0,0.0,0.0,0.0,0.0,0.0,0.0,0.0,0.0,0.0,0.0,0.0,0.0,0.0,0.0,0.0,0.0,0.0,0.0,0.0,0.0,0.0,0.0,0.0,0.0,0.0,0.0,0.0,0.0,0.0,0.0,0.0,0.0,0.0,0.0,0.0,0.0,0.0,0.0,0.0,0.0,0.0,0.0,0.0,0.0,0.0,0.0,0.0,0.0,0.0,0.0,0.0,0.0,0.0,0.0,0.0,0.0,0.0,0.0,0.0,0.0,0.0,0.0,0.0,0.0,0.0,0.0,0.0,0.0,0.2188841201716738,0.1839080459770115,0.17231218058781383,0.0,0.0,0.04375,0.0,0.25,0.0,0.5
133,0.08175356089232398,0.01,0.08169379292440397,0.08,0.07692307692309441,0.7384615384615386,0.4642857142857143,0.798951048951049,0.7268798617113224,0.0,0.0020242914979757085,0.0,0.0,0.006822344322344322,0.002564102564102564,0.0,0.0,0.0013736263736263735,0.0,0.002747252747252747,0.0,0.002747252747252747,0.0,0.0,0.010989010989010988,0.006639194139194139,0.0,0.0016025641025641025,0.002403846153846154,0.0,0.0,0.0,0.0016722408026755853,0.0013736263736263735,0.0,0.0,0.0,0.0,0.0034340659340659336,0.0,0.0,0.0,0.0018315018315018315,0.0,0.011285932866640489,0.0,0.002262443438914027,0.0020242914979757085,0.002958579881656805,0.0,0.003397917871602082,0.0,0.004807692307692308,0.0,0.0,0.0,0.0,0.0,0.004048582995951417,0.009726152702741332,0.006593406593406593,0.0,0.0,0.003937728937728938,0.0,0.0,0.0,0.0,0.0,0.007967032967032966,0.004807692307692308,0.0,0.004807692307692308,0.002564102564102564,0.0,0.0,0.0032748049052396875,0.0020242914979757085,0.0,0.00848661401380993,0.0,0.0,0.0,0.0,0.0013736263736263735,0.002747252747252747,0.002564102564102564,0.0,0.0,0.0,0.0,0.00463082068433239,0.0016722408026755853,0.0020242914979757085,0.0,0.0020242914979757085,0.02142857142857143,0.0,0.0013736263736263735,0.004048582995951417,0.0,0.0,0.0,0.0,0.0,0.006181318681318681,0.0,0.0020242914979757085,0.0,0.0,0.0,0.0,0.0,0.0,0.0020242914979757085,0.0021367521367521365,0.0,0.0016722408026755853,0.0,0.0,0.0,0.0,0.0125,0.0,0.0,0.0,0.00521978021978022,0.0,0.0021367521367521365,0.002747252747252747,0.0,0.0018315018315018315,0.0,0.0,0.0020242914979757085,0.0013736263736263735,0.0,0.0,0.0,0.007692307692307693,0.0,0.005870445344129555,0.013248518775714693,0.002403846153846154,0.0,0.0,0.006944444444444444,0.0,0.0016025641025641025,0.0,0.0,0.004807692307692308,0.0018315018315018315,0.0016722408026755853,0.0,0.0,0.0013736263736263735,0.0,0.0,0.0,0.0,0.007692307692307693,0.0016722408026755853,0.004807692307692308,0.0,0.004048582995951417,0.0,0.0,0.0,0.0,0.0,0.0257020757020757,0.0,0.0,0.0,0.0,0.0,0.0013736263736263735,0.002403846153846154,0.0,0.0,0.0,0.0016025641025641025,0.0,0.003397917871602082,0.0,0.0,0.012661251791686574,0.0,0.002747252747252747,0.0,0.0,0.004807692307692308,0.0,0.004807692307692308,0.0,0.007692307692307693,0.0020242914979757085,0.0013736263736263735,0.0020242914979757085,0.0,0.0,0.0,0.30059425552987784,0.2749778956675508,0.14065154864231555,0.07459207459207459,0.0,0.07656863152072212,0.020032366956324005,0.5933333333333333,0.4230769230769231,0.15384615384615385
227,0.002813187970040994,0.09,0.0028462585077088805,0.39,0.25,0.8250000000000001,0.5,0.8181818181818182,0.8932584269662922,0.004310344827586207,0.0,0.0,0.0,0.0,0.0,0.029411764705882353,0.0,0.014705882352941176,0.0,0.0,0.0,0.0,0.0,0.0,0.0,0.0,0.0,0.0,0.0,0.0,0.0,0.0,0.0,0.0,0.0,0.0,0.0,0.0,0.0,0.0,0.0,0.0,0.0,0.0,0.0,0.0,0.0,0.004310344827586207,0.0,0.0,0.01293103448275862,0.0,0.029411764705882353,0.0,0.0,0.0,0.0,0.0,0.004310344827586207,0.0,0.0,0.004310344827586207,0.0,0.0,0.0,0.0,0.0,0.0,0.0,0.0,0.0,0.0,0.0,0.0,0.0,0.0,0.0,0.01293103448275862,0.0,0.0,0.0,0.0,0.0,0.0,0.0,0.0,0.0,0.0,0.0,0.0,0.0,0.0,0.0,0.0,0.0,0.0,0.0,0.0,0.0,0.0,0.0,0.0,0.0,0.0,0.0,0.0,0.0,0.0,0.0,0.0,0.0,0.0,0.04411764705882353,0.0,0.0,0.0,0.0,0.0,0.0,0.0,0.0,0.0,0.0,0.0,0.0,0.0,0.0,0.0,0.0,0.0,0.0,0.0,0.0,0.014705882352941176,0.0,0.0,0.0,0.0,0.0,0.0,0.0,0.0,0.0,0.0,0.0,0.029411764705882353,0.0,0.0,0.0,0.0,0.0,0.0,0.0,0.0,0.0,0.0,0.0,0.0,0.0,0.0,0.0,0.0,0.014705882352941176,0.0,0.0,0.004310344827586207,0.0,0.0,0.0,0.0,0.0,0.004310344827586207,0.0,0.0,0.0,0.0,0.0,0.0,0.0,0.0,0.0,0.0,0.0,0.0,0.004310344827586207,0.0,0.004310344827586207,0.004310344827586207,0.0,0.0,0.0,0.0,0.0,0.0,0.0,0.0,0.0,0.0,0.0,0.0,0.0,0.004310344827586207,0.0,0.4667381974248927,0.4770114942528736,0.12633321520969332,0.030303030303030304,0.0,0.09920390961547632,0.014705882352941176,0.29166666666666663,0.0,0.0
193,0.09295607285009265,0.02,0.09529900357207025,0.13,0.0,0.6333333333333334,0.5714285714285714,0.30303030303030304,0.5692883895131087,0.0,0.023809523809523808,0.0,0.0,0.023809523809523808,0.0,0.0,0.0,0.0,0.0,0.0,0.0,0.0,0.0,0.0,0.0,0.0,0.0,0.0,0.0,0.0,0.0,0.0,0.0,0.0,0.0,0.0,0.0,0.0,0.0,0.0,0.0,0.0,0.0,0.0,0.0,0.0,0.023809523809523808,0.0,0.0,0.0,0.023809523809523808,0.0,0.0,0.0,0.0,0.0,0.0,0.0,0.0,0.0,0.0,0.0,0.0,0.0,0.0,0.0,0.0,0.0,0.0,0.0,0.0,0.0,0.0,0.0,0.0,0.0,0.0,0.023809523809523808,0.0,0.0,0.0,0.0,0.0,0.0,0.0,0.0,0.0,0.0,0.0,0.0,0.0,0.0,0.0,0.0,0.0,0.0,0.023809523809523808,0.0,0.0,0.0,0.0,0.0,0.0,0.0,0.0,0.0,0.0,0.0,0.0,0.0,0.0,0.0,0.023809523809523808,0.0,0.0,0.0,0.0,0.0,0.0,0.0,0.0,0.023809523809523808,0.0,0.0,0.0,0.0,0.023809523809523808,0.0,0.0,0.0,0.0,0.0,0.0,0.0,0.0,0.0,0.0,0.0,0.0,0.0,0.0,0.0,0.023809523809523808,0.0,0.0,0.0,0.0,0.0,0.0,0.0,0.0,0.0,0.0,0.0,0.0,0.0,0.0,0.0,0.0,0.0,0.0,0.0,0.0,0.0,0.0,0.0,0.0,0.0,0.0,0.0,0.0,0.023809523809523808,0.0,0.0,0.0,0.0,0.0,0.0,0.0,0.0,0.0,0.0,0.0,0.0,0.0,0.0,0.0,0.0,0.0,0.0,0.0,0.0,0.0,0.0,0.0,0.0,0.0,0.0,0.0,0.0,0.0,0.0,0.0,0.1859799713876967,0.19923371647509577,0.15210272730899616,0.0404040404040404,0.14102564102564102,0.01031333648244371,0.07142857142857142,0.5,0.3333333333333333,0.6666666666666666
232,0.6962482147469687,0.0,0.6901369544242459,0.01,0.14285714285711038,0.6857142857142857,0.5561224489795918,0.5584415584415585,0.8892455858747992,0.014285714285714287,0.0,0.0,0.0,0.0,0.0,0.0,0.0,0.0,0.0,0.0,0.0,0.0,0.0,0.0,0.0,0.0,0.0,0.003246753246753247,0.0,0.0,0.0,0.0,0.0,0.0,0.0,0.0,0.0,0.0,0.003968253968253968,0.0,0.0,0.0,0.0,0.0,0.003968253968253968,0.003246753246753247,0.012987012987012988,0.0,0.0,0.0,0.0,0.012987012987012988,0.012987012987012988,0.0,0.0,0.0,0.0,0.0,0.0,0.003968253968253968,0.003968253968253968,0.0,0.0,0.003246753246753247,0.003246753246753247,0.0,0.0,0.0,0.0,0.0071428571428571435,0.0,0.0,0.0,0.0,0.0,0.0,0.0,0.0,0.0,0.01515151515151515,0.0,0.0,0.0,0.011904761904761904,0.0,0.0,0.0,0.0,0.0,0.0,0.012987012987012988,0.016233766233766236,0.0,0.0071428571428571435,0.0,0.0071428571428571435,0.0,0.0,0.011904761904761904,0.0,0.0,0.0,0.0,0.012987012987012988,0.0,0.0071428571428571435,0.008928571428571428,0.003246753246753247,0.0,0.0,0.0,0.0,0.0,0.0,0.0071428571428571435,0.006493506493506494,0.0,0.0,0.0,0.0,0.0,0.0,0.0,0.0,0.0,0.0,0.0,0.0,0.0,0.0,0.0,0.0,0.0,0.0,0.0,0.0,0.0,0.0,0.0,0.0,0.0,0.0,0.0,0.0,0.0,0.0,0.0,0.0,0.012987012987012988,0.0,0.0,0.0,0.0,0.0,0.0,0.0,0.0,0.0,0.0,0.0,0.0,0.0,0.0,0.0,0.0,0.0,0.0,0.003968253968253968,0.0,0.0,0.0,0.0,0.0,0.0,0.0,0.0,0.0,0.011904761904761904,0.003246753246753247,0.0,0.0,0.0,0.011904761904761904,0.0,0.0,0.0,0.0,0.0,0.0,0.0,0.0,0.0,0.003246753246753247,0.008928571428571428,0.0,0.0,0.025974025974025976,0.014285714285714287,0.0,0.011183261183261184,0.0,0.0,0.0,0.5150214592274678,0.4696223316912972,0.14424546521063325,0.025974025974025972,0.12087912087912087,0.0773088837993813,0.02886002886002886,0.26190476190476186,0.0,0.42857142857142855
49,0.24972412585870776,0.01,0.2539138033248035,0.01,0.13333333333343944,0.7066666666666667,0.5244047619047619,0.4545454545454546,0.7355805243445692,0.00035460992907801415,0.0022854864433811805,0.001282051282051282,0.0014724310776942356,0.0027801932367149756,0.001914010784978527,0.0006172839506172839,0.001597222222222222,0.0023733832008726815,0.0017508865248226952,0.0007246376811594203,0.00030864197530864197,0.0016675527201842992,0.0,0.0,0.0004166666666666667,0.0011328725038402458,0.0,0.0,0.0021025694735372154,0.0,0.0005376344086021505,0.0,0.0008833546189868028,0.0037360013175230565,0.0,0.0,0.0005555555555555556,0.0022243713733075435,0.00043859649122807013,0.0015793010752688172,0.0,0.0008771929824561403,0.0,0.0,0.0024784370837002416,0.0,0.001823793490460157,0.0,0.005329900839054157,0.0,0.0023035714285714283,0.0,0.0006172839506172839,0.001636904761904762,0.0009259259259259259,0.0017206477732793523,0.0,0.002387314439946019,0.004190476190476191,0.003589548194811353,0.006070066608110086,0.0,0.0,0.002685185185185185,0.000980392156862745,0.0,0.0027774455077086654,0.0,0.0,0.0024005774115423237,0.0026515151515151517,0.0,0.0016285177517061575,0.0,0.0005952380952380952,0.0011111111111111111,0.0,0.0035952380952380954,0.0,0.002027986633249791,0.0,0.0,0.0,0.0006172839506172839,0.0021387790953008344,0.005047328543705356,0.0,0.0,0.0010416666666666667,0.0010339506172839506,0.001823793490460157,0.002766336318967898,0.003563428059395801,0.0007246376811594203,0.0,0.0008771929824561403,0.0031717276282493675,0.0,0.0031566409287655047,0.0,0.0,0.0,0.0005376344086021505,0.001823793490460157,0.0,0.004834153895938793,0.0,0.006930183852622183,0.007072879921138237,0.002976359898798229,0.0010416666666666667,0.000988084859052601,0.0020559228834123645,0.001282051282051282,0.0014603174603174604,0.0005376344086021505,0.000980392156862745,0.0010416666666666667,0.0010416666666666667,0.0018571428571428571,0.0,0.004118449846901411,0.0021780303030303027,0.0005376344086021505,0.0017206477732793523,0.0003787878787878788,0.0009941520467836257,0.0011904761904761904,0.010082301872084755,0.009518165375577009,0.0,0.0,0.0,0.0,0.003373015873015873,0.0059849481972416,0.00045045045045045046,0.004939974813163219,0.002146110473599955,0.002865460157126824,0.0,0.0017413905133203376,0.005146863199494779,0.003315412186379928,0.0008771929824561403,0.0,0.0,0.0015793010752688172,0.002387314439946019,0.0021005242059821154,0.0010416666666666667,0.00240530303030303,0.0037967663442046743,0.0010416666666666667,0.0027777777777777775,0.0010416666666666667,0.0034150498675393484,0.0005376344086021505,0.0009259259259259259,0.0,0.0011111111111111111,0.0010416666666666667,0.0015793010752688172,0.0003787878787878788,0.0005747126436781609,0.0035952380952380954,0.0016084760649978042,0.0011786600496277917,0.0005747126436781609,0.001364522417153996,0.00030864197530864197,0.002931099462089286,0.0,0.0,0.0,0.0014635603345280765,0.0003787878787878788,0.0037180801705696516,0.000980392156862745,0.0,0.0018357487922705314,0.0,0.00510739850452308,0.002811878349512758,0.0021601731601731604,0.0006666666666666666,0.0,0.002610145231112973,0.0005952380952380952,0.0012619047619047618,0.0015151515151515152,0.001823793490460157,0.0005952380952380952,0.0005952380952380952,0.0016987179487179488,0.00030864197530864197,0.001823793490460157,0.0025848765432098767,0.002877415458937198,0.0005952380952380952,0.0,0.005946325355336576,0.0034412955465587046,0.44456366237482114,0.4237547892720307,0.1417856237412538,0.03434343434343434,0.04230769230769231,0.053881915737521976,0.053052431246222546,0.5499999999999999,0.31666666666666665,0.11666666666666667
163,0.02360125021024185,0.04,0.024220900054059913,0.18,0.06818181818175617,0.8295454545454546,0.5827922077922078,0.4979338842975207,0.6225740551583248,0.0,0.0,0.001336898395721925,0.0,0.0,0.0,0.004148629148629148,0.0,0.0,0.0018939393939393938,0.0,0.0,0.0,0.0,0.0,0.0,0.013636363636363636,0.0,0.002525252525252525,0.0,0.0010822510822510823,0.005681818181818182,0.0,0.0036075036075036075,0.0,0.0037878787878787876,0.0,0.0,0.0018939393939393938,0.018410669191919193,0.0018939393939393938,0.0,0.0,0.0012626262626262625,0.0,0.00565363455988456,0.0,0.0,0.005312868949232586,0.0,0.0,0.002272727272727273,0.0,0.0,0.0,0.0,0.0006313131313131313,0.0,0.014267676767676768,0.0017482517482517483,0.004117883379247015,0.0143048128342246,0.0,0.0,0.0009881422924901185,0.0037878787878787876,0.0,0.0,0.0,0.0,0.0026515151515151517,0.001065340909090909,0.0,0.015259740259740258,0.0,0.0,0.0,0.002525252525252525,0.002525252525252525,0.0,0.007432518461930226,0.0037878787878787876,0.0,0.0,0.006132756132756132,0.0,0.0,0.01171875,0.0,0.0,0.0,0.002525252525252525,0.0014204545454545455,0.0,0.0,0.0032467532467532465,0.0,0.013636363636363636,0.0,0.0037878787878787876,0.0,0.0012626262626262625,0.0,0.0,0.0,0.0,0.0019310754604872254,0.0,0.0018398268398268395,0.0018398268398268395,0.0,0.0,0.0,0.0,0.0,0.0,0.0,0.0,0.0,0.0023448773448773446,0.0,0.0,0.001336898395721925,0.0007102272727272727,0.0,0.015909090909090907,0.0,0.003354978354978355,0.0,0.0025082760376878024,0.0029220779220779218,0.0,0.0,0.0,0.0006684491978609625,0.0,0.004004329004329004,0.0,0.0,0.0037878787878787876,0.0,0.0,0.0003551136363636364,0.004599259641873278,0.0,0.0,0.0006684491978609625,0.015259740259740258,0.0,0.014267676767676768,0.0018939393939393938,0.0,0.0006684491978609625,0.0019728535353535355,0.0,0.0,0.0012626262626262625,0.0018939393939393938,0.0,0.0018939393939393938,0.0,0.002525252525252525,0.0,0.0006313131313131313,0.0,0.0026075977162933685,0.0017482517482517483,0.0018939393939393938,0.0,0.0,0.0,0.0,0.01661931818181818,0.0,0.0,0.0,0.0,0.0,0.0018939393939393938,0.002525252525252525,0.0,0.0032467532467532465,0.0,0.0070470328282828286,0.0,0.0021645021645021645,0.0,0.0037878787878787876,0.01628330309396486,0.0,0.0,0.0029829545454545456,0.012073863636363636,0.0016233766233766233,0.0,0.015259740259740258,0.0,0.002525252525252525,0.0,0.0,0.002066115702479339,0.0009881422924901185,0.0006684491978609625,0.0,0.32657042528287167,0.3072100313479623,0.1490362859311326,0.081267217630854,0.25961538461538464,0.13308987008895642,0.03563444919979011,0.6550387596899224,0.45454545454545453,0.3181818181818182
80,0.19003944960471175,0.01,0.18889785050494176,0.05,0.25,0.7375,0.41964285714285715,0.4715909090909091,0.646067415730337,0.0,0.0,0.0,0.0,0.00625,0.00625,0.0,0.0,0.0,0.0,0.0,0.0,0.0,0.0,0.0,0.00625,0.0,0.0,0.007352941176470588,0.0,0.0,0.0,0.0,0.0,0.0,0.0,0.0,0.0,0.009615384615384616,0.00625,0.0,0.0,0.0,0.0,0.0,0.010416666666666666,0.0,0.0,0.0,0.0,0.0,0.00625,0.0,0.0,0.0,0.0,0.0,0.0,0.0,0.0,0.0,0.0,0.0,0.0,0.00625,0.011363636363636364,0.0,0.0,0.0,0.0,0.0,0.0,0.0,0.0,0.009615384615384616,0.0,0.0,0.0,0.0,0.0,0.0,0.0,0.0,0.0,0.0,0.0,0.0,0.0,0.0,0.0,0.0,0.0,0.0,0.0,0.0,0.0,0.0,0.0125,0.0,0.009615384615384616,0.0,0.0,0.0,0.0,0.0,0.0,0.0,0.0,0.0,0.0,0.0,0.0,0.0,0.0,0.0,0.00625,0.0,0.011363636363636364,0.0,0.0,0.0,0.0,0.009615384615384616,0.0,0.0,0.0,0.0,0.0,0.0,0.0,0.009615384615384616,0.0,0.0,0.0,0.0,0.0,0.0,0.0,0.0,0.0,0.0,0.0,0.0,0.0,0.0,0.0,0.0,0.0,0.0,0.0,0.0,0.0,0.0,0.0,0.0,0.0,0.0,0.0,0.0,0.0,0.0,0.0,0.0,0.0,0.0,0.0,0.0,0.0,0.0,0.0,0.0,0.0,0.0125,0.0,0.0,0.0,0.0,0.0,0.0,0.007352941176470588,0.0,0.0,0.0,0.009615384615384616,0.0,0.0,0.0,0.0,0.00625,0.0,0.00625,0.0,0.0,0.0,0.0,0.00625,0.0,0.0,0.0,0.0,0.0,0.0,0.0125,0.0,0.26394849785407726,0.24425287356321837,0.14365946762663512,0.05303030303030303,0.15865384615384615,0.11552000866516995,0.0,0.4583333333333333,0.125,0.375
34,0.007663369892810871,0.05,0.007683156655820384,0.19,0.0,0.5636363636363637,0.5422077922077922,0.48347107438016534,0.7129724208375894,0.0,0.0,0.0,0.0,0.018181818181818184,0.0,0.0,0.0,0.0,0.0,0.0,0.0,0.0,0.0,0.0,0.0,0.018181818181818184,0.0,0.0,0.0,0.0,0.0,0.0,0.0,0.0,0.0,0.0,0.0,0.012987012987012986,0.0,0.0,0.0,0.0,0.0,0.0,0.0,0.09090909090909091,0.0,0.0,0.0,0.0,0.0,0.0,0.0,0.0,0.0,0.0,0.0,0.0,0.0,0.0,0.0,0.0,0.0,0.0,0.0,0.0,0.0,0.0,0.0,0.0,0.0,0.0,0.0,0.0,0.0,0.0,0.0,0.0,0.0,0.0,0.0,0.0,0.0,0.0,0.0,0.0,0.0,0.0,0.0,0.012987012987012986,0.0,0.0,0.0,0.0,0.0,0.0,0.018181818181818184,0.0,0.0,0.0,0.0,0.0,0.0,0.0,0.0,0.0,0.0,0.0,0.0,0.0,0.0,0.0,0.0,0.0,0.0,0.0,0.0,0.0,0.0,0.0,0.0,0.0,0.0,0.0,0.0,0.0,0.018181818181818184,0.0,0.0,0.0,0.0,0.0,0.0,0.012987012987012986,0.0,0.0,0.0,0.0,0.0,0.0,0.0,0.0,0.0,0.0,0.0,0.0,0.0,0.0,0.0,0.0,0.0,0.0,0.0,0.0,0.0,0.0,0.0,0.0,0.0,0.0,0.0,0.0,0.0,0.0,0.0,0.0,0.0,0.0,0.0,0.0,0.0,0.018181818181818184,0.0,0.0,0.0,0.0,0.0,0.0,0.0,0.0,0.0,0.0,0.0,0.0,0.0,0.0,0.0,0.0,0.0,0.0,0.0,0.0,0.0,0.0,0.0,0.0,0.0,0.018181818181818184,0.0,0.0,0.0,0.0,0.0,0.1131486539211861,0.07523510971786833,0.2930134357553956,0.325068870523416,0.038461538461538464,0.0,0.012987012987012986,0.6515151515151515,0.5454545454545454,0.36363636363636365
206,0.028627239902157108,0.03,0.02892403355039088,0.21,0.0,0.8500000000000001,0.7142857142857143,0.2727272727272727,0.43820224719101125,0.0,0.0,0.0,0.0,0.0,0.0,0.0,0.0,0.0,0.0,0.0,0.0,0.0,0.0,0.0,0.0,0.0,0.0,0.0,0.0,0.0,0.0,0.0,0.0,0.0,0.0,0.0,0.0,0.08333333333333333,0.0,0.0,0.0,0.0,0.0,0.0,0.0,0.0,0.0,0.0,0.0,0.0,0.0,0.0,0.0,0.0,0.0,0.0,0.0,0.0,0.0,0.0,0.0,0.0,0.0,0.0,0.0,0.0,0.0,0.0,0.0,0.05555555555555555,0.0,0.0,0.0,0.0,0.0,0.0,0.0,0.0,0.0,0.0,0.0,0.0,0.0,0.0,0.0,0.0,0.0,0.0,0.0,0.0,0.0,0.0,0.0,0.0,0.0,0.0,0.0,0.0,0.0,0.0,0.0,0.0,0.0,0.0,0.0,0.0,0.0,0.0,0.0,0.0,0.0,0.0,0.0,0.0,0.0,0.0,0.0,0.0,0.0,0.0,0.0,0.0,0.0,0.0,0.0,0.0,0.0,0.0,0.0,0.0,0.0,0.0,0.0,0.0,0.0,0.0,0.0,0.0,0.0,0.0,0.0,0.0,0.05555555555555555,0.0,0.0,0.0,0.0,0.0,0.0,0.0,0.0,0.0,0.0,0.0,0.0,0.0,0.0,0.0,0.0,0.0,0.0,0.0,0.0,0.0,0.0,0.0,0.0,0.0,0.0,0.0,0.0,0.0,0.0,0.0,0.0,0.0,0.0,0.08333333333333333,0.0,0.0,0.0,0.0,0.0,0.0,0.0,0.0,0.0,0.0,0.0,0.0,0.0,0.0,0.0,0.0,0.0,0.0,0.0,0.0,0.0,0.0,0.0,0.0,0.0,0.148068669527897,0.14942528735632185,0.10465187648183066,0.0,0.21153846153846154,0.0474537037037037,0.1388888888888889,0.75,0.5,0.0
7,0.16587347166628572,0.01,0.16654886406899405,0.08,0.026315789473756013,0.8026315789473686,0.5075187969924813,0.49880382775119614,0.6268480189237138,0.003289473684210526,0.001594896331738437,0.0,0.0,0.0021929824561403508,0.0,0.0013157894736842105,0.0,0.008458646616541353,0.0,0.0,0.0,0.0,0.0,0.0,0.0,0.0023559743954480795,0.0006925207756232687,0.0,0.0009398496240601503,0.0,0.0,0.0,0.0006925207756232687,0.0018796992481203006,0.0050784856879039705,0.0,0.0,0.0006925207756232687,0.001618678569676755,0.0,0.0,0.0,0.0,0.0,0.0028855032317636193,0.0,0.0023923444976076554,0.0,0.001644736842105263,0.0,0.0,0.004824561403508772,0.004658605974395449,0.0,0.0,0.0,0.0,0.001508685719212035,0.0,0.004480399563502057,0.007770421563525011,0.0006925207756232687,0.0,0.0007112375533428165,0.0,0.0,0.0,0.0,0.0,0.0007974481658692185,0.001644736842105263,0.0043859649122807015,0.004043431675010623,0.0013157894736842105,0.0,0.0,0.0,0.0,0.0009074410163339383,0.0021929824561403508,0.0,0.0,0.0,0.0007974481658692185,0.003132832080200501,0.0,0.0013157894736842105,0.0,0.0,0.0,0.0020242914979757085,0.004121547888860908,0.0,0.0,0.0,0.0,0.0057864255232676284,0.0,0.0018796992481203006,0.0,0.0,0.0,0.0,0.0,0.0,0.008031442241968558,0.0018796992481203006,0.0,0.0,0.004585326953748007,0.0,0.0,0.00770610967979389,0.0,0.0007112375533428165,0.0,0.0,0.0,0.0028978696741854635,0.0,0.0,0.0007112375533428165,0.003289473684210526,0.0,0.001508685719212035,0.0,0.0,0.0,0.0031035820509504723,0.0,0.001594896331738437,0.0,0.0,0.0,0.0,0.002631578947368421,0.0,0.0,0.0007112375533428165,0.0,0.0,0.0021929824561403508,0.0006925207756232687,0.0,0.0,0.0,0.0007112375533428165,0.0,0.0007112375533428165,0.0,0.0,0.006151742993848257,0.001644736842105263,0.0,0.0,0.0,0.0018796992481203006,0.0,0.0,0.0,0.0,0.0,0.0,0.001644736842105263,0.001644736842105263,0.0,0.0007112375533428165,0.0023923444976076554,0.0006925207756232687,0.0006925207756232687,0.002631578947368421,0.006497663076610444,0.0043859649122807015,0.0,0.0,0.0,0.0009398496240601503,0.002590936801463117,0.002631578947368421,0.0,0.0,0.0,0.0009074410163339383,0.0,0.0,0.0,0.0006925207756232687,0.010152454231401601,0.0,0.0048345295055821375,0.0,0.0,0.0,0.002631578947368421,0.0031035820509504723,0.0,0.0,0.001508685719212035,0.0018796992481203006,0.0,0.0,0.010188824333561176,0.0007112375533428165,0.2654167607860854,0.24379915305505143,0.14217606654480514,0.006379585326953748,0.05566801619433198,0.05367993117080002,0.032507745642954354,0.5350877192982456,0.3684210526315789,0.5
171,0.051665376325742106,0.03,0.05331827359699481,0.19,0.25,0.55,0.45535714285714285,0.23863636363636365,0.752808988764045,0.0,0.0,0.0,0.0,0.0,0.0,0.0,0.0,0.0,0.0,0.0,0.0,0.0,0.0,0.0,0.0,0.022727272727272728,0.0,0.0,0.0,0.0,0.0,0.0,0.0,0.0,0.0,0.0,0.0,0.0,0.0,0.0,0.0,0.0,0.0,0.0,0.0,0.0,0.0,0.0,0.0,0.0,0.0,0.0,0.0,0.0,0.0,0.0,0.0,0.0,0.0,0.0,0.0,0.0,0.0,0.0,0.0,0.0,0.0,0.0,0.0,0.0,0.0,0.0,0.0,0.0,0.0,0.0,0.0,0.0,0.0,0.0,0.0,0.0,0.0,0.0,0.0,0.0,0.0,0.0,0.0,0.0,0.0,0.0,0.0,0.0,0.0,0.0,0.022727272727272728,0.0,0.0,0.0,0.0,0.0,0.0,0.0,0.0,0.0,0.0,0.0,0.0,0.0,0.0,0.0,0.0,0.0,0.0,0.0,0.0,0.0,0.0,0.0,0.0,0.0,0.0,0.0,0.0,0.0,0.0,0.0,0.0,0.0,0.0,0.0,0.0,0.0,0.0,0.0,0.0,0.0,0.0,0.0,0.0,0.0,0.0,0.0,0.0,0.0,0.0,0.0,0.0,0.0,0.0,0.0,0.0,0.0,0.0,0.0,0.0,0.0,0.0,0.0,0.0,0.0,0.0,0.0,0.0,0.0,0.0,0.0,0.0,0.0,0.0,0.022727272727272728,0.0,0.0,0.0,0.0,0.0,0.0,0.0,0.03125,0.0,0.0,0.0,0.0,0.0,0.0,0.0,0.0,0.0,0.0,0.0,0.0,0.0,0.0,0.0,0.0,0.0,0.0,0.0,0.0,0.0,0.0,0.0,0.17918454935622316,0.13218390804597702,0.17435085350629104,0.030303030303030304,0.3173076923076923,0.18813286808976465,0.03125,0.41666666666666663,0.0,0.75
110,0.47371204449965965,0.01,0.47307491691157205,0.04,0.06593406593401596,0.7934065934065935,0.5835949764521192,0.5904095904095904,0.6553895542659587,0.0,0.0004995004995004995,0.002459445316588174,0.003599653270705902,0.0017453135100193922,0.0,0.0025791202261790497,0.002331002331002331,0.0020757020757020757,0.0,0.0,0.00084530853761623,0.0009566326530612245,0.001221001221001221,0.0,0.0006868131868131869,0.0002616431187859759,0.0014286163183222006,0.0009157509157509158,0.0,0.002421108303461245,0.0004995004995004995,0.0013927045177045177,0.003703817896929352,0.0028083028083028083,0.0037211704208310547,0.0,0.0,0.0055021367521367525,0.0,0.001360544217687075,0.0006464124111182935,0.0007849293563579277,0.0,0.0,0.013353429950068605,0.0002616431187859759,0.0,0.003407009657009657,0.00267799427463293,0.0013042513042513043,0.0013424075924075925,0.007234432234432235,0.0019686196156784392,0.001106951656402206,0.0,0.004195804195804196,0.0,0.0030287173144316,0.00017170329670329672,0.004204245800884456,0.003476915241621124,0.00197806686777275,0.0007849293563579277,0.0006868131868131869,0.0017094017094017094,0.0005494505494505495,0.0,0.0,0.0,0.0019556336520622237,0.004358630056797254,0.00402930402930403,0.002293738008023722,0.0003663003663003663,0.0,0.0,0.0,0.0018918581418581422,0.0,0.009114068121421062,0.0,0.0003663003663003663,0.0,0.007886557886557887,0.002860631432060004,0.002197802197802198,0.0003663003663003663,0.0006464124111182935,0.001221001221001221,0.0007326007326007326,0.0,0.010261284000779799,0.002878074306645735,0.0006105006105006105,0.0,0.0007500722961249277,0.0,0.0007326007326007326,0.0026251526251526254,0.0,0.0,0.00084530853761623,0.0,0.0,0.0,0.003721115485821368,0.0,0.00943305597910861,0.0035714285714285718,0.0003663003663003663,0.0,0.0,0.0,0.0,0.0,0.00017170329670329672,0.0017094017094017094,0.0,0.0006279434850863422,0.0014826443397871968,0.0009157509157509158,0.0038330716902145474,0.004035423851238108,0.0,0.002110587824873539,0.0,0.0,0.0014826443397871968,0.00328005328005328,0.006411891679748823,0.0,0.0007849293563579277,0.0007326007326007326,0.000578368999421631,0.0,0.006140288283145426,0.0013927045177045177,0.002197802197802198,0.0017453135100193922,0.0,0.0,0.0021225764259819985,0.013079430490144777,0.0,0.0014759546009546008,0.0,0.0023906998696914664,0.0,0.0028442146089204916,0.0,0.0,0.0016454134101192923,0.0002616431187859759,0.0,0.001221001221001221,0.0,0.0020757020757020757,0.0,0.001221001221001221,0.0,0.0,0.0,0.0,0.0036564924378239354,0.00017170329670329672,0.0007500722961249277,0.001098901098901099,0.0009283819628647215,0.0017518225238813473,0.0018903394691209816,0.0018315018315018315,0.001090179661608233,0.001106951656402206,0.0,0.0,0.0006105006105006105,0.0,0.0020757020757020757,0.0,0.0,0.0003232062055591467,0.0004995004995004995,0.0026872166295243216,0.0,0.0037787609216180648,0.0015262515262515263,0.003610841189622702,0.0038955442316786853,0.0032562466772993086,0.0026137057387057385,0.0,0.0,0.0,0.001221001221001221,0.0036269636059552027,0.0,0.0,0.0042469226679753,0.0020757020757020757,0.0075698606948606945,0.0,0.0038861519145940607,0.002197802197802198,0.2694430033485828,0.2564102564102564,0.14287361304381957,0.00666000666000666,0.13947590870667792,0.07620056247203295,0.049945912659142236,0.4157509157509157,0.24175824175824176,0.3516483516483517
91,0.06601036027417478,0.02,0.0659958382571653,0.07,0.5714285714286689,0.5000000000000001,0.4897959183673469,0.6883116883116883,0.869983948635634,0.0,0.0,0.0,0.0,0.015873015873015872,0.0,0.008928571428571428,0.008928571428571428,0.0,0.0,0.0,0.0,0.0,0.0,0.0,0.0,0.028571428571428574,0.0,0.0,0.0,0.0,0.008928571428571428,0.0,0.0,0.0,0.0,0.0,0.008928571428571428,0.0,0.028571428571428574,0.008928571428571428,0.0,0.0,0.0,0.0,0.0,0.0,0.0,0.0,0.0,0.0,0.0,0.0,0.0,0.0,0.0,0.0,0.0,0.028571428571428574,0.0,0.0,0.028571428571428574,0.0,0.0,0.0,0.0,0.0,0.008928571428571428,0.0,0.0,0.015873015873015872,0.0,0.0,0.0365079365079365,0.0,0.0,0.0,0.0,0.0,0.0,0.0,0.0,0.0,0.0,0.0,0.0,0.0,0.0,0.0,0.0,0.0,0.0,0.0,0.0,0.008928571428571428,0.0,0.0,0.06485260770975057,0.0,0.0,0.0,0.0,0.0,0.0,0.0,0.0,0.0,0.0,0.0,0.0,0.0,0.0,0.0,0.0,0.0,0.0,0.0,0.0,0.0,0.0,0.0,0.0,0.0,0.0,0.0,0.028571428571428574,0.0,0.0,0.0,0.0,0.0,0.0,0.0,0.0,0.0,0.0,0.0,0.0,0.0,0.017857142857142856,0.0,0.0,0.0,0.0,0.0,0.0,0.0,0.028571428571428574,0.008928571428571428,0.028571428571428574,0.0,0.0,0.0,0.008928571428571428,0.0,0.0,0.0,0.008928571428571428,0.008928571428571428,0.0,0.008928571428571428,0.0,0.0,0.0,0.0,0.0,0.0,0.0,0.0,0.0,0.0,0.0,0.06485260770975057,0.0,0.0,0.0,0.0,0.0,0.008928571428571428,0.0,0.0,0.0,0.0,0.008928571428571428,0.0,0.0,0.0,0.0,0.0365079365079365,0.0,0.0,0.0,0.0,0.007936507936507936,0.0,0.028571428571428574,0.0,0.0,0.023809523809523808,0.0,0.0,0.0,0.015873015873015872,0.0,0.22746781115879827,0.1839080459770115,0.2084974289818951,0.13852813852813853,0.0,0.04802237100373746,0.031746031746031744,0.5714285714285714,0.2857142857142857,0.14285714285714285
83,0.013554224508326895,0.09,0.01739890281325267,0.34,0.045454545454504114,0.6636363636363637,0.7045454545454545,0.6673553719008265,0.6281920326864148,0.0,0.0034965034965034965,0.0,0.0,0.0,0.0,0.0,0.0,0.00974025974025974,0.002272727272727273,0.0,0.0,0.002272727272727273,0.0,0.0,0.0,0.0,0.0,0.0034965034965034965,0.0,0.0,0.0,0.0,0.0,0.0037878787878787876,0.0,0.0,0.0,0.002272727272727273,0.0,0.002272727272727273,0.0,0.0,0.0,0.0,0.0,0.0,0.0,0.0,0.0,0.0,0.0,0.0,0.0,0.0,0.0,0.0037878787878787876,0.0034965034965034965,0.004329004329004329,0.0034965034965034965,0.0,0.005681818181818182,0.0,0.0,0.0034965034965034965,0.0,0.0,0.0,0.0,0.0,0.01648841354723708,0.004545454545454546,0.0,0.0,0.0,0.0,0.0,0.0,0.0034965034965034965,0.0,0.004132231404958678,0.0,0.0,0.0,0.002272727272727273,0.0037878787878787876,0.0,0.03901515151515152,0.0,0.0,0.0,0.0,0.0,0.007018716577540107,0.0,0.0,0.0,0.005681818181818182,0.0,0.006060606060606061,0.0,0.0,0.0,0.0,0.0,0.0,0.014015151515151515,0.0,0.0,0.0,0.0,0.0,0.0,0.0021645021645021645,0.0,0.0,0.0,0.0,0.0,0.0,0.004329004329004329,0.0,0.0,0.0,0.0,0.0,0.0,0.0,0.0,0.0,0.0,0.0,0.0,0.0,0.0,0.0,0.0,0.0,0.0,0.0,0.0,0.0,0.0,0.010894007952831483,0.0034965034965034965,0.0034965034965034965,0.0,0.0034965034965034965,0.0,0.004329004329004329,0.002272727272727273,0.0,0.005681818181818182,0.0,0.0,0.0,0.0,0.006060606060606061,0.0,0.0,0.0,0.0,0.0,0.0,0.0,0.0034965034965034965,0.006993006993006993,0.0,0.0,0.0,0.0,0.0,0.0,0.0,0.0,0.0,0.0,0.0,0.006060606060606061,0.0,0.0,0.0,0.0,0.019405594405594407,0.0,0.0,0.004329004329004329,0.0,0.005681818181818182,0.0,0.004329004329004329,0.0,0.0,0.0034965034965034965,0.0,0.0,0.0,0.0,0.012878787878787878,0.0037878787878787876,0.004132231404958678,0.0034965034965034965,0.007018716577540107,0.0,0.2188841201716738,0.2507836990595611,0.0819544453152013,0.008264462809917356,0.05769230769230769,0.02230285008669822,0.0408946668304957,0.5378787878787878,0.3181818181818182,0.3181818181818182
223,0.19561873360735768,0.02,0.19792815176035072,0.16,0.4444444444443434,0.5666666666666668,0.6547619047619047,0.5050505050505051,0.5418227215980025,0.0,0.0,0.0,0.0,0.0,0.0,0.0,0.0,0.0,0.006172839506172839,0.0,0.006172839506172839,0.0,0.0,0.0,0.0,0.013888888888888888,0.012345679012345678,0.0,0.0,0.006172839506172839,0.0,0.0,0.0,0.0,0.0,0.0,0.0,0.0,0.013888888888888888,0.006172839506172839,0.0,0.0,0.0,0.0,0.0,0.0,0.0,0.0,0.0,0.0,0.0038314176245210726,0.0,0.0,0.012345679012345678,0.0,0.0,0.0,0.013888888888888888,0.0,0.0,0.0359347442680776,0.0,0.0,0.0,0.0,0.0,0.05555555555555555,0.0,0.0,0.0,0.0,0.0,0.013888888888888888,0.0,0.0,0.0,0.0,0.0,0.0,0.0,0.0,0.0,0.0,0.007662835249042145,0.05555555555555555,0.0,0.0,0.0,0.0,0.0,0.0,0.0,0.006172839506172839,0.006172839506172839,0.0,0.0,0.013888888888888888,0.0,0.006172839506172839,0.0,0.0,0.0,0.0,0.0,0.0,0.015873015873015872,0.0,0.007662835249042145,0.0,0.007662835249042145,0.0,0.0,0.0,0.0,0.0038314176245210726,0.0,0.0,0.0,0.0,0.006172839506172839,0.0,0.0,0.0,0.0,0.013888888888888888,0.0,0.0,0.006172839506172839,0.013835674755214985,0.0,0.0,0.0,0.0,0.0,0.0,0.0,0.0,0.0,0.0,0.0,0.0,0.0,0.0,0.0,0.0,0.0,0.013888888888888888,0.0,0.013888888888888888,0.0,0.0,0.015873015873015872,0.0,0.0,0.0,0.0,0.0,0.0,0.0,0.0,0.0,0.0,0.0,0.0,0.0,0.0,0.0,0.0,0.0,0.0,0.0,0.013888888888888888,0.0,0.0,0.0,0.0,0.0,0.006172839506172839,0.0,0.0,0.0,0.0,0.012345679012345678,0.0,0.0,0.0,0.0,0.03359332238642584,0.0,0.0,0.0,0.0,0.0,0.006172839506172839,0.013888888888888888,0.0,0.0,0.0,0.0,0.0,0.0,0.02204585537918871,0.0,0.18216499761564137,0.1839080459770115,0.1393830037053832,0.06060606060606061,0.0,0.27931430961803716,0.017720306513409962,0.8333333333333333,0.7777777777777778,0.4444444444444444
228,0.10163220703092213,0.01,0.10184159890708738,0.08,0.5,0.35,0.5892857142857143,0.8409090909090909,0.1797752808988764,0.0,0.0,0.0,0.0,0.0,0.0,0.0,0.0,0.0,0.0,0.0,0.0,0.0,0.0,0.0,0.0,0.0,0.0,0.0,0.0,0.0,0.0,0.0,0.0,0.0,0.0,0.0,0.0,0.0,0.0,0.0,0.0,0.0,0.0,0.0,0.0,0.0,0.0,0.0,0.0,0.0,0.0,0.0,0.0,0.0,0.0,0.0,0.0,0.0,0.0,0.0,0.0,0.0,0.0,0.0,0.0,0.0,0.0,0.0,0.0,0.0,0.0,0.0,0.0,0.0,0.0,0.0,0.0,0.0,0.0,0.0,0.0,0.0,0.0,0.0,0.0,0.0,0.0,0.0,0.0,0.0,0.0,0.0,0.0,0.0,0.0,0.0,0.0,0.0,0.0,0.0,0.0,0.0,0.0,0.0,0.0,0.0,0.0,0.0,0.0,0.0,0.0,0.0,0.0,0.0,0.0,0.0,0.0,0.0,0.0,0.0,0.0,0.0,0.0,0.0,0.0,0.0,0.0,0.0,0.0,0.0,0.0,0.0,0.0,0.0,0.0,0.0,0.0,0.0,0.0,0.0,0.0,0.0,0.0,0.0,0.0,0.0,0.0,0.0,0.0,0.0,0.0,0.0,0.0,0.0,0.0,0.0,0.0,0.0,0.0,0.0,0.0,0.0,0.0,0.0,0.0,0.0,0.0,0.0,0.0,0.0,0.0,0.0,0.0,0.0,0.0,0.0,0.0,0.0,0.0,0.0,0.0,0.0,0.0,0.0,0.0,0.0,0.0,0.0,0.0,0.0,0.0,0.0,0.0,0.0,0.0,0.0,0.0,0.0,0.0,0.0,0.0,0.0,0.0,0.19742489270386265,0.2298850574712644,0.07735138696483135,0.0,0.0,0.16594827586206895,0.0,0.5833333333333333,0.5,0.0
89,0.07396709200391126,0.02,0.07542110141339371,0.15,0.5,0.5000000000000001,0.4642857142857143,0.5681818181818182,0.696629213483146,0.0,0.0,0.0,0.0,0.0,0.0,0.0,0.0,0.0,0.0,0.0,0.0,0.0,0.0,0.0,0.0,0.0,0.0,0.0,0.0,0.0,0.0,0.0,0.0,0.0,0.0,0.0,0.0,0.0,0.0,0.0,0.0,0.0,0.0,0.0,0.0,0.0,0.0,0.0,0.0,0.0,0.0,0.0,0.0,0.0,0.0,0.0,0.0,0.0,0.0,0.0,0.0,0.0,0.0,0.0,0.0,0.0,0.0,0.0,0.0,0.0,0.0,0.0,0.0,0.0,0.0,0.0,0.0,0.0,0.0,0.0,0.0,0.0,0.0,0.0,0.0,0.0,0.0,0.0,0.0,0.0,0.0,0.0,0.0,0.0,0.0,0.0,0.0,0.0,0.0,0.0,0.0,0.0,0.0,0.0,0.0,0.0,0.0,0.0,0.0,0.0,0.0,0.0,0.0,0.0,0.0,0.0,0.0,0.0,0.0,0.0,0.0,0.0,0.0,0.0,0.0,0.0,0.0,0.0,0.0,0.0,0.0,0.0,0.0,0.0,0.0,0.0,0.0,0.0,0.0,0.0,0.0,0.0,0.0,0.0,0.0,0.0,0.0,0.0,0.0,0.0,0.0,0.0,0.0,0.0,0.0,0.0,0.0,0.0,0.0,0.0,0.0,0.0,0.0,0.0,0.0,0.0,0.0,0.05,0.0,0.0,0.0,0.0,0.0,0.0,0.0,0.0,0.0,0.0,0.0,0.0,0.0,0.0,0.0,0.0,0.0,0.0,0.0,0.0,0.0,0.0,0.0,0.0,0.0,0.0,0.0,0.0,0.0,0.0,0.0,0.0,0.0,0.0,0.0,0.13519313304721028,0.1264367816091954,0.15834283919859604,0.0,0.0,0.03125,0.05,0.6666666666666666,0.0,1.0
8,0.08272352377063018,0.02,0.08289925780405931,0.13,0.11428571428564283,0.7392857142857143,0.5538265306122448,0.5230519480519481,0.6545746388443017,0.004266114002956108,0.00031055900621118014,0.0016463868188006118,0.00018796992481203006,0.0030642656782207973,0.0012698412698412696,0.0022224799010513298,0.0005026455026455026,0.0013058632543926662,0.001694588091646915,0.0007936507936507937,0.0,0.0015674603174603175,0.0,0.0,0.00312281230321586,0.0027386089333093938,0.0,0.0038988095238095236,0.0,0.0,0.0005026455026455026,0.0,0.0002976190476190476,0.001240079365079365,0.0005206430398246256,0.0,0.0,0.0017820166815543856,0.0018769325912183054,0.0009768009768009768,0.0005952380952380952,0.00018315018315018315,0.000962557603686636,0.0,0.006203501584400438,0.0015542328042328043,0.0,0.005916199813258636,0.0,0.00018315018315018315,0.004926400605374323,0.0006493506493506494,0.002562615955473098,0.0007936507936507937,0.0012698412698412696,0.00210978835978836,0.00017857142857142857,0.0,0.0004891304347826086,0.0043341576929977225,0.009471573011488979,0.0,0.0020367094206103493,0.003205328643085141,0.0,0.0,0.0011904761904761904,0.0,0.0,0.0038783270225086082,0.0005494505494505495,0.0,0.003274354613640328,0.0031639322395624913,0.0,0.00021008403361344536,0.002083333333333333,0.002963950149902699,0.0003401360544217687,0.006686034447414256,0.0,0.0015468826559946526,0.00021008403361344536,0.004090136054421769,0.0017658730158730158,0.0009493707043540931,0.003607442977190876,0.0,0.0007936507936507937,0.0005488010807159743,0.0,0.0002304147465437788,0.0005782312925170067,0.0029958929958929957,0.0014666977902272021,0.0,0.0030875576036866357,0.0010749299719887955,0.0023546918767507,0.0004891304347826086,0.00021008403361344536,0.00015527950310559007,0.0,0.0,0.0,0.00615460927960928,0.0,0.004116919553496557,0.000529100529100529,0.0002976190476190476,0.0007936507936507937,0.0,0.0008594346829640947,0.0,0.003243891937571537,0.0011232718894009217,0.0002976190476190476,0.0,0.0,0.0002976190476190476,0.0001488095238095238,0.0019109370833508765,0.0,0.0,0.0003540828816226613,0.0,0.0021105889724310775,0.0006314699792960663,0.004586315193976929,0.001757845435242617,0.0016589861751152074,0.0013455985280928073,0.0,0.00016611295681063124,0.0,0.0013621524259822132,0.0,0.0007707992757826645,0.00042016806722689073,0.0,0.0,0.002695012787723785,0.005509301993142022,0.0012698412698412696,0.0,0.0006493506493506494,0.002295482295482295,0.001443001443001443,0.0007407407407407407,0.001962375859434683,0.0007936507936507937,0.0037467294610151755,0.0018562973845203386,0.0,0.0005952380952380952,0.0007936507936507937,0.0018894300144300141,0.00018796992481203006,0.0012698412698412696,0.0,0.00021008403361344536,0.0,0.0,0.0,0.0003968253968253968,0.0022783461210571184,0.00017857142857142857,0.004750457875457875,0.0008169934640522876,0.0012698412698412696,0.002532928064842958,0.0032188381860950377,0.0004761904761904762,0.000977891156462585,0.0,0.0012698412698412696,0.0,0.002933201058201058,0.0012131519274376419,0.0,0.0004464285714285714,0.0,0.005735529923286422,0.0,0.002883523701279767,0.0,0.0006302521008403361,0.008919023884857586,0.0,0.0036507936507936506,0.0,0.0,0.002159427873713588,0.0,0.004503405566162064,0.0002645502645502645,0.0,0.002805528125228586,0.001240079365079365,0.005664444444905251,0.00042016806722689073,0.015239682684507984,0.0011701963426101357,0.36928264868179034,0.3330049261083744,0.15560128804453816,0.03463203463203463,0.06043956043956043,0.04564098828596474,0.02225230229072538,0.5011990407673861,0.2714285714285714,0.42857142857142855
13,0.9999999999999998,0.01,0.9999999999999999,0.07,0.07317073170725052,0.7341463414634147,0.5008710801393728,0.39800443458980045,0.5623458481775829,0.0,0.0,0.0027100271002710027,0.0,0.0,0.004878048780487805,0.0,0.004065040650406504,0.0017421602787456446,0.0,0.005758807588075881,0.0,0.0,0.0,0.003048780487804878,0.004878048780487805,0.0,0.0,0.003048780487804878,0.0,0.0,0.0,0.003048780487804878,0.0017421602787456446,0.0,0.0,0.0,0.0,0.0,0.0,0.0,0.0,0.0,0.0,0.0,0.014905149051490516,0.0,0.003048780487804878,0.0017421602787456446,0.0,0.0,0.0,0.0,0.0,0.0,0.0,0.0,0.0,0.0,0.0,0.018292682926829267,0.01016260162601626,0.0,0.0,0.004878048780487805,0.0,0.0,0.0,0.0,0.0,0.0,0.0,0.0,0.003048780487804878,0.0,0.0,0.0,0.004065040650406504,0.0,0.003048780487804878,0.004452187379016647,0.0,0.0,0.0,0.0,0.0,0.0,0.009291521486643438,0.0,0.003048780487804878,0.0022172949002217295,0.0,0.0,0.004878048780487805,0.0,0.0,0.0,0.0,0.0,0.0,0.0,0.0,0.0,0.0,0.004065040650406504,0.0,0.007113821138211381,0.008130081300813007,0.0017421602787456446,0.0,0.0,0.0,0.0,0.004790940766550522,0.003484320557491289,0.0,0.0,0.0,0.0,0.0,0.0,0.0,0.0,0.0,0.0,0.0,0.0,0.0,0.0,0.0,0.0,0.0,0.0,0.0,0.0,0.0,0.0,0.0,0.0,0.0,0.0,0.0,0.0,0.0,0.0,0.0,0.003048780487804878,0.0,0.0,0.0027100271002710027,0.0,0.003048780487804878,0.004065040650406504,0.0,0.004065040650406504,0.0,0.0,0.0,0.0,0.0,0.0,0.0017421602787456446,0.0,0.004065040650406504,0.0,0.0,0.0,0.0,0.0,0.0,0.0,0.0,0.0011614401858304297,0.0,0.0,0.0,0.0,0.0,0.0,0.003048780487804878,0.0,0.006097560975609756,0.0,0.0,0.006097560975609756,0.0,0.0,0.0,0.004065040650406504,0.0,0.0,0.0011614401858304297,0.0011614401858304297,0.004065040650406504,0.0,0.004065040650406504,0.0,0.0,0.0,0.003048780487804878,0.004452187379016647,0.0,0.007113821138211381,0.0027100271002710027,0.1267664607976552,0.11157835716288197,0.1580946501042449,0.019216555801921657,0.010318949343339587,0.1175344045014094,0.04087845041933995,0.6016260162601625,0.5121951219512195,0.5121951219512195
59,0.12256071414323885,0.01,0.12320436785120938,0.08,0.23076923076928324,0.730769230769231,0.5274725274725275,0.5279720279720279,0.7018150388936906,0.0,0.0,0.0024813895781637717,0.0,0.0,0.0,0.0,0.005494505494505494,0.005494505494505494,0.0,0.0,0.0,0.0,0.0,0.0,0.0,0.0,0.0,0.0,0.0,0.0,0.005494505494505494,0.0,0.0,0.0,0.0,0.0,0.0,0.0,0.0,0.0,0.0,0.0,0.0,0.0,0.005494505494505494,0.0,0.0,0.009615384615384616,0.0,0.0,0.0,0.0,0.0,0.0,0.0,0.0024813895781637717,0.0,0.0,0.0,0.005494505494505494,0.0,0.0,0.005128205128205128,0.005128205128205128,0.0,0.00641025641025641,0.0,0.0,0.0,0.028122415219189414,0.0,0.0,0.005128205128205128,0.0,0.0,0.0,0.0,0.0,0.0,0.016025641025641024,0.0,0.0,0.0,0.0,0.0,0.0,0.0,0.0,0.0,0.0,0.0,0.0,0.0,0.005494505494505494,0.00641025641025641,0.01282051282051282,0.0,0.0,0.0,0.0,0.0,0.0,0.0,0.0,0.0,0.0,0.0,0.009615384615384616,0.0,0.0,0.0,0.0,0.005494505494505494,0.0,0.0,0.0,0.0,0.0,0.0,0.0,0.0,0.0024813895781637717,0.0,0.0,0.0,0.0,0.0,0.0,0.00591715976331361,0.0024813895781637717,0.005128205128205128,0.0,0.0,0.0,0.0,0.0,0.0,0.0,0.00591715976331361,0.00591715976331361,0.0,0.005494505494505494,0.02564102564102564,0.00591715976331361,0.0,0.0,0.0,0.0,0.0,0.0,0.0,0.0,0.0,0.0,0.0,0.0,0.0,0.0,0.0,0.0,0.0,0.00591715976331361,0.0,0.0,0.0,0.0,0.0,0.005128205128205128,0.0,0.0,0.0,0.0,0.0,0.0,0.0,0.0,0.0,0.0,0.0,0.0,0.0,0.0,0.0,0.0,0.0,0.0,0.0,0.0,0.0,0.005128205128205128,0.0,0.0,0.0,0.0,0.005128205128205128,0.0,0.00591715976331361,0.0,0.0,0.009615384615384616,0.0,0.005128205128205128,0.0024813895781637717,0.25156817431495543,0.22281167108753314,0.13616081614913073,0.009324009324009324,0.03254437869822485,0.052787104850654125,0.03291431480017088,0.5,0.3076923076923077,0.46153846153846156
215,0.03753707601206778,0.02,0.03989431801002522,0.04,0.06666666666660603,0.836,0.5533333333333332,0.3375757575757576,0.570187265917603,0.00022598870056497175,0.0006060606060606061,0.0,0.0,0.0017460317460317458,0.0,0.010608971865365727,0.00019047619047619048,0.0059196823942586655,0.004262680167852581,0.0022222222222222222,0.0019047619047619048,0.0006666666666666668,0.0019047619047619048,0.0,0.001468599033816425,0.008663101604278073,0.003005291005291005,0.0006704331450094162,0.0019047619047619048,0.0,0.0013015873015873017,0.0,0.0,0.0025071225071225073,0.0,0.0,0.0006349206349206349,0.0007849733669750491,0.002253968253968254,0.002992838898011312,0.0,0.0,0.0,0.0006060606060606061,0.0018510378510378511,0.0,0.003400571060145528,0.0008407224958949096,0.01067882362000009,0.0,0.002618657937806874,0.0013968253968253967,0.008733157365510306,0.0015238095238095239,0.0,0.0,0.0022657952069716778,0.004486464141636556,0.0005128205128205128,0.0010256410256410256,0.010453398453398453,0.0014814814814814814,0.0,0.002201643766861158,0.0,0.0010256410256410256,0.003142043142043142,0.002689075630252101,0.0,0.0035335775335775337,0.002193362193362193,0.0,0.0034215167548500886,0.0027454844006568144,0.0,0.0,0.0008266237251744497,0.0014958091553836236,0.0,0.0012075761061268308,0.0,0.0,0.0,0.0013495186642655463,0.0030967741935483874,0.0002469135802469136,0.008520895396457616,0.0,0.0014814814814814814,0.00028368794326241134,0.002188449848024316,0.004068208068208068,0.0017707231040564376,0.006622710622710623,0.0,0.0014854111405835544,0.0050946907498631636,0.004684009435956043,0.00418545306101528,0.0,0.0,0.0,0.0,0.0014958091553836236,0.0,0.0,0.0004761904761904762,0.0027045834985242943,0.0019392212725546061,0.0,0.0014814814814814814,0.0008764367816091954,0.006145671094823637,0.0,0.0007578520770010131,0.0,0.0,0.0006060606060606061,0.0004761904761904762,0.0,0.0,0.0005797101449275362,0.0015873015873015873,0.0,0.0028145728145728146,0.0,0.0,0.0,0.007456059697525625,0.003991889325222659,0.0,0.0019259259259259258,0.0019047619047619048,0.00022598870056497175,0.0,0.0018074974670719353,0.0,0.0002469135802469136,0.003790803011192816,0.003400571060145528,0.0,0.0,0.005018988674161088,0.0016038647342995168,0.0,0.003337099811676083,0.001873015873015873,0.003703703703703704,0.001619047619047619,0.0031565886797668323,0.0014814814814814814,0.0014814814814814814,0.002193362193362193,0.0,0.0,0.0014814814814814814,0.004163473818646232,0.0006349206349206349,0.0,0.0025396825396825397,0.0,0.0019047619047619048,0.0004597701149425287,0.0015873015873015873,0.0021307506053268766,0.0,0.0039729939817597605,0.0016189631881121244,0.0,0.0006666666666666668,0.0010256410256410256,0.0050946907498631636,0.0,0.0004166666666666667,0.0019047619047619048,0.0,0.0,0.004666841418788026,0.0031843711843711846,0.0002469135802469136,0.0,0.0,0.013607841073358315,0.0027771460014673513,0.0039886213077702445,0.0004597701149425287,0.0014814814814814814,0.0028971704623878534,0.0,0.0037613574165298305,0.0003252032520325203,0.0013081166272655635,0.0010241545893719805,0.0009601238869531551,0.004029203594420986,0.0,0.004426212085786554,0.0012710681696188942,0.0014814814814814814,0.0014204326408224458,0.0,0.012062270365522994,0.002991352556569948,0.43599427753934195,0.42482758620689653,0.13649762880037059,0.028282828282828285,0.033846153846153845,0.026697293981178826,0.032393861642389714,0.5022222222222221,0.29333333333333333,0.4533333333333333
131,0.0153082273969147,0.06,0.016929539271797897,0.33,0.20000000000004547,0.8033333333333333,0.5785714285714285,0.6878787878787879,0.5610486891385766,0.0,0.003055321654241372,0.006882591093117409,0.005103174603174603,0.0,0.0024174053182917004,0.0036401306011192847,0.0,0.0017543859649122805,0.006666666666666667,0.0017543859649122805,0.0,0.0026854219948849105,0.006666666666666667,0.0,0.00196078431372549,0.0007246376811594203,0.0,0.0,0.0,0.0,0.0,0.0,0.0,0.0017543859649122805,0.0,0.0,0.012012012012012012,0.0017543859649122805,0.0,0.01111111111111111,0.0,0.0,0.0,0.0011812586857256303,0.008115942028985508,0.0,0.0,0.0016666666666666668,0.0049142788273223055,0.006131691032577414,0.002391304347826087,0.00045662100456621003,0.005394516566031566,0.0,0.00196078431372549,0.00789269210321842,0.0,0.0037142857142857142,0.0007246376811594203,0.0014492753623188406,0.0,0.0,0.0,0.0024174053182917004,0.0,0.0,0.01111111111111111,0.0,0.0,0.006417745227208143,0.003292205248726988,0.0,0.003508771929824561,0.0,0.0,0.0,0.0,0.003997350639748619,0.0,0.006150793650793651,0.0,0.0,0.0,0.0017899543378995435,0.0017543859649122805,0.012101980523033155,0.0,0.0,0.0,0.00146672201466722,0.0,0.0017899543378995435,0.0,0.0012899543378995435,0.0,0.0012899543378995435,0.0,0.0014492753623188406,0.0017543859649122805,0.003023488255872064,0.0,0.0,0.0,0.0,0.0,0.0017543859649122805,0.0,0.0038348472822412323,0.016541788482830347,0.0014492753623188406,0.0,0.0013698630136986301,0.0,0.0,0.0012899543378995435,0.0,0.0,0.0,0.0,0.0,0.0,0.013765182186234818,0.0016255385820603213,0.0,0.0013333333333333333,0.0,0.0018740629685157421,0.0,0.0026854219948849105,0.02043922438026624,0.0,0.004171497584541063,0.0,0.0,0.0007246376811594203,0.0007246376811594203,0.0,0.009537877958930591,0.01301700747799616,0.0,0.0,0.008840579710144928,0.010801364023870419,0.0,0.0013333333333333333,0.0,0.0,0.01111111111111111,0.006882591093117409,0.0,0.0,0.0,0.004475376332784454,0.0,0.0,0.0,0.01286549707602339,0.01111111111111111,0.0013888888888888887,0.01111111111111111,0.0,0.006666666666666667,0.0,0.0016255385820603213,0.0,0.0007246376811594203,0.00045662100456621003,0.0,0.0,0.0007246376811594203,0.0,0.0,0.0,0.0,0.0,0.0,0.0,0.014223018981490502,0.0,0.0,0.0,0.0,0.022909447909447912,0.0009132420091324201,0.0007246376811594203,0.0,0.0,0.0047619047619047615,0.0037142857142857142,0.0,0.0,0.0,0.0,0.0,0.0013333333333333333,0.0008333333333333334,0.0,0.0046810077289529345,0.0017543859649122805,0.006150793650793651,0.0,0.0,0.008215924426450742,0.4374821173104435,0.4252873563218391,0.13582185255039225,0.01616161616161616,0.11282051282051282,0.07952635970760177,0.07870018022820875,0.5,0.16666666666666666,0.13333333333333333
17,0.00036949673204405556,0.07,0.0002184558810143635,0.06,0.20000000000004547,0.7000000000000001,0.6357142857142857,0.5545454545454546,0.7730337078651686,0.0,0.0,0.0,0.0,0.0,0.0,0.0,0.0,0.0,0.0,0.0,0.0,0.0,0.0,0.0,0.0,0.0,0.0,0.0,0.0,0.0,0.0,0.0,0.0,0.0,0.0,0.0,0.0,0.0,0.0,0.0,0.0,0.0,0.0,0.0,0.0,0.0,0.0,0.0,0.0,0.0,0.02727272727272727,0.0,0.0,0.0,0.0,0.0,0.0,0.0,0.0,0.0,0.03068181818181818,0.0,0.0,0.0,0.0,0.0,0.0,0.0,0.0,0.0,0.0,0.0,0.0,0.0,0.0,0.0,0.0,0.00909090909090909,0.0,0.0,0.0,0.0,0.0,0.00909090909090909,0.0,0.0,0.0,0.0,0.0,0.0,0.0,0.0,0.0,0.0,0.0,0.0,0.0,0.0,0.0,0.0,0.0,0.0,0.0,0.0,0.0,0.0,0.0,0.0,0.0,0.0,0.0,0.0,0.0,0.0,0.00909090909090909,0.025,0.0,0.0,0.0,0.0,0.0,0.0,0.0,0.0,0.0,0.0,0.0,0.0,0.0,0.0,0.0,0.025,0.0,0.0,0.0,0.0,0.0,0.0,0.0,0.0,0.0,0.0,0.0,0.0,0.0,0.0,0.0,0.0,0.0,0.0,0.0,0.00909090909090909,0.0,0.0,0.0,0.0,0.0,0.0,0.0,0.0,0.0,0.0,0.0,0.0,0.0,0.0,0.0,0.0,0.0,0.0,0.0,0.0,0.0,0.0,0.0,0.0,0.0,0.0,0.00909090909090909,0.0,0.0,0.0,0.0,0.0,0.0,0.0,0.0,0.00909090909090909,0.0,0.0,0.0,0.0,0.0,0.0,0.0,0.0,0.0,0.02159090909090909,0.0,0.0,0.0,0.0,0.0,0.3545064377682403,0.3264367816091954,0.1414661729517237,0.04848484848484849,0.0,0.03872914555197308,0.12045454545454545,0.6666666666666666,0.6,0.0
166,0.021873134304567655,0.03,0.02225796315219172,0.15,0.3023255813952801,0.6418604651162791,0.5049833887043189,0.32558139534883723,0.6407107394826235,0.0,0.0,0.0005813953488372093,0.006596041302815822,0.007079935568307661,0.001782820948819345,0.0014304601313422484,0.0014597805295479714,0.0018699850401196789,0.0003275466754012447,0.0,0.0,0.0011074197120708748,0.0,0.0029069767441860465,0.0031391063367807556,0.008326873385012921,0.0,0.007562688794264294,0.0030641571552151308,0.0,0.0014597805295479714,0.0,0.00035236081747709656,0.00508703930368557,0.0,0.0,0.000310077519379845,0.0018790835588808248,0.001824686940966011,0.0003275466754012447,0.0,0.0,0.0,0.0,0.00822888010302511,0.0,0.0025839793281653744,0.0009302325581395349,0.0047949737557737935,0.005080889787664308,0.0008944543828264759,0.0,0.0,0.0,0.0,0.0014094432699083862,0.0014597805295479714,0.004757006559332141,0.0021184445909048113,0.006439442595865068,0.005925693134995461,0.0,0.00035236081747709656,0.005105080085031969,0.002677942212825934,0.0003275466754012447,0.0006624383368569415,0.0,0.0,0.0044765445727755265,0.005342345438576392,0.00035236081747709656,0.0020551214262318094,0.00035236081747709656,0.0,0.0,0.0025839793281653744,0.005994413583152873,0.0,0.0031007751937984496,0.00035236081747709656,0.0011074197120708748,0.0,0.007169022647818817,0.00205543810194973,0.0008914728682170544,0.0011542854365629025,0.0,0.0,0.0018058491895701198,0.0034784337109918504,0.002006456521292127,0.0,0.00035236081747709656,0.0,0.0,0.004256015302526931,0.0028277695856355227,0.004190595771008479,0.0012239902080783353,0.0,0.0,0.0,0.0035142118863049094,0.0,0.0047629024373210425,0.0,0.0031738382456576713,0.0017635658914728683,0.0014597805295479714,0.0,0.0,0.0012239902080783353,0.0,0.0031501057082452435,0.0022148394241417496,0.002325581395348837,0.000310077519379845,0.0028214774281805745,0.0,0.0003275466754012447,0.0025329321840949753,0.005342345438576392,0.0,0.001204531902206321,0.0,0.004914930031209101,0.0,0.005942387525834859,0.0034020436927413673,0.0,0.0013679890560875513,0.0,0.005355884425651868,0.0011074197120708748,0.0014534883720930232,0.0,0.0008914728682170544,0.0,0.0025839793281653744,0.00035236081747709656,0.00124031007751938,0.0029366890794316615,0.001292717545583579,0.005433250605141404,0.006769607381602485,0.0027366104798138865,0.0,0.0023542349123744474,0.0003275466754012447,0.0,0.0029541169076052797,0.006687014535851746,0.000310077519379845,0.0,0.0,0.0021975317155209233,0.0,0.005080889787664308,0.0,0.0,0.0,0.000310077519379845,0.003433001107419712,0.0,0.0024708054083819077,0.0,0.005710684664173037,0.0,0.0011074197120708748,0.0012825933756166314,0.004608376120004027,0.00035236081747709656,0.0,0.0,0.0,0.0,0.004500673290388325,0.0,0.0035446009389671364,0.0031568978217405034,0.0,0.005179555132060864,0.0012919896640826872,0.0021184445909048113,0.0,0.0,0.007971800047928792,0.0015151515151515152,0.00035236081747709656,0.0,0.0026599787201702385,0.0009651708701823343,0.00035236081747709656,0.0033651459920703286,0.0,0.0025839793281653744,0.003682002751770193,0.0006459948320413436,0.0018604651162790699,0.0033222591362126242,0.005338908663507419,0.0025329321840949753,0.45024453538277276,0.45763164929163325,0.1241866889779703,0.05496828752642706,0.04919499105545617,0.07442116585580473,0.058288272537267795,0.46124031007751937,0.27906976744186046,0.4186046511627907
72,0.07978567080231726,0.02,0.08051523927646778,0.16,0.3972602739725062,0.43150684931506855,0.5474559686888454,0.6201743462017435,0.6833923349238109,0.004524574595397744,0.0002634351949420443,0.0002446183953033268,0.003215487571617666,0.0036792998184490616,0.002875206984796026,0.0032665964172813484,0.0008697542944118286,0.00227561943259226,0.00022456770716370987,0.0033013211559068407,0.0009069251177649035,0.0,0.0002634351949420443,0.002370811984103212,0.0012465765890423426,0.0005268703898840886,0.0,0.0012442734927383013,0.00023618327822390173,0.0,0.00021743857360295715,0.004940656879597287,0.0,0.0022693025412247434,0.000547945205479452,0.0018158810780907267,0.0009069251177649035,0.0,0.0020489404051047887,0.0022539476023436464,0.0014164890624876205,0.0003341129301703976,0.0,0.0,0.004888711284709842,0.0026322634541812626,0.0,0.0,0.004456802737187465,0.0009760273972602741,0.0004892367906066536,0.0003341129301703976,0.0003913894324853229,0.0008697542944118286,0.0,0.001861237470389321,0.0005073566717402334,0.0028883458262648,0.0,0.0023599402880224796,0.01269878713395541,0.0,0.000547945205479452,0.0006682258603407952,0.009637622569154056,0.0006270079182142815,0.003063160685293488,0.0,0.0,0.000860983320054486,0.0018022122642603218,0.0012468858970265803,0.0024825327517021883,0.0014805774150717316,0.0005073566717402334,0.0030644509010120725,0.0,0.0004280821917808219,0.0006064165251694775,0.0,0.006111840570110714,0.0012552277152436144,0.0004280821917808219,0.002787187520194583,0.0016410655550547538,0.00029146021568055957,0.0018135302309012597,0.0014401123990165085,0.0009358673742235386,0.000380517503805175,0.001341324200913242,0.0015220700152207,0.00685848696826657,0.0016327746107376838,0.0019880576044959608,0.0019707962248948423,0.005704414507510121,0.0010524952232909097,0.0006665739879303769,0.0,0.0,0.00023618327822390173,0.0009069251177649035,0.0,0.0,0.009120619530810505,0.0,0.0021539501912947066,0.0005073566717402334,0.0027397260273972603,0.0,0.0007443089634870457,0.0029248426508700484,0.0,0.0018444850805057406,0.001966982788900597,0.0004931682980850099,0.0008927935675045051,0.0009132420091324201,0.0018947072983796969,0.0003341129301703976,0.0022390549669718306,0.0,0.0,0.0020489404051047887,0.0003341129301703976,0.00035124692658939234,0.0005073566717402334,0.004582521113016313,0.0012243416234913637,0.0,0.0,0.001241038047935301,0.005336068362379542,0.0,0.0016568920678509719,0.0006780745729653954,0.0006255731458509571,0.003330731317602645,0.0004280821917808219,0.00018511662347278786,0.000380517503805175,0.0005268703898840886,0.0013154692890167618,0.001341083426810338,0.003699865190047522,0.0005268703898840886,0.0022088194199933187,0.0028477572925255817,0.0036173159460830694,0.0012699803043939363,0.007506621385496656,0.0021666707997765296,0.00029146021568055957,0.0,0.00018511662347278786,0.001153481591443393,0.0,0.000547945205479452,0.001241038047935301,0.0,0.0,0.0,0.0,0.006254178197902091,0.000380517503805175,0.0013878537099385746,0.0014793752041345654,0.0008820581356498497,0.0,0.0003341129301703976,0.004287925445022501,0.0,0.0004280821917808219,0.0003341129301703976,0.0,0.004390586582367404,0.0023230282887902512,0.0014647112190806096,0.0,0.0,0.0,0.0069549863961597905,0.00105451388378855,0.0,0.0009860634126137545,0.000547945205479452,0.008676917076340293,0.0008165457964007521,0.004793725420901785,0.00029146021568055957,0.0016742770167427702,0.001470675443278183,0.001034227061624322,0.003150996981810254,0.0,0.0007793291183702143,0.006688337042259577,0.0008193686612729955,0.0009132420091324201,0.0,0.010914270691080195,0.0022390549669718306,0.6825210182844376,0.6830420406235239,0.12959697231405526,0.020755500207555,0.16807165437302424,0.04906562875229125,0.06533083580544059,0.5162037037037037,0.3287671232876712,0.3424657534246575
220,0.25066133051789485,0.01,0.25162239109459855,0.04,0.08333333333325754,0.6166666666666668,0.5848214285714286,0.44128787878787884,0.6797752808988764,0.0,0.0,0.0,0.005092592592592592,0.004592994724573672,0.0,0.006617647058823529,0.0,0.001893939393939394,0.009126984126984128,0.0016025641025641027,0.004072681704260651,0.0,0.0,0.0,0.0,0.002699055330634278,0.0,0.0032692307692307695,0.0,0.001736111111111111,0.0032051282051282055,0.0,0.004166666666666667,0.001893939393939394,0.0,0.0,0.005427170868347338,0.0,0.0016025641025641027,0.0,0.0,0.0,0.0,0.0,0.0,0.0,0.0,0.0,0.0,0.0,0.0016025641025641027,0.002976190476190476,0.006617647058823529,0.0010964912280701754,0.0,0.001893939393939394,0.0,0.007395639786944135,0.0,0.0,0.0059829059829059825,0.0,0.0025495337995337995,0.0,0.0047619047619047615,0.0016025641025641027,0.0,0.002976190476190476,0.0,0.0,0.0,0.000946969696969697,0.004941239316239316,0.005398110661268556,0.0,0.0,0.0,0.0,0.0,0.0,0.0,0.0,0.0,0.0025495337995337995,0.005366161616161616,0.006081030897207368,0.015975033738191632,0.0,0.0,0.0,0.0,0.004642857142857143,0.0,0.002777777777777778,0.0,0.0,0.005904183535762483,0.005263157894736842,0.004086921850079745,0.0,0.0,0.0,0.0,0.0,0.0,0.001893939393939394,0.0023148148148148147,0.0010964912280701754,0.0,0.001736111111111111,0.0,0.0,0.004208754208754209,0.0,0.0,0.0016025641025641027,0.006944444444444445,0.0,0.0,0.007577972709551657,0.0,0.001893939393939394,0.0,0.0,0.0032692307692307695,0.0023148148148148147,0.006865721997300945,0.0010964912280701754,0.003878066378066378,0.007190656565656566,0.000946969696969697,0.0021929824561403508,0.002976190476190476,0.001488095238095238,0.0,0.0,0.0,0.006081030897207368,0.003929093567251462,0.0,0.002976190476190476,0.0,0.0,0.0,0.0,0.0,0.0034965034965034965,0.002976190476190476,0.0016025641025641027,0.0,0.0,0.0,0.0016025641025641027,0.0,0.0,0.0,0.001893939393939394,0.0,0.0,0.002976190476190476,0.0,0.0,0.001736111111111111,0.0,0.0023148148148148147,0.0,0.0021929824561403508,0.0,0.0,0.0,0.000946969696969697,0.005904183535762483,0.0,0.0,0.0,0.0,0.0023148148148148147,0.004344919786096257,0.0,0.0,0.0,0.0,0.004166666666666667,0.0,0.0016025641025641027,0.002976190476190476,0.0,0.0034965034965034965,0.0,0.002976190476190476,0.003472222222222222,0.0,0.0016025641025641027,0.0010964912280701754,0.0032692307692307695,0.0,0.0,0.0,0.001893939393939394,0.0,0.0010964912280701754,0.00438034188034188,0.0035606060606060605,0.46494992846924177,0.43103448275862066,0.14968013623715115,0.015151515151515152,0.10576923076923077,0.06787151194409524,0.03670333865767302,0.4930555555555556,0.2916666666666667,0.375
134,0.35224137208232226,0.01,0.35845285745832917,0.1,0.025641025641107262,0.8025641025641026,0.597985347985348,0.3111888111888112,0.543359262460386,0.0,0.0,0.01282051282051282,0.0,0.003205128205128205,0.01816239316239316,0.0,0.002331002331002331,0.0021367521367521365,0.0,0.0,0.0,0.008547008547008546,0.0,0.0,0.009615384615384616,0.010927960927960927,0.0,0.0,0.0,0.0018315018315018315,0.010878010878010876,0.0,0.0,0.0021367521367521365,0.0,0.0,0.0,0.0,0.007314266929651545,0.0,0.0,0.0,0.0,0.0,0.0019723865877712033,0.0,0.0,0.008547008547008546,0.0,0.0,0.005128205128205128,0.004273504273504273,0.0,0.0,0.0,0.01282051282051282,0.0,0.0019723865877712033,0.0,0.0019723865877712033,0.0,0.0,0.0,0.009615384615384616,0.0,0.0,0.0,0.0,0.0,0.0,0.003205128205128205,0.0,0.0,0.008547008547008546,0.0,0.0,0.0,0.0,0.0,0.010519395134779749,0.0,0.0,0.0,0.01566951566951567,0.0021367521367521365,0.0,0.0,0.0,0.0,0.0021367521367521365,0.003205128205128205,0.014792899408284023,0.0,0.0,0.0,0.0,0.006868131868131868,0.0,0.0021367521367521365,0.0,0.0,0.0,0.0,0.0,0.0,0.0021367521367521365,0.0,0.008547008547008546,0.0,0.0,0.0,0.0,0.003205128205128205,0.0,0.005128205128205128,0.0,0.0,0.0,0.005128205128205128,0.0,0.0,0.014792899408284023,0.003205128205128205,0.0,0.010519395134779749,0.0,0.0019723865877712033,0.0,0.0,0.0,0.0,0.0,0.0,0.0,0.0018315018315018315,0.0,0.0,0.0,0.0021367521367521365,0.0,0.0,0.0019723865877712033,0.0,0.0,0.0,0.0,0.0,0.0,0.014792899408284023,0.0,0.0,0.0,0.005128205128205128,0.0,0.0,0.0,0.0021367521367521365,0.0,0.0,0.0,0.0,0.0,0.0,0.003205128205128205,0.0,0.0,0.0021367521367521365,0.0,0.0,0.008547008547008546,0.0,0.019688644688644688,0.0,0.0,0.0,0.0,0.0,0.010683760683760682,0.0,0.0,0.0,0.0,0.0021367521367521365,0.0,0.008547008547008546,0.0,0.0,0.005128205128205128,0.0,0.0,0.0,0.0,0.0,0.0,0.003205128205128205,0.0,0.0,0.0,0.0021367521367521365,0.008547008547008546,0.0,0.003205128205128205,0.014792899408284023,0.11676020688896226,0.10433244916003537,0.1417920465820509,0.05283605283605284,0.021696252465483234,0.1460474979409414,0.02808881401998811,0.4615384615384615,0.23076923076923078,0.48717948717948717
204,0.10612407795500568,0.02,0.11039778758014995,0.15,0.13888888888891415,0.7583333333333334,0.501984126984127,0.5505050505050505,0.6529338327091136,0.0,0.0,0.0,0.0009578544061302681,0.006345785440613027,0.001851851851851852,0.005303030303030303,0.0,0.011728395061728396,0.00771604938271605,0.0044300766283524905,0.0,0.0,0.0030864197530864196,0.0,0.008397190293742017,0.009722222222222222,0.0,0.0025252525252525255,0.0,0.0,0.0,0.0,0.0,0.004629629629629629,0.0,0.0,0.0,0.0,0.0,0.004629629629629629,0.0,0.0009578544061302681,0.0,0.0,0.012268518518518519,0.0,0.0,0.0,0.0025252525252525255,0.0,0.0,0.0,0.018111672278338944,0.0,0.0,0.0,0.0,0.0,0.0030864197530864196,0.005324074074074074,0.011837484035759897,0.0,0.0,0.001851851851851852,0.0,0.0,0.011574074074074073,0.0,0.0,0.0,0.0,0.0,0.0044300766283524905,0.0009578544061302681,0.0,0.0,0.0025252525252525255,0.0,0.0,0.0,0.0,0.0,0.0,0.001736111111111111,0.0,0.0,0.0009578544061302681,0.0,0.004629629629629629,0.004629629629629629,0.0,0.005324074074074074,0.0019157088122605363,0.002777777777777778,0.0,0.0,0.007902298850574713,0.0,0.001736111111111111,0.0,0.0,0.0,0.0,0.0,0.0,0.0,0.0,0.0,0.0,0.0,0.004629629629629629,0.004629629629629629,0.014814814814814815,0.0,0.0,0.0,0.0,0.0,0.0,0.0,0.0,0.0,0.0,0.0025252525252525255,0.0,0.0,0.0,0.0,0.0,0.0,0.0,0.004629629629629629,0.006944444444444444,0.0,0.0,0.0,0.0,0.0,0.012037037037037037,0.0,0.0,0.0,0.005324074074074074,0.0,0.0009578544061302681,0.008641975308641976,0.0,0.011574074074074073,0.0,0.0,0.004629629629629629,0.004629629629629629,0.004629629629629629,0.004629629629629629,0.0025252525252525255,0.004629629629629629,0.011574074074074073,0.0,0.0,0.006944444444444444,0.0,0.0,0.004629629629629629,0.0,0.0,0.0,0.012037037037037037,0.006944444444444444,0.0,0.0,0.0030864197530864196,0.007902298850574713,0.0,0.0,0.006944444444444444,0.0,0.0,0.011921296296296298,0.0,0.0,0.0,0.0,0.018458894500561165,0.0,0.0,0.0,0.0,0.003483106931382793,0.0,0.0025252525252525255,0.0,0.0,0.004629629629629629,0.0,0.0009578544061302681,0.0,0.0,0.0,0.004629629629629629,0.0,0.0,0.014362736561012425,0.0,0.18824511206485456,0.15708812260536398,0.3159257803672966,0.07070707070707072,0.04700854700854701,0.08311835355147226,0.06811699369170633,0.47619047619047616,0.25,0.3611111111111111
230,0.2086884640549135,0.01,0.2087710036227267,0.06,0.27358490566030014,0.5801886792452831,0.5037061994609164,0.6204974271012007,0.6260334958660165,0.0003369272237196765,0.0014412997903563939,0.0073012312984680324,0.0010669362084456424,0.004161295363100121,0.0014412997903563939,0.00389093475302512,0.0,0.0045453667678972895,0.001038858939802336,0.0021397320207820615,0.000884433962264151,0.0,0.0,0.0,0.0007559264634736333,0.007749297135684814,0.0,0.0017721866260752592,0.0,0.0004965243296921549,0.0,0.0004101722723543888,0.00029481132075471697,0.0013972570160139528,0.0,0.0,0.0,0.0,0.003737011624732362,0.0007187780772686432,0.0,0.0,0.0,0.0007861635220125786,0.01440740452813391,0.0,0.004649595687331537,0.0002695417789757412,0.003634134471398622,0.0010669362084456424,0.0007861635220125786,0.0048931761657356404,0.003836340063996469,0.0006576560232220609,0.0,0.006886662239410393,0.0,0.00522255980026102,0.0,0.010878602355463814,0.021864798173571544,0.0,0.0,0.0035599096919851636,0.0,0.0011792452830188679,0.00044923629829290204,0.0007861635220125786,0.0,0.0021137750035466023,0.0,0.001088534107402032,0.007259555823106098,0.008479047158292442,0.0007861635220125786,0.0,0.0014472555746140653,0.0,0.0,0.010760045405173372,0.0,0.001347708894878706,0.0,0.006100498717397816,0.0014445450474132055,0.0,0.01001768147994563,0.0,0.000812081000760246,0.0,0.0023584905660377358,0.00647827414131762,0.0032720544512997345,0.0004965243296921549,0.0006323864814430852,0.0010678282955764499,0.0296712726948755,0.008535201695579054,0.0018324546799852017,0.0,0.0,0.0,0.0,0.0023584905660377358,0.0,0.006616645686610025,0.0,0.0010490274641218036,0.0006178166555525046,0.0004965243296921549,0.00044923629829290204,0.000673854447439353,0.0009433962264150943,0.0,0.0023584905660377358,0.0002300966405890474,0.0,0.0,0.0003930817610062893,0.001154180352914216,0.0,0.0076641155394231684,0.0,0.0,0.0033063942048501406,0.0,0.008687389634284389,0.00029481132075471697,0.0021131766414785283,0.00025497195308516065,0.0,0.0056087950878763015,0.0,0.0,0.0,0.0014342172361040285,0.0,0.0,0.0016757696127110229,0.0023584905660377358,0.0005896226415094339,0.006536426706045004,0.001399543852374041,0.002587192681532304,0.0010669362084456424,0.0,0.0031094722118988156,0.00044923629829290204,0.012498244447092917,0.004323899371069182,0.00044923629829290204,0.006831160853007924,0.0022889453313981616,0.0005896226415094339,0.000725689404934688,0.0013926325247079964,0.0013972570160139528,0.0,0.0,0.0,0.0,0.0,0.0005896226415094339,0.0,0.0019549146313966484,0.0003369272237196765,0.0019705809334657396,0.0027188868570955944,0.0007913356504468718,0.0,0.0014138431509934438,0.02895811007133552,0.0,0.0009433962264150943,0.0,0.0,0.0009433962264150943,0.0040728215425887985,0.0023527381500230097,0.0008576329331046312,0.0010514632864069163,0.0,0.007823764019325715,0.000673854447439353,0.0,0.0006576560232220609,0.0,0.009534684841504496,0.0010669362084456424,0.001042558753797474,0.0034894733007940553,0.0009433962264150943,0.0029874213836477985,0.0004965243296921549,0.005150060860862982,0.0009177836591821054,0.00330188679245283,0.002226084078119828,0.0013972570160139528,0.00303629326097052,0.0,0.010081480665691823,0.00288097191296535,0.32366993278808004,0.29819995662546084,0.14950332515018389,0.06060606060606061,0.12772133526850507,0.06800729789421069,0.07090218290650101,0.449685534591195,0.24528301886792453,0.330188679245283
63,0.0425525191553886,0.03,0.04373154305045143,0.26,0.09210526315791867,0.7250000000000001,0.5902255639097744,0.37619617224880386,0.6374926079243051,0.0008458646616541352,0.0015336059743954482,0.0005609261248358992,0.0,0.0012322472848788639,0.001657259976445036,0.003453947368421053,0.0013157894736842105,0.00029239766081871346,0.0005060728744939271,0.0,0.0,0.0,0.0005482456140350877,0.0,0.001048139552294677,0.010314492371279075,0.0,0.0037092109124732533,0.0006793716469721939,0.0,0.0013157894736842105,0.0,0.0,0.00046992481203007516,0.0,0.0,0.0,0.0018796992481203006,0.004671217517477905,0.0,0.0005060728744939271,0.0,0.0,0.00035561877667140827,0.004015316413448841,0.0009189640768588137,0.0018796992481203006,0.0010964912280701754,0.003289473684210526,0.0,0.0,0.0005060728744939271,0.005779633378317589,0.0,0.0,0.000727481754416179,0.0009305210918114144,0.0035087719298245615,0.004014500537056928,0.0032351207319373703,0.005482456140350878,0.0,0.001141294095453688,0.0007800669939888955,0.007036010231498953,0.0005482456140350877,0.0,0.00035561877667140827,0.0,0.0057864255232676284,0.0008771929824561404,0.0,0.0038643907064959695,0.006530562884203836,0.0,0.0,0.00042444821731748726,0.0035714285714285718,0.003371710526315789,0.0028508771929824563,0.003244718940207662,0.0003059975520195838,0.0,0.0017570983736397271,0.0,0.0,0.00872292911766596,0.0007984705353126407,0.0005482456140350877,0.0026101646521366705,0.004511278195488722,0.0005060728744939271,0.00042444821731748726,0.002563700918964077,0.0023078529657477023,0.0001802451333813987,0.0073352296350470605,0.0013498357766562525,0.0034327618914085077,0.00046992481203007516,0.0003059975520195838,0.0002685284640171858,0.0,0.0018796992481203006,0.0,0.0005482456140350877,0.0,0.0034008361731739946,0.002436084550527635,0.0004862426854009825,0.0,0.0006887300358319678,0.0029239766081871348,0.0,0.00127296088322071,0.00029239766081871346,0.0008771929824561404,0.0,0.0,0.0,0.0,0.0025971256461956894,0.0008771929824561404,0.0003059975520195838,0.0035087719298245615,0.0,0.002162905634166022,0.0003059975520195838,0.0025236431907178537,0.003833626023257078,0.00042444821731748726,0.0007650404550188256,0.0,0.0018824902566791535,0.002631578947368421,0.001671408250355619,0.0018218623481781378,0.00034626038781163435,0.0013627278783841076,0.0018796992481203006,0.0,0.001388888888888889,0.005783250355618777,0.0016186656343218635,0.0013157894736842105,0.0013764173821852264,0.005013131528787758,0.0019319131161236421,0.004307242465137202,0.0016422691636932372,0.0,0.0008771929824561404,0.002902894096013543,0.00016655562958027982,0.00042444821731748726,0.0005482456140350877,0.0,0.00046992481203007516,0.000604693350698886,0.0,0.0,0.0,0.00016655562958027982,0.0008771929824561404,0.006885085520819592,0.003101503759398496,0.0,0.000535863910052807,0.0017310345033723245,0.0,0.0,0.008422229501758301,0.0,0.0,0.0,0.0,0.0,0.002780490186505224,0.001624415769152611,0.0,0.004010589536905326,0.0006925207756232687,0.00867657539695829,0.0018796992481203006,0.0010181704260651629,0.0005060728744939271,0.0,0.0045072902574674134,0.0,0.0003059975520195838,0.0,0.002891844997108155,0.0011487408222917884,0.0,0.004044635839877369,0.0,0.0018796992481203006,0.0014097744360902255,0.0005482456140350877,0.001178025191183086,0.0,0.0019507343941248469,0.0022375958693726795,0.4170996159927717,0.3895946763460375,0.16208852738296764,0.018341307814992026,0.18927125506072875,0.08805210167745134,0.0359917637776656,0.45999999999999996,0.25,0.4605263157894737
54,0.5197844822382498,0.01,0.5196376798402422,0.06,0.3714285714286234,0.5571428571428572,0.5673469387755102,0.44025974025974024,0.6812199036918138,0.0,0.0,0.0,0.0,0.006373889268626111,0.0028061224489795917,0.010207373271889402,0.0,0.0,0.0,0.0012987012987012987,0.0,0.0,0.0,0.0,0.004516911659768803,0.009121856404465101,0.0,0.003132095809441347,0.0,0.0,0.0003861003861003861,0.0,0.0,0.0015873015873015873,0.0,0.0,0.0,0.0014285714285714286,0.0,0.0,0.0,0.0,0.005694305694305695,0.002857142857142857,0.0038095238095238095,0.0,0.0,0.002857142857142857,0.01,0.0,0.0,0.0,0.011189869036993863,0.0,0.0,0.0,0.0,0.006542980828695114,0.0,0.0,0.008557388557388558,0.0,0.0,0.001020408163265306,0.004285714285714286,0.0,0.0011379800853485063,0.0,0.0,0.005119047619047619,0.002197802197802198,0.0,0.002220360284876414,0.0,0.0,0.0,0.0016283364109451065,0.0,0.0,0.0032432432432432435,0.0023809523809523807,0.002319109461966605,0.0,0.0,0.0007518796992481202,0.005714285714285714,0.0,0.0,0.0,0.0,0.0,0.0,0.0,0.0003861003861003861,0.0,0.0017857142857142857,0.006373889268626111,0.0034965034965034965,0.0015037593984962405,0.0,0.0,0.001020408163265306,0.0,0.0,0.0,0.008942626837363679,0.0,0.006768392897425156,0.0009216589861751152,0.0012987012987012987,0.0,0.0,0.005714285714285714,0.0,0.0014285714285714286,0.0,0.0033333333333333335,0.0,0.0,0.002040816326530612,0.0,0.0,0.0,0.0,0.0,0.0,0.0034965034965034965,0.0,0.0009216589861751152,0.0009216589861751152,0.002583902583902584,0.0,0.0,0.0003861003861003861,0.0,0.0018433179723502304,0.0,0.0,0.0022908622908622907,0.0,0.0,0.0,0.00369047619047619,0.0,0.0,0.0003861003861003861,0.00282642089093702,0.0,0.002040816326530612,0.0,0.0,0.005444015444015444,0.008075258075258076,0.0,0.0,0.0,0.0030158730158730157,0.0,0.0,0.0,0.0,0.0,0.0,0.0,0.007678656746979729,0.0,0.0,0.0,0.002197802197802198,0.0,0.0,0.00831595641806653,0.0,0.0,0.0,0.0,0.0,0.0,0.0022759601706970126,0.0,0.0,0.0,0.0007518796992481202,0.0,0.002350230414746544,0.002040816326530612,0.0,0.011270428282312832,0.0,0.003826530612244898,0.0,0.0,0.005022820982073953,0.0,0.00282642089093702,0.0,0.0,0.007727272727272727,0.0,0.002857142857142857,0.0,0.012027042421779264,0.0,0.3296137339055794,0.3395730706075534,0.11015075678700381,0.027705627705627706,0.012087912087912087,0.04340443861474116,0.05650886316115307,0.3,0.08571428571428572,0.2857142857142857
107,0.6236951512458561,0.01,0.626762586739253,0.06,0.11428571428564283,0.7128571428571429,0.5668367346938775,0.5175324675324675,0.5617977528089888,0.0,0.0013650793650793651,0.006298211592329239,0.0034523809523809524,0.0003663003663003663,0.0015873015873015873,0.006510971055088702,0.0,0.005396825396825396,0.0012987012987012987,0.0,0.0,0.006353741496598639,0.0,0.0,0.006587301587301588,0.00786768786768787,0.0,0.00814495028780743,0.0005494505494505495,0.0,0.0014285714285714286,0.0,0.0,0.0012987012987012987,0.0,0.0,0.0,0.0,0.004871794871794872,0.0012987012987012987,0.0012987012987012987,0.0005952380952380952,0.0030735930735930734,0.0020833333333333333,0.005543345543345543,0.0,0.001575091575091575,0.0,0.005546380090497738,0.0,0.0011666666666666665,0.006959706959706959,0.004572565257987253,0.0,0.0,0.007012987012987013,0.0,0.002857142857142857,0.003207482993197279,0.0023976023976023976,0.0062055335968379454,0.0,0.0038095238095238095,0.0033106575963718823,0.0,0.0005494505494505495,0.0012987012987012987,0.002040816326530612,0.0,0.005956916099773243,0.001575091575091575,0.001792717086834734,0.002857142857142857,0.010006184291898578,0.002040816326530612,0.0,0.004976452119309262,0.003207482993197279,0.0023809523809523807,0.002368742368742369,0.0,0.0,0.0,0.017872661986655408,0.0,0.005238095238095239,0.011910946196660482,0.0012987012987012987,0.0012987012987012987,0.0008403361344537815,0.0041147741147741146,0.007032967032967033,0.0,0.0,0.0,0.0,0.0099873795672115,0.012057466343180629,0.0,0.0026122448979591837,0.0,0.0,0.0,0.002197802197802198,0.0,0.0070408163265306125,0.0,0.0,0.006130952380952381,0.0,0.0012987012987012987,0.0,0.009865279445111378,0.0005952380952380952,0.0023809523809523807,0.0,0.0,0.0008403361344537815,0.0042719116632160105,0.0,0.001020408163265306,0.010083315377433023,0.0004761904761904762,0.0,0.005714285714285714,0.0,0.0025274725274725277,0.0,0.0023809523809523807,0.005238095238095239,0.0023243423243423243,0.006445221445221446,0.0,0.0034415584415584417,0.0005714285714285715,0.0,0.0,0.005238095238095239,0.0018701298701298702,0.0021962095875139353,0.0,0.0016703296703296706,0.006687074829931973,0.001985024779142426,0.0,0.006371961371961372,0.007857142857142858,0.0012987012987012987,0.0077289377289377304,0.002040816326530612,0.0012987012987012987,0.006919819311123659,0.006681724073028421,0.0014355742296918769,0.0,0.0012987012987012987,0.0012987012987012987,0.0,0.0,0.0,0.0,0.001575091575091575,0.0013165266106442578,0.0,0.0005494505494505495,0.0026122448979591837,0.0014642857142857144,0.0007142857142857143,0.0,0.0011904761904761904,0.0,0.011595150880865166,0.0,0.0016666666666666668,0.0,0.0,0.001813186813186813,0.002905844155844156,0.0010973084886128364,0.001020408163265306,0.0,0.0,0.0016703296703296706,0.0,0.004755102040816327,0.0004761904761904762,0.0,0.0036507936507936514,0.0,0.0013186813186813187,0.0022893772893772895,0.0034798534798534796,0.0013165266106442578,0.0,0.008174603174603175,0.0,0.0036159079016221873,0.0,0.0012987012987012987,0.0012698412698412698,0.0,0.002141192141192141,0.00804868334280099,0.29435928877988965,0.2623973727422003,0.15685286310892943,0.027705627705627706,0.006043956043956043,0.03751192432716263,0.008872397443826016,0.5071428571428571,0.2714285714285714,0.17142857142857143
50,0.03985332179807244,0.02,0.039827831437542593,0.1,0.18181818181824383,0.6636363636363637,0.45995670995670995,0.45179063360881544,0.6782431052093973,0.0,0.0012121212121212121,0.0,0.0010632642211589579,0.005952380952380952,0.0,0.001743753322700691,0.004093567251461989,0.007359307359307359,0.001893939393939394,0.003787878787878788,0.0,0.003787878787878788,0.001893939393939394,0.0,0.0021645021645021645,0.005170755170755171,0.0,0.0,0.0,0.0,0.004774056353003722,0.0,0.0,0.0,0.0,0.003367003367003367,0.0,0.0,0.006493506493506493,0.006397306397306397,0.0,0.0010632642211589579,0.0,0.0,0.011382767064585247,0.0,0.008838383838383838,0.006131444313262496,0.0008417508417508417,0.0005316321105794789,0.0010632642211589579,0.0009182736455463728,0.0005316321105794789,0.0005316321105794789,0.0,0.0,0.0,0.0016835016835016834,0.0,0.008627946127946127,0.005471380471380472,0.0,0.004546136125083493,0.004662004662004662,0.0030303030303030303,0.0012121212121212121,0.0,0.0,0.0,0.004851143009037746,0.002525252525252525,0.0,0.005,0.0,0.0,0.0,0.0,0.0005316321105794789,0.0,0.007073002754820937,0.0030303030303030303,0.0030303030303030303,0.0,0.008417508417508417,0.0009182736455463728,0.0030303030303030303,0.0,0.0,0.0,0.013778813778813778,0.003367003367003367,0.0,0.0005316321105794789,0.0,0.0,0.004329004329004329,0.005952380952380952,0.0,0.0072390572390572385,0.0,0.0,0.0,0.0,0.008838383838383838,0.0,0.0,0.0030303030303030303,0.0024242424242424242,0.0009182736455463728,0.0,0.0,0.0,0.011758611758611759,0.0,0.0,0.0,0.0,0.0012121212121212121,0.0,0.0,0.0,0.0009182736455463728,0.002525252525252525,0.0,0.0,0.0016835016835016834,0.0,0.0,0.002331002331002331,0.0009182736455463728,0.002331002331002331,0.0,0.0,0.0,0.0,0.0009182736455463728,0.0,0.0009182736455463728,0.007770689349636718,0.008838383838383838,0.0,0.0,0.0043195108984582665,0.005194805194805195,0.0021265284423179157,0.0,0.0021645021645021645,0.0,0.006493506493506493,0.003367003367003367,0.0,0.0,0.011483886483886483,0.005194805194805195,0.0,0.0,0.003367003367003367,0.0,0.0021265284423179157,0.0,0.0,0.0,0.006113078840351568,0.0008417508417508417,0.0,0.0,0.003898635477582846,0.0012121212121212121,0.0,0.0,0.0018365472910927456,0.005952380952380952,0.0,0.0,0.0,0.0005316321105794789,0.0,0.004208754208754209,0.0,0.0,0.0,0.0,0.009664628743576112,0.0,0.0005316321105794789,0.0016835016835016834,0.0,0.0,0.001594896331738437,0.0016835016835016834,0.0009182736455463728,0.0,0.005194805194805195,0.0009182736455463728,0.0033766233766233766,0.0,0.008838383838383838,0.0,0.0,0.006391184573002755,0.0016835016835016834,0.005471380471380472,0.0,0.27493822343607754,0.25496342737722044,0.13973556348077593,0.045913682277318645,0.038461538461538464,0.05623512392137897,0.01555140146049237,0.5,0.24242424242424243,0.42424242424242425
239,0.06233592676425521,0.01,0.06401390519173064,0.01,0.0,0.7400000000000001,0.41428571428571426,0.4454545454545455,0.37303370786516854,0.0,0.0,0.0,0.0,0.0,0.0,0.03333333333333333,0.0,0.0,0.0,0.0,0.0,0.0,0.0,0.0,0.0,0.0,0.0,0.0,0.0,0.0,0.0,0.0,0.0,0.0,0.0,0.0,0.0,0.0,0.0,0.0,0.0,0.0,0.0,0.0,0.0,0.0,0.0,0.0,0.0,0.0,0.0,0.0,0.03333333333333333,0.0,0.0,0.0,0.0,0.0,0.0,0.0,0.0,0.0,0.0,0.0,0.0,0.0,0.0,0.0,0.0,0.0,0.0,0.0,0.0,0.0,0.0,0.0,0.0,0.0,0.0,0.0,0.0,0.0,0.0,0.0,0.0,0.0,0.0,0.0,0.0,0.0,0.0,0.0,0.0,0.0,0.0,0.0,0.0,0.0,0.0,0.0,0.0,0.0,0.0,0.0,0.0,0.0,0.0,0.0,0.0,0.0,0.0,0.0,0.0,0.0,0.0,0.0,0.0,0.0,0.0,0.0,0.0,0.0,0.0,0.0,0.0,0.0,0.0,0.0,0.0,0.0,0.0,0.0,0.0,0.0,0.0,0.0,0.0,0.0,0.0,0.0,0.0,0.0,0.0,0.0,0.0,0.0,0.0,0.0,0.0,0.0,0.0,0.0,0.0,0.0,0.0,0.0,0.0,0.0,0.0,0.0,0.0,0.0,0.0,0.0,0.0,0.0,0.0,0.0,0.0,0.0,0.0,0.0,0.0,0.0,0.0,0.0,0.0,0.0,0.0,0.0,0.0,0.0,0.0,0.0,0.0,0.0,0.0,0.0,0.0,0.0,0.0,0.0,0.0,0.0,0.0,0.0,0.0,0.0,0.0,0.0,0.0,0.0,0.0,0.11244635193133047,0.10114942528735633,0.1374124639022299,0.024242424242424246,0.0,0.0172434729811779,0.0,0.16666666666666666,0.0,0.2
174,0.04300042787827036,0.02,0.04310625266638858,0.09,0.25,0.5909090909090909,0.5389610389610389,0.6260330578512397,0.6041879468845761,0.0,0.0012626262626262625,0.0037878787878787876,0.0006887052341597796,0.0063762626262626266,0.0016233766233766233,0.005772005772005772,0.0,0.0014204545454545455,0.0,0.0,0.0,0.0,0.0,0.0032467532467532465,0.01719877344877345,0.004054520358868185,0.0014204545454545455,0.0,0.0007836990595611285,0.0,0.0,0.0016233766233766233,0.0,0.0,0.0012626262626262625,0.0,0.0,0.0,0.0016774891774891775,0.0032467532467532465,0.0,0.0,0.0,0.0,0.0012626262626262625,0.0,0.0,0.0,0.0033089515848136537,0.0,0.0040100250626566416,0.004591368227731864,0.0035133948177426435,0.0,0.0,0.0,0.0,0.0021367521367521365,0.0018037518037518038,0.0012626262626262625,0.0012626262626262625,0.0014204545454545455,0.0009090909090909091,0.0016233766233766233,0.0018455228981544768,0.0,0.0,0.0,0.0,0.0028132111630135345,0.0019563769563769565,0.0021367521367521365,0.002471922017376563,0.0,0.0,0.0,0.0,0.0049855699855699855,0.0,0.0,0.0,0.0,0.0,0.002903235986426381,0.002616626794258373,0.0,0.0,0.0,0.0,0.0,0.0,0.0023448773448773446,0.002840909090909091,0.0018939393939393938,0.0,0.0016233766233766233,0.0,0.0032467532467532465,0.0018250688705234162,0.0012626262626262625,0.0,0.002066115702479339,0.0,0.0,0.0,0.01663059163059163,0.0,0.002109159779614325,0.004240003417634996,0.0,0.0,0.0,0.002840909090909091,0.0015292678336156597,0.002543290043290043,0.0016233766233766233,0.0,0.0014204545454545455,0.0004288164665523156,0.002066115702479339,0.0,0.005411255411255411,0.0019563769563769565,0.0,0.002677877677877678,0.002272727272727273,0.0,0.0,0.0033053320284181526,0.005931446146813574,0.0,0.0009090909090909091,0.0,0.0,0.0,0.0014204545454545455,0.0,0.0,0.0011363636363636365,0.0004288164665523156,0.0,0.0012626262626262625,0.002250768555116381,0.0012987012987012987,0.0,0.0,0.012914169164169164,0.0032467532467532465,0.0,0.0,0.0,0.012085137085137086,0.0,0.0,0.0,0.0032467532467532465,0.0,0.0,0.0,0.0,0.0,0.0,0.0,0.0019563769563769565,0.0,0.0012626262626262625,0.0011363636363636365,0.00829442752887729,0.0,0.0,0.0021367521367521365,0.0011363636363636365,0.0,0.0012626262626262625,0.0032467532467532465,0.0,0.002272727272727273,0.0018250688705234162,0.0,0.0,0.0,0.0,0.013617521700712095,0.0,0.001979871308364956,0.0,0.0,0.0019119769119769119,0.0006887052341597796,0.005687514240145819,0.0032467532467532465,0.006922322960058808,0.0,0.0,0.02282726112271567,0.0,0.0,0.0018250688705234162,0.0,0.0012626262626262625,0.0019563769563769565,0.015695771733507582,0.0012626262626262625,0.3363246195864222,0.32236154649947757,0.1539167722447768,0.03994490358126722,0.08653846153846154,0.06648947664299984,0.04103013440031646,0.4469696969696969,0.22727272727272727,0.13636363636363635
208,0.04500674895217043,0.02,0.04516733641335018,0.1,0.6666666666667425,0.3666666666666667,0.42857142857142855,0.3939393939393939,0.9288389513108615,0.0,0.0,0.0,0.0,0.0,0.0,0.0,0.0,0.0,0.0,0.0,0.0,0.0,0.0,0.0,0.0,0.0,0.0,0.0,0.0,0.0,0.0,0.0,0.0,0.0,0.0,0.0,0.0,0.0,0.0,0.0,0.0,0.0,0.0,0.0,0.0,0.0,0.0,0.0,0.0,0.0,0.0,0.0,0.0,0.0,0.0,0.0,0.0,0.0,0.0,0.0,0.0,0.0,0.0,0.0,0.0,0.0,0.0,0.0,0.0,0.037037037037037035,0.0,0.0,0.0,0.0,0.0,0.0,0.0,0.0,0.0,0.0,0.0,0.0,0.0,0.0,0.0,0.0,0.0,0.0,0.0,0.0,0.0,0.0,0.0,0.0,0.0,0.0,0.0,0.0,0.0,0.0,0.0,0.0,0.0,0.0,0.0,0.0,0.0,0.0,0.0,0.0,0.0,0.0,0.0,0.0,0.0,0.037037037037037035,0.0,0.0,0.0,0.0,0.0,0.0,0.0,0.0,0.0,0.0,0.0,0.0,0.0,0.0,0.0,0.0,0.0,0.0,0.0,0.0,0.0,0.0,0.0,0.0,0.0,0.0,0.0,0.0,0.0,0.0,0.0,0.0,0.0,0.0,0.0,0.0,0.0,0.0,0.06666666666666667,0.0,0.0,0.0,0.0,0.0,0.0,0.0,0.0,0.0,0.0,0.0,0.0,0.0,0.0,0.0,0.0,0.0,0.0,0.0,0.0,0.06666666666666667,0.0,0.0,0.0,0.0,0.0,0.0,0.0,0.0,0.0,0.0,0.0,0.0,0.0,0.0,0.0,0.0,0.0,0.0,0.0,0.0,0.0,0.037037037037037035,0.0,0.0,0.0,0.0,0.0,0.1301859799713877,0.14559386973180075,0.07977809714412024,0.0,0.0,0.12926547137073452,0.18240740740740743,0.2222222222222222,0.0,0.6666666666666666
189,0.18843988973455605,0.01,0.19036372112682073,0.09,0.22826086956524705,0.6815217391304348,0.5062111801242236,0.4975296442687747,0.6226184660478749,0.0,0.0,0.0006654835847382431,0.0,0.00649840799297321,0.0,0.002308018068887634,0.002139406487232574,0.00031055900621118014,0.0061429512516469045,0.0,0.0,0.0,0.0,0.0,0.0018242626938279112,0.0022868435911914176,0.0,0.003433794466403162,0.0008361204013377927,0.0,0.0014492753623188406,0.0,0.0008361204013377927,0.0038647342995169077,0.0,0.0,0.0009881422924901185,0.002503555220946525,0.002271354852876592,0.004999529456051195,0.0009881422924901185,0.0,0.0,0.0,0.006564449451278096,0.0,0.00024154589371980678,0.0,0.0022256728778467906,0.0,0.0,0.0037691776822211605,0.0036067193675889324,0.0,0.0,0.0006654835847382431,0.0,0.005819060166886253,0.0,0.002672397461400019,0.008641268152137716,0.0,0.0,0.0008361204013377927,0.0016218081435472739,0.0,0.00512892904197252,0.00024154589371980678,0.0,0.003843167701863354,0.0,0.0006038647342995169,0.0023056653491436096,0.0021048999309868873,0.0,0.0009881422924901185,0.0009881422924901185,0.0,0.00041806020066889637,0.002511457946240555,0.0012296881862099253,0.0,0.0008361204013377927,0.005000985901607019,0.00264199223826553,0.0029875413170607676,0.001328502415458937,0.0018115942028985505,0.004710144927536231,0.0029158643289078075,0.0022041062801932366,0.006788501353718745,0.0017120560598821468,0.001358695652173913,0.0,0.003532608695652174,0.0035998572683355293,0.0021048999309868873,0.004007465963987703,0.0,0.0,0.0018115942028985505,0.0,0.00024154589371980678,0.0,0.0013537187450230928,0.0,0.0018115942028985505,0.004011387163561076,0.0012077294685990338,0.003623188405797101,0.0,0.0018115942028985505,0.0,0.0021948160535117055,0.0009881422924901185,0.001457238413760153,0.0,0.0005323868677905945,0.0008361204013377927,0.0,0.002261411811101252,0.0,0.0,0.004830917874396135,0.0005434782608695652,0.00040257648953301127,0.0018115942028985505,0.0015959282263630088,0.005280735482598836,0.0,0.0007763975155279503,0.0,0.002807971014492753,0.0,0.0015959282263630088,0.0005434782608695652,0.0028036576949620425,0.004227053140096618,0.00024154589371980678,0.0,0.00040257648953301127,0.0,0.0008454106280193237,0.0,0.0014492753623188406,0.00024154589371980678,0.003623188405797101,0.0012832125603864735,0.002540937323546019,0.003623188405797101,0.009807825025216328,0.0015503302770383516,0.0,0.0,0.003623188405797101,0.0051548089591567856,0.0,0.0005434782608695652,0.0,0.0,0.0,0.00024154589371980678,0.0,0.0012077294685990338,0.0,0.00024154589371980678,0.00480705888314584,0.0,0.0,0.0,0.003970410628019324,0.0,0.0,0.0,0.0,0.0,0.008838383838383838,0.001358695652173913,0.0009881422924901185,0.0,0.0,0.008302003425001137,0.0,0.0,0.0005434782608695652,0.0,0.0023418610375132115,0.0,0.0010869565217391304,0.0019323671497584538,0.002587991718426501,0.0008454106280193237,0.0,0.0037456504847809195,0.0,0.001358695652173913,0.0043607660455486546,0.003623188405797101,0.0010219249349684132,0.0005434782608695652,0.008522455805064501,0.0024770777876367937,0.2574640791192387,0.23238380809595202,0.16690826752530763,0.11330698287220027,0.09197324414715718,0.06357064525287533,0.043955992941628386,0.47826086956521735,0.2391304347826087,0.34782608695652173
246,0.018113769119224726,0.06,0.019446530944354695,0.36,0.6666666666667425,0.4,0.5357142857142857,0.5606060606060607,0.8089887640449438,0.0,0.0,0.0,0.0,0.0,0.0,0.0,0.06666666666666667,0.0,0.0,0.0,0.0,0.0,0.0,0.0,0.0,0.0,0.0,0.0,0.0,0.0,0.06666666666666667,0.0,0.0,0.0,0.0,0.0,0.0,0.0,0.0,0.0,0.0,0.0,0.0,0.0,0.0,0.0,0.0,0.0,0.0,0.0,0.0,0.0,0.0,0.0,0.0,0.0,0.0,0.0,0.0,0.0,0.0,0.0,0.0,0.0,0.018518518518518517,0.0,0.0,0.0,0.0,0.0,0.018518518518518517,0.0,0.0,0.0,0.0,0.0,0.0,0.0,0.0,0.0,0.018518518518518517,0.0,0.0,0.0,0.0,0.0,0.0,0.0,0.0,0.0,0.0,0.0,0.0,0.0,0.0,0.0,0.0,0.0,0.0,0.0,0.0,0.0,0.0,0.0,0.0,0.0,0.0,0.0,0.0,0.0,0.0,0.0,0.0,0.0,0.0,0.0,0.0,0.0,0.0,0.0,0.0,0.0,0.018518518518518517,0.0,0.0,0.0,0.0,0.0,0.0,0.0,0.0,0.0,0.0,0.0,0.0,0.0,0.0,0.0,0.0,0.0,0.0,0.0,0.0,0.0,0.0,0.0,0.0,0.0,0.0,0.0,0.0,0.0,0.0,0.0,0.0,0.0,0.0,0.0,0.0,0.0,0.0,0.0,0.0,0.018518518518518517,0.0,0.0,0.013888888888888888,0.0,0.0,0.0,0.0,0.013888888888888888,0.0,0.0,0.0,0.0,0.0,0.0,0.0,0.0,0.0,0.0,0.013888888888888888,0.0,0.0,0.0,0.0,0.0,0.0,0.0,0.013888888888888888,0.013888888888888888,0.0,0.0,0.0,0.0,0.0,0.0,0.0,0.0,0.0,0.0,0.0,0.3447782546494993,0.33716475095785436,0.13013233336436336,0.0,0.0,0.05221654261202283,0.05092592592592592,0.8333333333333333,0.6666666666666666,0.3333333333333333
207,0.5939179300666192,0.0,0.5903366515937385,0.02,0.12195121951208421,0.7219512195121951,0.49390243902439024,0.655210643015521,0.6303096738832557,0.013008130081300813,0.001524390243902439,0.0,0.0,0.005747639893981357,0.0023228803716608595,0.0032863477985429204,0.0,0.0014347202295552368,0.0,0.0,0.0,0.0,0.0010604453870625662,0.006097560975609756,0.0011614401858304297,0.02341433359460931,0.0,0.005941213258286429,0.0,0.0,0.0,0.0,0.0,0.003048780487804878,0.0,0.0,0.0,0.0,0.01881621088938162,0.0,0.0,0.0,0.004790940766550522,0.0021777003484320556,0.012195121951219513,0.0,0.002221885572892996,0.0,0.0024390243902439024,0.0,0.0,0.0,0.00827582534899608,0.0,0.0,0.004065040650406504,0.0,0.0,0.0,0.013719512195121951,0.01867982965543941,0.013008130081300813,0.0,0.0021777003484320556,0.0,0.0,0.0010604453870625662,0.0,0.0,0.003048780487804878,0.0,0.0,0.0,0.001016260162601626,0.0010604453870625662,0.0,0.005173688100517368,0.0,0.001524390243902439,0.0,0.0,0.0,0.0017421602787456446,0.0,0.0,0.0014347202295552368,0.001016260162601626,0.0,0.0,0.001524390243902439,0.0,0.012195121951219513,0.0,0.0,0.0,0.003726287262872628,0.023798356115429284,0.001016260162601626,0.0,0.0,0.0,0.0,0.0,0.0,0.0,0.008130081300813007,0.0014347202295552368,0.0,0.0,0.0,0.0,0.0024390243902439024,0.0014347202295552368,0.0,0.013008130081300813,0.0011086474501108647,0.0,0.0021777003484320556,0.0,0.002032520325203252,0.0,0.0,0.0,0.0,0.0,0.0,0.0,0.002032520325203252,0.0,0.0014347202295552368,0.001524390243902439,0.0,0.0,0.0,0.0,0.0,0.0,0.0,0.0,0.0010604453870625662,0.0,0.0,0.01524390243902439,0.0,0.0,0.0021777003484320556,0.0,0.0010604453870625662,0.003726287262872628,0.0,0.0,0.008130081300813007,0.011566008517228029,0.0,0.0,0.0,0.0,0.0,0.0,0.0010604453870625662,0.0,0.0,0.0,0.0,0.003770472487333569,0.0,0.0014347202295552368,0.0011614401858304297,0.0,0.0,0.0038714672861014324,0.02176583579022603,0.0,0.006097560975609756,0.0010604453870625662,0.0,0.0014347202295552368,0.0,0.007166004726980337,0.003048780487804878,0.0,0.0,0.004573170731707317,0.003600464576074332,0.0,0.0,0.013008130081300813,0.009654471544715446,0.0009033423667570009,0.0024390243902439024,0.0,0.0,0.001876172607879925,0.002032520325203252,0.0011614401858304297,0.0,0.0010604453870625662,0.0017421602787456446,0.0,0.0,0.002495165616617803,0.017828106852497097,0.0,0.2389825185805506,0.21082141855901315,0.15497921010012367,0.0014781966001478197,0.0,0.053535299775563434,0.012674847245366862,0.35,0.14634146341463414,0.12195121951219512
221,0.18601658050069883,0.01,0.18580622488449935,0.03,0.2954545454545041,0.5909090909090909,0.5040584415584415,0.5609504132231405,0.6567926455566904,0.0004288164665523156,0.0,0.0,0.0021728271728271727,0.002649649201373339,0.0010742933537051184,0.0015881524136241118,0.0015110675488033977,0.004213313207273,0.0003852080123266564,0.0007836990595611285,0.0,0.0,0.0,0.0004288164665523156,0.0021471398476746073,0.012518010653203727,0.0,0.0017787569573283859,0.0003071253071253071,0.0004638218923933209,0.0041887060023039204,0.0,0.0,0.0021081769465390154,0.0,0.0,0.0,0.0003852080123266564,0.0044699802980703454,0.0017221064080485814,0.0,0.0,0.0027142761049531307,0.0,0.0025557501708817496,0.001336898395721925,0.001035126035126035,0.0,0.002523204590352204,0.0012987012987012987,0.002365227365227365,0.00107022607022607,0.004342582342040679,0.001336898395721925,0.0,0.0,0.0,0.013936870208508643,0.0008926383589456365,0.0019063995215311005,0.007104976999666625,0.0,0.0006142506142506142,0.0019634504928622578,0.00042087542087542086,0.0,0.0,0.0,0.0,0.0005411255411255411,0.001452148257422091,0.0,0.005761487856296499,0.0,0.0,0.0,0.0,0.0004638218923933209,0.0016249887153561432,0.005902782378610575,0.00042087542087542086,0.0007836990595611285,0.0,0.00183982683982684,0.00227762539184953,0.0004638218923933209,0.001212515526113444,0.0,0.0,0.0,0.0007455507455507455,0.008920000122691982,0.002440794499618029,0.0025319508078128767,0.00045454545454545455,0.00045454545454545455,0.008026674447471236,0.0004638218923933209,0.0018791343446150576,0.0,0.0,0.0007836990595611285,0.0,0.00042087542087542086,0.0,0.0014939263322884012,0.0,0.0013830371450692307,0.0004638218923933209,0.0004638218923933209,0.0,0.0,0.003333637489235212,0.0,0.003106531515622425,0.0,0.0,0.0,0.0033032019680564613,0.0038812465621899067,0.0,0.0015741833923652105,0.001452148257422091,0.00042087542087542086,0.008795119444638065,0.0006142506142506142,0.005750410229449324,0.001336898395721925,0.00042087542087542086,0.006006274722582,0.0,0.00042087542087542086,0.0,0.0,0.0,0.0,0.0017955017955017956,0.0,0.0,0.00042087542087542086,0.0,0.0007102272727272727,0.0,0.0017460273142091325,0.0021103896103896107,0.0006142506142506142,0.0020843273779283297,0.0,0.008577324670391677,0.0008397534668721109,0.0006142506142506142,0.0003852080123266564,0.006593585467298804,0.0,0.0,0.0,0.0024933849588656717,0.0,0.00042087542087542086,0.0,0.0,0.0008741258741258741,0.0,0.0007836990595611285,0.0025188192598906882,0.0008926383589456365,0.0,0.005314782427790387,0.00045454545454545455,0.0,0.00045454545454545455,0.008567799988596777,0.001336898395721925,0.0,0.0,0.0,0.0006142506142506142,0.0029613854268661396,0.0037645177781910444,0.0,0.00045454545454545455,0.0,0.003968468948528769,0.0,0.0006493506493506494,0.0043492906396132205,0.0,0.004228493125035254,0.0012987012987012987,0.005606146996705427,0.0006142506142506142,0.0,0.001185064935064935,0.0008926383589456365,0.013391488027582216,0.0,0.00042087542087542086,0.0,0.0021081769465390154,0.004380866794194991,0.0014883764883764884,0.006358182881497928,0.007765986871904538,0.6632852126414357,0.6577847439916406,0.12538277714380863,0.030303030303030304,0.038461538461538464,0.03973280286851646,0.047017032767053095,0.4696969696969697,0.2727272727272727,0.38636363636363635
169,0.08683348179864259,0.02,0.08723275761765946,0.13,0.18604651162786467,0.5906976744186047,0.4991694352159468,0.6532769556025371,0.5947217141363992,0.0,0.0016022242642727551,0.0006644518272425248,0.0005963029218843172,0.003698178925206896,0.0012699983506514925,0.0006839945280437756,0.0002981514609421586,0.0,0.0009689922480620155,0.0009689922480620155,0.0,0.0009896091044037604,0.0009689922480620155,0.0,0.0,0.006007751937984495,0.0,0.0006839945280437756,0.0009689922480620155,0.0,0.0014769505411878143,0.0,0.0004948045522018802,0.0,0.0,0.0,0.0,0.0008019246190858059,0.004457364341085271,0.0004472271914132379,0.0,0.0002981514609421586,0.0015503875968992248,0.0004948045522018802,0.0026578073089700994,0.0,0.0,0.0002981514609421586,0.0011787990802456557,0.0032051282051282055,0.010335917312661497,0.0,0.0,0.0,0.0004948045522018802,0.0006644518272425248,0.0009689922480620155,0.0017709168671478216,0.0012919896640826872,0.0031526118611719797,0.0016334440753045403,0.0,0.0019020006991137704,0.0,0.0,0.0005537098560354374,0.0004472271914132379,0.0,0.0,0.007215990343155113,0.0007751937984496124,0.0,0.0009689922480620155,0.002325581395348837,0.0,0.0,0.0,0.010267917856657148,0.0009689922480620155,0.0015652951699463326,0.0,0.0006644518272425248,0.0,0.0,0.003667262969588551,0.0,0.0028203859475507175,0.0,0.0,0.0,0.0,0.0045452946721253815,0.0007929560131440389,0.0,0.0,0.0,0.0048449612403100775,0.0011592563794444052,0.002325581395348837,0.0,0.0008019246190858059,0.0,0.0,0.0,0.0,0.0021871539313399776,0.0,0.0010911074740861974,0.0004948045522018802,0.0006644518272425248,0.0,0.0007751937984496124,0.0,0.0012919896640826872,0.0012919896640826872,0.0004472271914132379,0.0,0.0,0.0015503875968992248,0.0,0.0,0.0006644518272425248,0.0007751937984496124,0.0,0.0017709168671478216,0.0008019246190858059,0.0014844136566056407,0.0,0.0016022242642727551,0.003228324707534385,0.0,0.0011000760800279645,0.0,0.0006839945280437756,0.0,0.0007929560131440389,0.0,0.0,0.0,0.0,0.0,0.0,0.0060443771768974785,0.001956441491325212,0.0005963029218843172,0.0006839945280437756,0.0,0.0,0.0,0.0,0.0,0.0006644518272425248,0.0015503875968992248,0.0005537098560354374,0.0,0.0,0.0009689922480620155,0.0004472271914132379,0.0007929560131440389,0.0,0.0,0.0,0.0,0.0007751937984496124,0.0,0.0,0.002325581395348837,0.0,0.0,0.0009896091044037604,0.005813953488372093,0.005813953488372093,0.0,0.0,0.0,0.0004948045522018802,0.0008019246190858059,0.0,0.0,0.0,0.0,0.0002981514609421586,0.007475083056478405,0.0007751937984496124,0.0018202931299626524,0.0,0.0,0.001956441491325212,0.0005963029218843172,0.0017889087656529517,0.0,0.0,0.0006644518272425248,0.0,0.0024353686943903463,0.0,0.0,0.005581591595684995,0.0,0.0023404889683959454,0.0008019246190858059,0.006433137265320394,0.0024353686943903463,0.35213095119273385,0.3384121892542101,0.15673998265837757,0.06906272022551092,0.04919499105545617,0.06089467319953905,0.016426714148354973,0.5198412698412698,0.3023255813953488,0.3023255813953488
58,0.07185210952025035,0.02,0.07188860649684622,0.08,0.3636363636362603,0.40909090909090917,0.42207792207792205,0.3925619834710744,0.40040858018386105,0.0,0.0,0.0,0.0,0.01515151515151515,0.0,0.0,0.0,0.0,0.0,0.01515151515151515,0.0,0.0,0.0,0.0,0.0,0.0,0.0,0.0,0.0,0.0,0.0,0.0,0.0014204545454545455,0.0,0.0,0.0,0.0,0.0,0.0,0.0,0.0,0.0,0.0,0.0,0.0,0.0,0.0,0.0,0.0,0.0,0.0,0.0,0.0,0.0,0.0,0.0,0.0,0.0,0.0,0.0,0.016571969696969696,0.0,0.0,0.0,0.0,0.0,0.0,0.0,0.0,0.0,0.0,0.0,0.01515151515151515,0.0,0.0,0.0,0.0,0.0,0.0,0.0,0.0,0.0,0.0,0.009090909090909092,0.0,0.0027548209366391185,0.0,0.0,0.0,0.0,0.0,0.0,0.0014204545454545455,0.0,0.0014204545454545455,0.0,0.0303030303030303,0.0,0.005509641873278237,0.0,0.0,0.0,0.011363636363636364,0.0,0.0,0.0,0.01184573002754821,0.0014204545454545455,0.0,0.0,0.0,0.0,0.0027548209366391185,0.0,0.0,0.018181818181818184,0.0,0.0,0.0,0.0,0.0,0.0,0.0,0.0,0.0,0.0027548209366391185,0.0,0.0,0.0,0.0,0.0,0.0,0.0,0.0,0.0,0.0,0.0,0.0,0.020454545454545454,0.0,0.0,0.0,0.0,0.005509641873278237,0.0,0.0,0.0,0.011363636363636364,0.0,0.0,0.0,0.0,0.0,0.0,0.0,0.0,0.011363636363636364,0.0,0.0027548209366391185,0.0,0.0,0.0,0.0,0.0,0.005509641873278237,0.0,0.020454545454545454,0.0,0.0014204545454545455,0.0,0.0,0.0303030303030303,0.0,0.0,0.0,0.011363636363636364,0.0,0.011363636363636364,0.0,0.0,0.0014204545454545455,0.0,0.009090909090909092,0.0,0.0,0.0,0.0,0.0,0.0,0.0,0.0,0.0,0.0027548209366391185,0.0,0.0027548209366391185,0.0,0.0,0.0,0.0,0.0,0.0027548209366391185,0.01515151515151515,0.0,0.34724931720639873,0.32183908045977017,0.11140085080147732,0.05509641873278237,1.0,0.09631899344579381,0.025206611570247936,0.43939393939393934,0.18181818181818182,0.45454545454545453
48,0.11279397096003049,0.02,0.11587501474181443,0.18,0.0,0.6000000000000001,0.6696428571428571,0.5454545454545454,0.8707865168539326,0.0,0.0,0.0,0.0,0.0,0.0,0.0,0.0,0.0,0.0,0.0,0.0,0.0,0.0,0.0,0.0,0.0,0.0,0.0,0.0,0.0,0.0,0.0,0.0,0.0,0.0,0.0,0.0,0.0,0.0,0.0,0.0,0.0,0.0,0.0,0.0,0.0,0.0,0.0,0.0,0.0,0.0,0.0,0.0,0.0,0.0,0.0,0.0,0.0,0.0,0.0,0.0,0.0,0.0,0.0,0.0,0.0,0.0,0.0,0.0,0.0,0.0,0.0,0.0,0.0,0.0,0.0,0.0,0.0,0.0,0.0,0.0,0.0,0.0,0.0,0.0,0.0,0.0,0.0,0.0,0.0,0.0,0.0,0.0,0.0,0.0,0.0,0.0,0.0,0.0,0.0,0.0,0.0,0.0,0.0,0.0,0.0,0.0,0.0,0.0,0.0,0.0,0.0,0.0,0.0,0.0,0.0,0.0,0.0,0.0,0.0,0.0,0.0,0.0,0.0,0.0,0.0,0.0,0.0,0.0,0.0,0.0,0.0,0.0,0.0,0.0,0.0,0.0,0.0,0.0,0.0,0.0,0.0,0.1125,0.0,0.0,0.0,0.0,0.0,0.0,0.0,0.0,0.05,0.0,0.0,0.0,0.0,0.0,0.0,0.0,0.0,0.0,0.0,0.0,0.0,0.0,0.0,0.0,0.0,0.0,0.0,0.0,0.0,0.0,0.0,0.0,0.0,0.0,0.0,0.0,0.0,0.0,0.0,0.0,0.0,0.0,0.0,0.0,0.0,0.0,0.0,0.0,0.0,0.0,0.0,0.0,0.0,0.0,0.0,0.0,0.0,0.0,0.0,0.0,0.13626609442060084,0.10344827586206898,0.17028680336228325,0.12121212121212122,0.4230769230769231,0.00847457627118644,0.0,0.29166666666666663,0.0,0.25
88,0.001425605736823871,0.1,0.001420754733408632,0.29,0.5,0.55,0.9464285714285714,0.8409090909090909,0.48314606741573035,0.0,0.0,0.0,0.02,0.0,0.0,0.0,0.0,0.0,0.0,0.0,0.0,0.0,0.0,0.0,0.0,0.0,0.0,0.0,0.0,0.0,0.0,0.0,0.0,0.0,0.0,0.0,0.0,0.0,0.0,0.0,0.0,0.0,0.0,0.0,0.0,0.0,0.0,0.0,0.0,0.0,0.0,0.0,0.0,0.0,0.0,0.0,0.0,0.0,0.0,0.0,0.0,0.0,0.0,0.0,0.0,0.0,0.0,0.0,0.0,0.0,0.0,0.0,0.0,0.0,0.0,0.0,0.0,0.0,0.0,0.0,0.0,0.0,0.0,0.02,0.0,0.0,0.0,0.0,0.0,0.0,0.0,0.0,0.0,0.0,0.0,0.0,0.0,0.0,0.0,0.0,0.0,0.0,0.0,0.0,0.0,0.0,0.0,0.0,0.0,0.0,0.0,0.0,0.0,0.0,0.0,0.0,0.0,0.0,0.0,0.0,0.0,0.0,0.0,0.0,0.0,0.0,0.0,0.0,0.0,0.0,0.0,0.0,0.0,0.0,0.0,0.0,0.0,0.0,0.0,0.0,0.0,0.0,0.0,0.0,0.0,0.0,0.0,0.0,0.0,0.0,0.0,0.0,0.02,0.0,0.0,0.0,0.0,0.0,0.0,0.0,0.0,0.0,0.0,0.0,0.0,0.0,0.0,0.0,0.0,0.0,0.0,0.0,0.0,0.0,0.0,0.0,0.0,0.0,0.0,0.0,0.0,0.0,0.0,0.0,0.0,0.0,0.0,0.0,0.0,0.0,0.0,0.0,0.0,0.0,0.0,0.0,0.0,0.0,0.0,0.0,0.0,0.0,0.0,0.28969957081545067,0.28735632183908044,0.14087052590771643,0.030303030303030304,0.0,0.13662790697674418,0.04,0.75,0.5,0.0
21,0.030517708737709242,0.03,0.03162228028364438,0.15,0.0,0.7714285714285715,0.548469387755102,0.2987012987012987,0.593900481540931,0.0,0.0,0.0,0.0,0.014285714285714287,0.0,0.012445887445887446,0.0,0.0,0.0,0.014285714285714287,0.0,0.0,0.0,0.0,0.0,0.01507936507936508,0.008928571428571428,0.0,0.0,0.008928571428571428,0.0,0.0,0.0,0.0,0.0,0.0,0.0,0.0,0.006493506493506494,0.0,0.0,0.005952380952380952,0.0,0.006493506493506494,0.0,0.0,0.0071428571428571435,0.0,0.005952380952380952,0.0,0.0037593984962406013,0.0,0.005952380952380952,0.0,0.0,0.0,0.0,0.006493506493506494,0.0037593984962406013,0.0,0.014285714285714287,0.008928571428571428,0.0,0.006493506493506494,0.0,0.0,0.0,0.0,0.0,0.02077922077922078,0.007936507936507936,0.0,0.014285714285714287,0.0,0.0,0.0,0.0,0.0037593984962406013,0.0,0.0,0.0,0.0,0.005952380952380952,0.0,0.0,0.0,0.014661654135338346,0.0,0.0,0.0,0.0,0.006493506493506494,0.0,0.0,0.0,0.0,0.02994987468671679,0.0,0.0,0.0,0.0,0.0,0.0,0.0,0.0,0.0,0.0,0.0,0.0,0.006493506493506494,0.0,0.0,0.0,0.0037593984962406013,0.0,0.0,0.0,0.0,0.007936507936507936,0.0,0.0,0.015422077922077922,0.007936507936507936,0.0,0.006493506493506494,0.0,0.0,0.0,0.0,0.0,0.0,0.0,0.0,0.0,0.0,0.0,0.005952380952380952,0.0,0.0,0.0071428571428571435,0.0,0.0,0.014285714285714287,0.0,0.0,0.0,0.0,0.0,0.006493506493506494,0.0,0.0,0.0,0.0071428571428571435,0.0,0.021428571428571432,0.0,0.0,0.0,0.0,0.0,0.0,0.0071428571428571435,0.0,0.007936507936507936,0.0,0.0,0.0,0.010252904989747095,0.006493506493506494,0.005952380952380952,0.0,0.02619047619047619,0.008928571428571428,0.0,0.0,0.0,0.0,0.0,0.0,0.0,0.0,0.0,0.0,0.0,0.0,0.005952380952380952,0.008928571428571428,0.0,0.0,0.005952380952380952,0.0,0.0,0.0,0.0,0.0,0.0,0.0071428571428571435,0.006493506493506494,0.0,0.0,0.0,0.014285714285714287,0.006493506493506494,0.22532188841201717,0.19704433497536944,0.149291089972509,0.09090909090909091,0.271978021978022,0.08789894931400447,0.0342608414976836,0.5238095238095237,0.35714285714285715,0.5
57,0.03319213768544758,0.03,0.03359867280137216,0.17,0.15942028985500656,0.8217391304347826,0.30175983436853,0.3142292490118577,0.5966454974759812,0.000989225781845919,0.0004528985507246377,0.0005797101449275362,0.001767953558234888,0.0023280345980790113,0.0014957274401111542,0.0018839957881471162,0.0018058431101909364,0.002832047179873267,0.0017268962921136834,0.0028174395168317564,0.0,0.0010088093208297812,0.00036231884057971015,0.0011116305646459925,0.000744047619047619,0.0027829785266856207,0.0002841716396703609,0.0008061594202898551,0.000744047619047619,0.0,0.003331396123158137,0.000966183574879227,0.0,0.002142543446891273,0.0,0.0005175983436853001,0.0014458595618015908,0.0030267000730138725,0.00022644927536231884,0.0030219920548345044,0.0,0.0,0.0,0.000315059861373661,0.0,0.0006135524038337338,0.0002841716396703609,0.0002841716396703609,0.003988373890110328,0.0010088093208297812,0.0024085954620851643,0.00022644927536231884,0.00689380455970845,0.0020013802622498274,0.0010088093208297812,0.0005797101449275362,0.001376428188022391,0.0010351966873706003,0.001032608695652174,0.0005797101449275362,0.003922237496629736,0.0,0.0,0.0015856328596098417,0.002559759081498212,0.0007246376811594203,0.0009090909090909091,0.0,0.0005175983436853001,0.011324929243105368,0.002268075289143647,0.0007516798210635353,0.0043742153680393385,0.004912730754614567,0.00032938076416337287,0.0,0.0,0.0005797101449275362,0.0005175983436853001,0.0013167803353225347,0.0,0.0,0.0,0.002355874561138153,0.0025759391892115004,0.0,0.005411406148100619,0.0,0.001932367149758454,0.00032206119162640903,0.0016895295667674185,0.0,0.005218958408317676,0.0020821448335245616,0.0006135524038337338,0.0009704968944099379,0.0025111009596350754,0.0014924299636782106,0.004398566409435974,0.001032608695652174,0.0,0.0,0.00032938076416337287,0.0007233459918881914,0.0,0.004316456490369534,0.0,0.004539771112661138,0.0017277635691957942,0.000966183574879227,0.00032938076416337287,0.0013175230566534915,0.0023476637031624244,0.0,0.0020865342704587553,0.0,0.001835121400338792,0.0,0.0,0.0,0.0,0.0014435919295254333,0.0013733052828424498,0.00046750818139317435,0.0009704968944099379,0.00046750818139317435,0.0008638817845978971,0.0,0.004711852827794857,0.0017277635691957942,0.00046750818139317435,0.0005574136008918618,0.00032938076416337287,0.0015527950310559005,0.0,0.0002841716396703609,0.0005574136008918618,0.0002841716396703609,0.003103002070393375,0.0004391743522178305,0.0007685551163812034,0.0,0.007239393867187707,0.00032206119162640903,0.0002841716396703609,0.0015527950310559005,0.0014837819185645272,0.0018752744839701362,0.0016117805972878437,0.0005175983436853001,0.0012955643390426,0.003333333333333333,0.0015986589289122084,0.00032206119162640903,0.0018115942028985507,0.0012955643390426,0.0032398519355041093,0.001116478797638218,0.0005683432793407218,0.0009090909090909091,0.0,0.0004391743522178305,0.0009017713365539452,0.001953015427769986,0.0005683432793407218,0.0,0.0005175983436853001,0.0013193683270409612,0.0002841716396703609,0.0002841716396703609,0.002047908457445624,0.004240061040997903,0.0,0.0013175230566534915,0.0,0.0002841716396703609,0.0,0.0033633697220653742,0.0013858695652173914,0.0,0.0,0.0,0.008591831448400518,0.0016016946963238524,0.0005797101449275362,0.0011148272017837235,0.0,0.0042742190461704,0.000966183574879227,0.00032206119162640903,0.0014863926785385411,0.002805761005579502,0.001128220611916264,0.000315059861373661,0.0022278295376121464,0.0,0.0002841716396703609,0.006691664402661845,0.002779346257607127,0.0020514931927975407,0.0008415852405622226,0.008201060790041131,0.0005797101449275362,0.4439261056167196,0.44311177744461094,0.14060272049837041,0.014931927975406238,0.09197324414715718,0.045406365615766345,0.0882486315155847,0.4068627450980392,0.11594202898550725,0.2028985507246377
203,0.010057883853081496,0.05,0.010352909143724182,0.28,0.24456521739125492,0.7250000000000001,0.5906444099378882,0.5466897233201581,0.6424035173424523,0.0006686662564943944,0.0014687408242729462,0.0006784641574179561,0.0005153503775640264,0.0006650030213573223,0.0021718313677420876,0.005625718444858543,0.003484865105554336,0.0033417540152425765,0.0029138921452717863,0.0001325556733828208,0.0011354911251010996,0.000384963768115942,0.0010970913144826189,0.0004948745139625309,0.003159592386731808,0.0050762713805365105,0.0008992080300176252,0.0018661041602255817,6.547930853850184e-05,0.0005352422856170982,0.003957094691980635,0.0012195121951219512,0.0008355516119491275,0.0019766118459918834,0.0002717391304347826,0.00034002936695597027,0.00023917727530396764,0.0033021853391968273,0.002593503171097271,0.004170959008033505,0.0,0.00010451505016722409,0.0001543723504887363,0.00157187515446498,0.00013935340022296544,6.547930853850184e-05,0.00045289855072463763,0.0005491749863704512,0.003655051016571357,0.0,0.0037490360744864455,0.0009914831016168935,0.005266044365042367,0.0008816470960707232,0.0,0.0002280328367284889,0.0010643115942028986,0.0015746375522817208,0.0010512137605433473,0.00039946405435535874,0.005332059574234898,0.0002717391304347826,0.0008670751027403604,0.004909556775891372,0.00047554347826086953,0.0004932774576567138,0.0012222706380978672,0.000893719806763285,0.00020115753811405983,0.003960988213337155,0.0028989305843887584,0.002188665980226083,0.002201695862517062,0.0017007527481483966,0.0,0.00013935340022296544,0.000602230409122176,0.0031822626101917916,0.0008119034994697773,0.001304527889972924,0.00047554347826086953,8.111615833874107e-05,0.00023629489603024575,0.000944287423200197,0.0023084981846223734,0.00032790277355494745,0.0019613970286262035,0.0002173913043478261,0.0009990656529185913,0.0004283862715405444,0.0006472393467445381,0.0010693099858788014,0.004040857205617206,0.001806921575254907,0.00034090909090909094,0.003361666028498042,0.0011299281447264685,0.0006049158626695676,0.0072699790432902015,0.0008995006723754291,0.0,0.000319693094629156,0.0010230179028132991,0.00045289855072463763,0.0,0.002618550895539547,0.0,0.0025262758401656663,0.0009882146838668577,0.0013239249699946417,0.0008010306709972687,0.0011075277379625206,0.002633104618504633,0.0,0.0015342808026670228,0.0002173913043478261,0.0007193866834698592,0.0006149058077670802,0.00014540258219579083,0.0008863969222025488,7.246376811594203e-05,0.0012346816194207758,0.0029998068135266846,0.00013935340022296544,0.000924876114740815,7.9923273657289e-05,0.0007273017902813299,0.0011400201106083459,0.0020956401481155205,0.00200729803733386,0.0005225279681117039,0.0017173691397420314,0.0007660953177257526,0.0006905534079447123,0.0008021070535636658,0.0010485847129410384,0.0006543550966991421,0.00013935340022296544,0.005005783335310938,0.00045289855072463763,0.0005570652173913044,0.0005986979772146013,0.004041085362247703,0.0018243239893432019,0.0005225752508361204,0.0008350952936401873,0.0022997915465059484,0.00290946785998179,0.0015384409810988136,0.0033595893490812045,0.0009335863443800895,0.002137509601994158,0.00429103018355233,0.00018443832382451311,0.0003580960102699233,0.0008665099795357706,0.0023712989627935653,0.0009877440733818612,0.00034080994619746985,0.0007744565217391305,0.0,0.0,0.0008850612473312876,0.0025454233495209827,0.0032268085502243945,0.0005118109578886091,0.0043605829492864,0.001687302462955778,0.0003528552887735237,0.000384963768115942,0.0015832632840305475,0.0017107373566498107,0.0,0.001342517723756583,0.0013783212560386474,8.491847826086956e-05,0.0,0.008673057381872002,0.0006002150023889155,0.0006429813000815243,0.0,0.0002018891051986445,0.01012394201460994,0.0005016910215843768,0.0012038096710564002,0.0004133962430549431,0.0002717391304347826,0.0024704423243825414,0.0002692054322489105,0.0019131437001080442,0.0008706935538103283,0.00040613185255198485,0.0017654600378423286,0.0007173147965986841,0.0037072242336384227,0.000319693094629156,0.00020849990350417687,0.0021955313367318084,0.0020347184425432564,0.0015368536341521166,0.0002458592132505176,0.006181423291146592,0.0007647886176967961,0.6597779436462026,0.5928285857071465,0.1712139283501079,0.07509881422924901,0.06438127090301003,0.053840969775698876,0.0632080965520519,0.4692028985507246,0.1956521739130435,0.33695652173913043
160,0.040768953971498226,0.03,0.04189603874584162,0.16,0.1645569620252445,0.7164556962025318,0.5305153707052441,0.5025891829689297,0.6560944389133836,0.00037230081906180194,0.0,0.001506931886678722,0.0006329113924050633,0.0010699216395418927,0.0002344116268166901,0.0045894447793181975,0.0,0.004881254762583877,0.00397724404053518,0.0005485232067510548,0.0020061667159004567,0.0009041591320072332,0.0004868549172346641,0.0,0.001598032768918845,0.0026825802537827855,0.0009389344832382807,0.006034940009153279,0.00020416496529195588,0.0,0.001146842732844222,0.0007911392405063291,0.00018615040953090097,0.002713208029663726,0.0,0.0,0.00012658227848101267,0.0011385707588239234,0.0019582386670994266,0.0020761657470518232,0.0,0.0006329113924050633,0.0010548523206751054,0.0014767932489451476,0.0018116670015404194,0.0007911392405063291,0.0010992867346533868,0.0029686558167570827,0.0009299186514376387,0.0,0.0009845288326300985,0.0,0.0035149186256781197,0.00135623869801085,0.0,0.0019511697126620511,0.0018166901078293482,0.003287579441111495,0.0,0.0010548523206751054,0.006923200834122965,0.0,0.0007805907172995781,0.0011322081575246131,0.001518987341772152,0.00808062482154754,0.0014627285513361462,0.00021824530772588389,0.0,0.004388969098702839,0.003693992364878441,0.0034288109921021314,0.005327924355747113,0.003185278829389652,0.00012658227848101267,0.0004988830975428146,0.0006329113924050633,0.0,0.0007032348804500703,0.005080523518231713,0.0012658227848101266,0.0004520795660036166,0.0,0.004040372547574642,0.00339369925185264,0.0033884039142788214,0.0030704128779549763,0.0,0.0013361462728551335,0.0015132672494431322,0.0004160301178524662,0.0011900897976847343,0.003710843016501989,0.00033311125916055963,0.0007911392405063291,0.0018619094651739555,0.00441127086696707,0.0025856650138552676,0.004651987377229373,0.0,0.0,0.0004520795660036166,0.0006134371957156767,0.0004160301178524662,0.0,0.0035091440870921218,0.00019778481012658228,0.004859049488610173,0.0026263099955393327,0.0006360138992305783,0.0014627285513361462,0.0010622289103301762,0.005227335369740432,0.0005494022503516174,0.00046413502109704643,0.0004868549172346641,0.0,0.000514240506329114,0.0024535276062993216,0.002267932489451477,0.0,0.0049494260746808065,0.0034481026515072784,0.0,0.0035354940418231558,0.0010548523206751054,0.0017508480185323076,0.0,0.003998837801425292,0.005086923345951641,0.0007805907172995781,0.0015722673950522052,0.00012658227848101267,0.0017600964436407472,0.0,0.001446332272840091,0.0003013863773357444,0.0028733172697245667,0.006834964784597416,0.0004160301178524662,0.002138076531354576,0.0010405761238539385,0.0033569805721704454,0.004067790784979325,0.0006329113924050633,0.0019555866074853416,0.0021678131314717677,0.0019495834685708104,0.00177740684069798,0.0018395001622849726,0.0014627285513361462,0.005016323099855647,0.0025364088600666516,0.00031645569620253165,0.0,0.0014627285513361462,0.0023715243968408526,0.0004868549172346641,0.0,0.00012658227848101267,0.0,0.00019778481012658228,0.0019466820099731492,0.003229857343781394,0.0010089535405991103,0.00016655562958027982,0.006123440022439743,0.0051413724007662665,0.0,0.0,0.005212012245656482,0.004185916053004661,0.0,0.0014795331251027453,0.0,0.0004868549172346641,0.0008036970062286517,0.006281598975195401,0.0028138381106990267,0.0,0.0003013863773357444,0.0006329113924050633,0.005976744242832571,0.0034695525992994346,0.0019795605238643217,0.0024110910186859553,0.0,0.006808583753255048,0.0004219409282700422,0.0013802126143898296,0.0005793870636663614,0.0022891751658595267,0.005197636400168046,0.0,0.005377918597248091,0.0015227943275911296,0.00039556962025316455,0.0016046226434703083,0.001758087201125176,0.0039796701189106255,0.00035161744022503517,0.009201830444335441,0.004115518886064012,0.32582713098277827,0.29754110286628843,0.14378631458347302,0.009205983889528193,0.0508763388510224,0.03418130822264343,0.03985519046104683,0.3782051282051282,0.13924050632911392,0.3860759493670886
242,0.0063535125268109035,0.08,0.006680317520874013,0.39,0.4375,0.5333333333333333,0.5305059523809523,0.3143939393939394,0.6985018726591761,0.0,0.0,0.0,0.0007716049382716049,0.0016112926652142338,0.013737805404472071,0.005692829457364341,0.00038580246913580245,0.007168143133055413,0.0021494708994708994,0.0,0.0,0.0023741690408357074,0.0,0.0,0.012521043771043771,0.0009199905033238366,0.00043402777777777775,0.00043402777777777775,0.0,0.0,0.0,0.0,0.001305792972459639,0.0019122107937897409,0.0,0.0,0.0,0.004811507936507937,0.0012254901960784314,0.00043402777777777775,0.0,0.0,0.0,0.0009689922480620155,0.0,0.0,0.0,0.0,0.0,0.0,0.00048449612403100775,0.0,0.005208333333333333,0.0008198302469135801,0.0016025641025641027,0.0007716049382716049,0.0030413143058491895,0.0,0.0,0.0015432098765432098,0.002534902328661296,0.00028153153153153153,0.0015432098765432098,0.013777144833346383,0.0,0.0,0.0,0.0,0.0,0.0017792778209444876,0.0005341880341880341,0.0,0.001526251526251526,0.0,0.0,0.0,0.0,0.00048449612403100775,0.0,0.000992063492063492,0.0,0.0,0.0,0.0012056327160493826,0.005372897394011225,0.0,0.0005787037037037037,0.0,0.0,0.0005341880341880341,0.0,0.0,0.0016878858024691357,0.000946969696969697,0.0,0.001984126984126984,0.0077135585489841825,0.0,0.00406168169326064,0.0,0.0,0.0,0.0,0.0,0.0,0.0031377009898681724,0.0,0.0027309050746550747,0.003854218697968698,0.0005341880341880341,0.0,0.0,0.00038580246913580245,0.0,0.000946969696969697,0.0,0.0,0.00048449612403100775,0.0,0.0,0.0,0.00043402777777777775,0.0005341880341880341,0.0,0.0015432098765432098,0.0,0.0009199905033238366,0.00043402777777777775,0.006945224913974914,0.003854218697968698,0.0,0.0007716049382716049,0.0,0.0010127314814814814,0.0,0.000968215811965812,0.0,0.00043402777777777775,0.00043402777777777775,0.0,0.0,0.0,0.0020760489510489514,0.0005341880341880341,0.0,0.0010127314814814814,0.000992063492063492,0.0,0.0016989750445632796,0.0021494708994708994,0.0,0.0012254901960784314,0.0,0.0,0.0,0.0,0.0019122107937897409,0.0,0.0016025641025641027,0.0,0.0,0.0,0.0,0.0005341880341880341,0.0,0.0,0.010416666666666666,0.0009645061728395061,0.0,0.0023741690408357074,0.0023503492527615333,0.003558361685453986,0.0,0.0021929824561403508,0.0,0.0016025641025641027,0.0,0.0053844330160119636,0.0,0.0,0.0,0.0,0.006628776226644443,0.0015809873521011831,0.0,0.0,0.0,0.002751741722329958,0.0,0.0,0.001893939393939394,0.00043402777777777775,0.001526251526251526,0.0005787037037037037,0.01446007696007696,0.00043402777777777775,0.0,0.0033238366571699905,0.0019122107937897409,0.0014260912698412698,0.0,0.003474543226381462,0.0,0.3995886981402003,0.3783524904214559,0.1791026673421245,0.03409090909090909,0.1233974358974359,0.11554273319374864,0.08321495857700582,0.5659722222222222,0.22916666666666666,0.20833333333333334
187,0.035120638014416,0.03,0.035626513262092444,0.16,0.08695652173923918,0.7086956521739132,0.4782608695652174,0.5573122529644269,0.6448461162677088,0.0,0.0034782608695652175,0.0,0.0009057971014492753,0.006521739130434782,0.004793756967670011,0.008202847876760922,0.0018115942028985505,0.0,0.0042443064182194614,0.0,0.0,0.0012077294685990338,0.0042443064182194614,0.0,0.006636155606407323,0.018655333987141764,0.0,0.0009250693802035152,0.0,0.0,0.0018308664816527906,0.0,0.0020703933747412005,0.0,0.002898550724637681,0.0,0.0,0.0,0.005175983436853002,0.0017391304347826088,0.0,0.0,0.002898550724637681,0.0,0.00676328502415459,0.0,0.0,0.004347826086956522,0.003344481605351171,0.0009057971014492753,0.00636615318612664,0.0,0.007146695790860551,0.0009057971014492753,0.0,0.0,0.0,0.0020703933747412005,0.005368620037807184,0.007971014492753625,0.012625893656636867,0.0,0.0,0.0014492753623188406,0.00893719806763285,0.0,0.0,0.0,0.0,0.0054951690821256035,0.0,0.0,0.0020703933747412005,0.0,0.0,0.0050724637681159425,0.0009250693802035152,0.004535286704473849,0.0,0.002898550724637681,0.0024154589371980675,0.0,0.0014492753623188406,0.0024154589371980675,0.0,0.004347826086956522,0.0,0.0,0.0,0.0,0.0,0.003381642512077295,0.003569996916435399,0.0009250693802035152,0.0014492753623188406,0.0,0.009638225999782065,0.0,0.0,0.0034782608695652175,0.0014492753623188406,0.0,0.0,0.0,0.0,0.0,0.0,0.010241839566538919,0.0,0.0,0.0017391304347826088,0.0,0.0,0.0,0.0014492753623188406,0.0,0.002173913043478261,0.0,0.005186880244088482,0.0,0.0,0.0014492753623188406,0.0,0.003098088636841,0.0020703933747412005,0.0,0.007360793287566743,0.0,0.009137629766676945,0.004347826086956522,0.0,0.0,0.0,0.0014492753623188406,0.0017391304347826088,0.0,0.0,0.004347826086956522,0.0009057971014492753,0.0,0.0,0.0017391304347826088,0.014064272211720227,0.0,0.0009057971014492753,0.0,0.0020703933747412005,0.0017391304347826088,0.0020703933747412005,0.0,0.0,0.0024154589371980675,0.014928625912607605,0.0,0.0,0.0,0.0,0.0017391304347826088,0.002113526570048309,0.0,0.002657004830917874,0.0,0.0,0.0,0.002173913043478261,0.005368620037807184,0.0009057971014492753,0.0,0.0,0.0,0.0,0.00894809487486833,0.0,0.0012077294685990338,0.0,0.0009057971014492753,0.0,0.0017391304347826088,0.0,0.0,0.003381642512077295,0.0,0.009739475500345065,0.0,0.006909631446996205,0.0,0.0014492753623188406,0.006859303267620848,0.0,0.0,0.0,0.0,0.0,0.0,0.0020703933747412005,0.0,0.0,0.006817895400126024,0.0,0.005797101449275362,0.0,0.0009250693802035152,0.0014492753623188406,0.4607202836350065,0.4517741129435282,0.1342337648373338,0.021080368906455864,0.0,0.053772401172405226,0.07971802947950128,0.47826086956521735,0.21739130434782608,0.4782608695652174
191,0.7155707701414968,0.01,0.7154683385401289,0.05,0.15909090909099177,0.7204545454545456,0.5397727272727273,0.506198347107438,0.5638406537282941,0.0,0.0,0.0,0.0,0.0,0.006087662337662337,0.002840909090909091,0.0,0.0010330578512396695,0.0,0.0,0.0,0.0,0.0,0.0,0.0,0.0101010101010101,0.0,0.0,0.0,0.0,0.0,0.0,0.0,0.0,0.0,0.0,0.0,0.0,0.007575757575757575,0.0,0.0,0.0,0.0,0.0,0.005199724517906336,0.0,0.0,0.0,0.003873966942148761,0.0,0.0,0.0,0.0,0.0,0.0,0.0012626262626262625,0.0,0.002960275019098548,0.0,0.005199724517906336,0.002525252525252525,0.0,0.0032467532467532465,0.006087662337662337,0.0,0.0,0.0,0.0,0.0,0.0,0.002840909090909091,0.0,0.004177807486631016,0.009577922077922078,0.0,0.0,0.0,0.0,0.0,0.0,0.0,0.0,0.0,0.002525252525252525,0.0,0.0,0.010227272727272727,0.0,0.0,0.0,0.0,0.005199724517906336,0.0,0.0,0.0,0.0,0.0,0.005113636363636364,0.0,0.0,0.0,0.0,0.0,0.0,0.0,0.0,0.0,0.0,0.0,0.0,0.0,0.0,0.0010330578512396695,0.0,0.0,0.0012626262626262625,0.0,0.0,0.002525252525252525,0.0,0.0,0.0,0.002840909090909091,0.0,0.0,0.0,0.002272727272727273,0.0,0.0,0.0,0.0,0.0,0.0,0.0,0.0,0.0,0.0,0.0,0.0,0.0,0.0,0.0,0.005199724517906336,0.0,0.0,0.0,0.0,0.0,0.0,0.0,0.0,0.002525252525252525,0.010577026954032303,0.0,0.0,0.0,0.0,0.0,0.0,0.0,0.0,0.0,0.0,0.002840909090909091,0.0,0.0,0.0,0.004177807486631016,0.0,0.0,0.0,0.0032467532467532465,0.0,0.0,0.0,0.0,0.0,0.0,0.002525252525252525,0.0,0.0,0.0,0.0,0.0,0.0,0.0,0.0,0.0,0.0,0.002066115702479339,0.0,0.002272727272727273,0.0,0.0,0.004177807486631016,0.0,0.0,0.0,0.0,0.0,0.0,0.002066115702479339,0.0,0.16260241904018727,0.15726227795193312,0.12329423919199517,0.049586776859504134,0.04807692307692307,0.08735798159424667,0.00995752984389348,0.5378787878787878,0.3181818181818182,0.36363636363636365
129,0.009583848452999894,0.03,0.009502039317309542,0.06,0.25,0.6173076923076924,0.5322802197802198,0.47639860139860135,0.5440795159896283,0.0017517907194020553,0.001186872161827439,0.0017216735966735968,0.0017434488588334743,0.004436177271065495,0.002344743855779509,0.0004578754578754579,0.0,0.0038166329284750333,0.0,0.0013736263736263735,0.0,0.0,0.0,0.0003315649867374005,0.00806780424021113,0.000663129973474801,0.001282051282051282,0.005980094466936572,0.0011594779036639502,0.0,0.0003315649867374005,0.0012406947890818859,0.0,0.0010121457489878543,0.0013313609467455621,0.0,0.0013736263736263735,0.0,0.003762439939499436,0.002403846153846154,0.0,0.00036982248520710064,0.0010683760683760683,0.0,0.00410741219564749,0.0006203473945409429,0.0017102462754636668,0.0030241935483870967,0.0004472271914132379,0.00036982248520710064,0.004036621808505098,0.002118171683389075,0.0004578754578754579,0.0,0.0,0.0,0.0009157509157509158,0.007322689387906779,0.0007396449704142013,0.009004561829639228,0.003278042245653582,0.0,0.0009157509157509158,0.0034759655752365226,0.0,0.002564102564102564,0.0,0.0,0.0,0.003518720370947091,0.001326259946949602,0.003878474466709761,0.0022477522477522475,0.0022140688259109313,0.0,0.0,0.001201923076923077,0.0015566946470345398,0.0019939737681673167,0.004006410256410256,0.0,0.0,0.0009615384615384616,0.002475756081525312,0.0018482661503256468,0.00036982248520710064,0.006951059776137174,0.0,0.0,0.00042735042735042735,0.002244434309651701,0.009547915387275119,0.0008361204013377926,0.0003315649867374005,0.0,0.0016105172742889864,0.0056076646465662485,0.0010121457489878543,0.0037858143880411086,0.001186872161827439,0.0,0.0016518737672583826,0.0,0.0008361204013377926,0.0,0.0010121457489878543,0.0008361204013377926,0.003982295064716405,0.0011312217194570135,0.0011312217194570135,0.0008361204013377926,0.0,0.0024766899766899765,0.0,0.0005197505197505198,0.0007396449704142013,0.0,0.0021367521367521365,0.0017517907194020553,0.0023504273504273503,0.0,0.0011312217194570135,0.0017315060418508694,0.0,0.00625431331953071,0.0,0.0004472271914132379,0.0,0.0018434724317077259,0.002733785822021116,0.0,0.0,0.0,0.0,0.0007396449704142013,0.0,0.0,0.0,0.0031052336257906548,0.0019425019425019425,0.0,0.0023422090729783036,0.0069838093028138275,0.00042735042735042735,0.0012855734009580163,0.0,0.002830094169505109,0.0008361204013377926,0.005109624674842065,0.0,0.0,0.0007396449704142013,0.005112206537935981,0.0,0.0,0.0,0.0010121457489878543,0.002403846153846154,0.00036982248520710064,0.0,0.0,0.0019425019425019425,0.0021367521367521365,0.000663129973474801,0.0,0.0007396449704142013,0.003475056110997756,0.0008741258741258741,0.0,0.0,0.003878474466709761,0.008533984184727892,0.0,0.0008741258741258741,0.0,0.0,0.002972872538089929,0.0034159919028340082,0.005090465933077269,0.0,0.0,0.0,0.0033577533577533575,0.0,0.004413739548051679,0.0021367521367521365,0.0,0.003935742422584528,0.0017434488588334743,0.005421809314410571,0.0,0.0,0.002564102564102564,0.0,0.009462421019443295,0.0,0.0024766899766899765,0.004432375253755735,0.0010121457489878543,0.0030241935483870967,0.0015890971773324714,0.007645405921736366,0.0016025641025641025,0.4136678771871905,0.3947833775419982,0.13664038709310927,0.04312354312354313,0.4637573964497042,0.07120183957020848,0.05795590948571142,0.5224358974358974,0.23076923076923078,0.4230769230769231
37,0.3534182710277465,0.01,0.35188097637114707,0.03,0.0722891566265389,0.7060240963855423,0.5266781411359724,0.5651697699890471,0.6776770001353729,0.0005432062596892128,0.0013754807814768588,0.0015961281021521986,0.0013052208835341366,0.004508125743065502,0.0055398411509024175,0.009899691099056024,0.00448144210206188,0.005687593331787128,0.0010106214331008243,0.004763559733439252,0.0007936507936507937,0.0010106214331008243,0.0,0.0030120481927710845,0.004928817035941185,0.006656572528756918,0.0,0.0028897082197239347,0.00030120481927710846,0.0002801905295601009,0.004035212740169869,0.0,0.001017055233922704,0.0027831182887578685,0.0007087172218284905,0.00030120481927710846,0.0007474341811691209,0.00103572183470725,0.004094215690601233,0.003860513063112936,0.0,0.0,0.004373765261433581,0.0017372537045293019,0.003244707707513969,0.0003129400719762166,0.000502008032128514,0.0006345548514223213,0.001706589953193388,0.0,0.002932068804253194,0.003271504603238187,0.006833380967249865,0.0,0.0,0.0009267840593141798,0.0,0.0024442351793371535,0.0028257262076258993,0.00400863297379649,0.014628535276918283,0.00030120481927710846,0.00116846697133361,0.007877798997723342,0.0008190657366307333,0.0,0.0009039042171572291,0.0,0.0,0.005511087288195722,0.0049288946347769876,0.002175368139223561,0.0063368079934344995,0.0023240397487385442,0.0,0.0,0.0002677376171352075,0.0028143819395783773,0.0030120481927710845,0.0023876532186813157,0.0,0.0006341154090044388,0.0,0.0029774889944154323,0.002748138208597065,0.0015961281021521986,0.003712928637627433,0.0005737234652897303,0.0034136546184738957,0.0008202058338086321,0.0014332693091205402,0.002527274101944878,0.0010542168674698795,0.007018482576574529,0.0,0.00030892801977139327,0.007923395740453445,0.00431931345290665,0.00243339641143498,0.0020993063161737864,0.0003129400719762166,0.0,0.0012382864792503346,0.0007639252662825215,0.0,0.0015841666379989886,0.003110753305078995,0.0038255092526625115,0.001593242998519276,0.0015734048004532924,0.00030120481927710846,0.0008904599360487865,0.007338879326831134,0.0,0.0019442457774734247,0.0013708680877355577,0.0014287920914426938,0.0,0.002762997798895867,0.0008605851979345954,0.0,0.0015961281021521986,0.0015060240963855422,0.00030120481927710846,0.0009495345723981196,0.0006693440428380187,0.002045605525313832,0.0,0.0030468451456851517,0.004258666597677815,0.0026246796695732397,0.00019124115509657678,0.00030120481927710846,0.0018072289156626504,0.001382151984561623,0.004237090672487432,0.0,0.0015961281021521986,0.0038654384820647446,0.00026191723415400735,0.0,0.002682283385742383,0.004746639535796162,0.0005238344683080147,0.0,0.0018072289156626504,0.0011931785111460333,0.0023538598839803657,0.002899587553994656,0.0008253565641010155,0.0030120481927710845,0.0013097317314184785,0.006953993804207959,0.002212219976895701,0.0,0.0,0.0028092461921844403,0.001115573404730031,0.0,0.0007474341811691209,0.00019124115509657678,0.0007639252662825215,0.0008605851979345954,0.0015060240963855422,0.0017403889981155564,0.0013754807814768588,0.003163963089103489,0.0004462293618920125,0.0003129400719762166,0.0006341154090044388,0.0006693440428380187,0.00933979006268163,0.0,0.0,0.0,0.0,0.0013386880856760374,0.004663488558474999,0.004088077883258606,0.0,0.000194325689856199,0.0,0.004123366833545409,0.0006341154090044388,0.006507915281381238,0.0,0.0007087172218284905,0.0029483677663352885,0.0,0.0013267355134825014,0.0019308001235712078,0.0026001441664092267,0.0012821870274808763,0.0008032128514056225,0.0035702079966092536,0.0,0.000502008032128514,0.00359400692311282,0.0035361303369506394,0.0026132563099636194,0.0032305044353237123,0.014322303471620659,0.0011211097491703789,0.46372614923212163,0.4500761667359091,0.13613163465456285,0.04965315808689302,0.05097312326227989,0.039652071095907494,0.03015627203068173,0.4268292682926829,0.24096385542168675,0.43373493975903615
157,0.2602794632436362,0.01,0.2638234686519768,0.07,0.33333333333325754,0.43333333333333335,0.7261904761904762,0.5909090909090909,0.8464419475655429,0.0,0.0,0.0,0.0,0.0,0.0,0.0,0.0,0.0,0.027777777777777776,0.0,0.0,0.0,0.0,0.0,0.027777777777777776,0.0,0.0,0.0,0.0,0.0,0.0,0.0,0.0,0.0,0.0,0.0,0.0,0.027777777777777776,0.0,0.0,0.0,0.0,0.0,0.0,0.0,0.0,0.0,0.0,0.0,0.0,0.0,0.0,0.0,0.0,0.0,0.0,0.0,0.0,0.0,0.0,0.0,0.0,0.0,0.0,0.011494252873563218,0.0,0.0,0.0,0.0,0.0,0.011494252873563218,0.0,0.0,0.0,0.0,0.0,0.0,0.0,0.0,0.0,0.0,0.0,0.0,0.0,0.0,0.0,0.0,0.0,0.0,0.0,0.027777777777777776,0.0,0.0,0.0,0.0,0.0,0.0,0.0,0.027777777777777776,0.0,0.0,0.0,0.0,0.027777777777777776,0.0,0.0,0.0,0.0,0.0,0.0,0.0,0.0,0.0,0.0,0.0,0.0,0.011494252873563218,0.0,0.0,0.0,0.0,0.0,0.0,0.0,0.0,0.0,0.0,0.0,0.0,0.0,0.0,0.0,0.0,0.0,0.0,0.0,0.0,0.0,0.0,0.027777777777777776,0.0,0.0,0.0,0.0,0.0,0.0,0.0,0.011494252873563218,0.0,0.039272030651340994,0.0,0.0,0.0,0.0,0.0,0.0,0.011494252873563218,0.0,0.0,0.0,0.0,0.027777777777777776,0.0,0.0,0.0,0.0,0.0,0.011494252873563218,0.0,0.0,0.0,0.0,0.0,0.0,0.0,0.0,0.0,0.0,0.0,0.0,0.0,0.0,0.07375478927203065,0.0,0.0,0.0,0.0,0.0,0.0,0.0,0.0,0.0,0.0,0.0,0.0,0.0,0.0,0.0,0.0,0.0,0.0,0.011494252873563218,0.0,0.43490701001430615,0.4137931034482759,0.14459583983165492,0.10101010101010102,0.0,0.04009739209215039,0.04597701149425287,0.5555555555555556,0.0,0.0
235,0.0006942824898953478,0.08,0.0009015262625918842,0.12,0.2702702702702027,0.5000000000000001,0.5569498069498069,0.41646191646191644,0.6978439113270574,0.0,0.0003861003861003861,0.0,0.00047415836889521095,0.00555019305019305,0.005308880308880309,0.006961506961506961,0.0019305019305019303,0.0045045045045045045,0.0076576576576576575,0.0,0.0,0.0003861003861003861,0.0,0.0,0.012403474903474904,0.002457002457002457,0.0,0.006193693693693694,0.0003861003861003861,0.0,0.0038610038610038607,0.0,0.0,0.0076576576576576575,0.0,0.0,0.0,0.0,0.0038610038610038607,0.0076576576576576575,0.0,0.0016891891891891893,0.0,0.0,0.001287001287001287,0.0,0.0022522522522522522,0.0006285355122564425,0.006961506961506961,0.0,0.002271706922869714,0.0,0.006961506961506961,0.0,0.0,0.0,0.0,0.008333333333333333,0.0,0.001287001287001287,0.0076576576576576575,0.0,0.0038610038610038607,0.011872586872586872,0.00047415836889521095,0.0,0.0076576576576576575,0.0,0.0,0.0003861003861003861,0.002457002457002457,0.009009009009009009,0.0,0.006563706563706564,0.0,0.0,0.0022522522522522522,0.001643171410613271,0.0006285355122564425,0.0018856065367693275,0.0,0.0,0.0016891891891891893,0.0045045045045045045,0.004425478109688636,0.0,0.009942084942084943,0.0,0.0076576576576576575,0.004489539373260303,0.0,0.002702702702702703,0.007094594594594595,0.0,0.0,0.0,0.01081081081081081,0.006563706563706564,0.0,0.0,0.0,0.0,0.0,0.0,0.0,0.0,0.0,0.001257071024512885,0.0006285355122564425,0.0006285355122564425,0.0076576576576576575,0.0,0.0045045045045045045,0.0,0.00047415836889521095,0.003003003003003003,0.0,0.0,0.0,0.0,0.0,0.0,0.002457002457002457,0.0,0.0033783783783783786,0.0,0.0003861003861003861,0.0,0.0006285355122564425,0.002559037442758373,0.0,0.0038610038610038607,0.0,0.0,0.0,0.002559037442758373,0.0020752895752895752,0.0,0.0,0.0,0.0,0.0,0.0003861003861003861,0.0022522522522522522,0.0,0.0,0.0022522522522522522,0.013063063063063063,0.0038610038610038607,0.0033783783783783786,0.0076576576576576575,0.0076576576576576575,0.002457002457002457,0.0,0.0,0.0076576576576576575,0.0076576576576576575,0.0,0.004247104247104247,0.0,0.0003861003861003861,0.0,0.0014224751066856329,0.002457002457002457,0.0,0.0,0.0,0.002702702702702703,0.0,0.0020752895752895752,0.0033783783783783786,0.014993564993564995,0.0,0.0,0.0,0.0,0.0,0.00958815958815959,0.0016891891891891893,0.0,0.0,0.0,0.006098290982011912,0.0,0.010184520068240999,0.0016891891891891893,0.0,0.012644787644787644,0.004335162229899072,0.0016891891891891893,0.0,0.0,0.003941441441441441,0.0,0.0,0.0,0.0,0.0003861003861003861,0.0076576576576576575,0.001257071024512885,0.0,0.0076576576576576575,0.0,0.31794455399605615,0.2814538676607642,0.21342191087200763,0.22113022113022113,0.034303534303534305,0.09931228955744442,0.033092229160160615,0.5630630630630631,0.40540540540540543,0.32432432432432434
1,0.006320650440167795,0.07,0.00627981507234768,0.35,0.16666666666674246,0.8,0.9285714285714285,0.6212121212121212,0.6779026217228465,0.0,0.0,0.0,0.0,0.0,0.0,0.0,0.0,0.0,0.0,0.0,0.0,0.0,0.0,0.0,0.0,0.0,0.0,0.0,0.0,0.0,0.0,0.0,0.0,0.0,0.0,0.0,0.0,0.0,0.0,0.0,0.0,0.0,0.0,0.0,0.0,0.0,0.0,0.0,0.0,0.0,0.0,0.0,0.0,0.0,0.0,0.0,0.0,0.0,0.0,0.0,0.0,0.0,0.0,0.0,0.0,0.0,0.0,0.0,0.0,0.0,0.0,0.0,0.0,0.0,0.0,0.0,0.0,0.0,0.0,0.0,0.0,0.0,0.0,0.0,0.0,0.0,0.0,0.0,0.0,0.0,0.0,0.0,0.0,0.0,0.0,0.0,0.0,0.0,0.0,0.0,0.0,0.0,0.0,0.0,0.0,0.0,0.0,0.0,0.0,0.0,0.0,0.0,0.0,0.0,0.0,0.0,0.0,0.0,0.0,0.0,0.0,0.0,0.0,0.0,0.0,0.0,0.0,0.0,0.0,0.0,0.0,0.0,0.0,0.0,0.0,0.0,0.0,0.0,0.0,0.0,0.0,0.0,0.0,0.0,0.0,0.0,0.0,0.0,0.0,0.0,0.0,0.0,0.0,0.0,0.0,0.0,0.0,0.0,0.0,0.0,0.0,0.0,0.0,0.0,0.0,0.0,0.0,0.0,0.0,0.0,0.0,0.0,0.0,0.0,0.0,0.0,0.0,0.0,0.0,0.0,0.0,0.0,0.0,0.0,0.0,0.0,0.0,0.0,0.0,0.0,0.0,0.0,0.0,0.0,0.0,0.0,0.0,0.0,0.0,0.0,0.0,0.0,0.0,0.2317596566523605,0.11494252873563218,0.3884902992379346,0.0,0.4230769230769231,0.1791065416065416,0.0,0.611111111111111,0.16666666666666666,0.0
52,0.024554434488511447,0.03,0.024585784695899122,0.19,0.07920792079198691,0.7178217821782179,0.49151343705799144,0.4738973897389739,0.6970742018022027,0.0006980721573920024,0.0015923020873515922,0.00165016501650165,0.000739070046000739,0.0024045261669024044,0.00068013558112568,0.00244031159872744,0.0009925804610536242,0.008311580286948556,0.0021745380112924186,0.0012376237623762376,0.0009900990099009901,0.0006600660066006601,0.0,0.0012376237623762376,0.0017822386634267823,0.0046357495686138155,0.0009900990099009901,0.0039957567185289955,0.00043047783039173483,0.0009900990099009901,0.0,0.0012376237623762376,0.0002675943270002676,0.0015830851377820706,0.0,0.0,0.0,0.0019379038744210552,0.00608214926931263,0.0027569491935871184,0.0,0.0004714757190004715,0.001668298698001668,0.0008850885088508852,0.01391916502574627,0.0,0.00022502250225022504,0.00797134556445472,0.0026616828160217795,0.0,0.00165016501650165,0.00046651006564071043,0.004253360118620557,0.001982679470954614,0.0,0.0013126312631263125,0.007411554521339028,0.006398574640072702,0.0018173245896018174,0.012071480257269425,0.005910983084371155,0.0,0.0004714757190004715,0.0004125412541254125,0.0012376237623762376,0.0024752475247524753,0.0002414875633904854,0.0,0.0,0.0015226522652265226,0.00055005500550055,0.00055005500550055,0.0021002100210021,0.0009000900090009002,0.0,0.0002414875633904854,0.0,0.003017444601603017,0.0012376237623762376,0.012376996213553242,0.0002414875633904854,0.0,0.0,0.002454091563002454,0.0030096991671595577,0.0004125412541254125,0.0008430190845171473,0.0,0.003459309345568703,0.0,0.00022502250225022504,0.0051684088269454125,0.0033381721630809697,0.0004714757190004715,0.0,0.0,0.009803480348034804,0.0008850885088508852,0.0032746480222935184,0.0006600660066006601,0.0,0.0,0.0006600660066006601,0.00022502250225022504,0.0,0.006127076122246371,0.0,0.006199336286621331,0.0005824111822947001,0.0,0.0002414875633904854,0.0,0.008345120226308345,0.0,0.0005211047420531526,0.0011001100110011,0.0,0.00025387154100025384,0.0021894034400548206,0.001420576840292725,0.00022502250225022504,0.0020627062706270625,0.00055005500550055,0.0,0.004867986798679867,0.0,0.002396438738896514,0.001420576840292725,0.0005824111822947001,0.0018200349446709375,0.0,0.002876001885902876,0.0,0.004578167900823696,0.0,0.0004500450045004501,0.0012376237623762376,0.0004125412541254125,0.0005824111822947001,0.0,0.0,0.00547290023119959,0.003990966323523109,0.0,0.0007253472600007253,0.004578167900823696,0.0017955366965267956,0.0002414875633904854,0.0037128712871287127,0.000942951438000943,0.001479111325766723,0.0054574439416370055,0.0031504885595557823,0.0,0.00022502250225022504,0.0006719653937822201,0.0025260365757830134,0.0005824111822947001,0.0004714757190004715,0.0,0.0,0.0,0.0,0.00055005500550055,0.0029702970297029708,0.0013672795851013674,0.0,0.00111011101110111,0.0,0.0,0.0002414875633904854,0.010285450741870527,0.0,0.0,0.0,0.0,0.0,0.004511088022104116,0.0,0.0,0.0002414875633904854,0.0,0.012005574775622982,0.0,0.0023102310231023103,0.0,0.0,0.005477685847896783,0.000739070046000739,0.001012889012686435,0.002189206334821125,0.0,0.0024752475247524753,0.0038958243650452002,0.0022534396296772534,0.0,0.0,0.0024752475247524753,0.0028207089001583085,0.010240322462144489,0.0,0.010984712963752955,0.002475247524752475,0.27374325415374157,0.24627290315238423,0.19469472303133645,0.11341134113411343,0.03351104341203351,0.06763744151677324,0.029462314324371502,0.4608843537414966,0.21782178217821782,0.3564356435643564
149,0.0782740787352106,0.02,0.07864095113790977,0.12,1.0,0.0,0.35714285714285715,0.18181818181818182,0.4044943820224719,0.0,0.0,0.0,0.0,0.0,0.0,0.0,0.0,0.0,0.0,0.0,0.0,0.0,0.0,0.0,0.0,0.0,0.0,0.0,0.0,0.0,0.0,0.0,0.0,0.0,0.0,0.0,0.0,0.0,0.0,0.0,0.0,0.0,0.0,0.0,0.0,0.0,0.0,0.0,0.0,0.0,0.0,0.0,0.0,0.0,0.0,0.0,0.0,0.0,0.0,0.0,0.0,0.0,0.0,0.0,0.0,0.0,0.0,0.0,0.0,0.0,0.0,0.0,0.0,0.0,0.0,0.0,0.0,0.0,0.0,0.0,0.0,0.0,0.0,0.0,0.0,0.0,0.0,0.0,0.0,0.0,0.0,0.0,0.0,0.0,0.0,0.0,0.0,0.0,0.0,0.0,0.0,0.0,0.0,0.0,0.0,0.0,0.0,0.0,0.0,0.0,0.0,0.0,0.0,0.0,0.0,0.0,0.0,0.0,0.0,0.0,0.0,0.0,0.0,0.0,0.0,0.0,0.0,0.0,0.0,0.0,0.0,0.0,0.0,0.0,0.0,0.0,0.0,0.0,0.0,0.0,0.0,0.0,0.0,0.0,0.0,0.0,0.0,0.0,0.0,0.0,0.0,0.0,0.0,0.0,0.0,0.0,0.0,0.0,0.0,0.0,0.0,0.0,0.0,0.0,0.0,0.0,0.0,0.0,0.0,0.0,0.0,0.0,0.0,0.0,0.0,0.0,0.0,0.0,0.0,0.0,0.0,0.0,0.0,0.0,0.0,0.0,0.0,0.0,0.0,0.0,0.0,0.0,0.0,0.0,0.0,0.0,0.0,0.0,0.0,0.0,0.0,0.0,0.0,0.0,0.0,0.0,0.0,0.0,0.3333333333333333,0.0,0.0,0.0,1.0
130,0.04112474019036951,0.03,0.04190474532080959,0.2,0.21428571428577925,0.6714285714285715,0.5178571428571428,0.6147186147186148,0.6134296415195291,0.0,0.0,0.0055825892292057705,0.002777777777777778,0.0,0.0013109410430839,0.0014939309056956115,0.0037827631052420965,0.007390873015873016,0.007298752834467119,0.001998001998001998,0.0,0.002232142857142857,0.0,0.0,0.003861961451247165,0.010796852479183307,0.0008503401360544217,0.004960383531812103,0.0,0.0,0.0037827631052420965,0.0,0.0,0.00744047619047619,0.0,0.0005411255411255411,0.000744047619047619,0.0,0.00691609977324263,0.00858392599464028,0.0,0.0,0.003047052154195011,0.0,0.004695767195767196,0.0007794784580498865,0.0020230314347961407,0.001984126984126984,0.0,0.0005668934240362812,0.007530663780663781,0.0,0.0016160310277957338,0.0008503401360544217,0.0,0.011177049235430484,0.0,0.002380952380952381,0.0021146616541353382,0.0003968253968253968,0.01393613000755858,0.0,0.001984126984126984,0.0018778344671201814,0.0011904761904761906,0.0,0.008770743145743146,0.0,0.0,0.007376700680272109,0.0012755102040816326,0.0005668934240362812,0.0032967032967032967,0.007946815089672233,0.0,0.0,0.004563558134986706,0.001488095238095238,0.0010822510822510823,0.0,0.0,0.0006265664160401002,0.0,0.009513050302523987,0.002278562940327646,0.0,0.006137909709338281,0.0,0.00496031746031746,0.0,0.0,0.0003968253968253968,0.0027732683982683985,0.0004578754578754579,0.0007794784580498865,0.001433349259436216,0.01669370034031688,0.003981544771018455,0.005031179138321995,0.0,0.0,0.0,0.0,0.0,0.0,0.000496031746031746,0.0,0.0037981859410430837,0.0012471655328798186,0.0018737319489199188,0.00698953823953824,0.0017316017316017316,0.009127956738250856,0.001488095238095238,0.004142682714111286,0.001863876863876864,0.0,0.0003968253968253968,0.0011904761904761906,0.0,0.0,0.008261160657777199,0.0,0.0,0.004365079365079365,0.0005668934240362812,0.002551020408163265,0.0,0.002865795440983411,0.0027352607709750566,0.0,0.003583976410063366,0.0,0.0007002801120448179,0.0,0.0012471655328798186,0.0,0.0,0.0032950680272108845,0.0,0.0,0.002684407096171802,0.010106510552939124,0.0003968253968253968,0.0005668934240362812,0.004569327731092436,0.002922077922077922,0.009060432386670777,0.009154017800634342,0.0037904155677409143,0.00496031746031746,0.00496031746031746,0.003744480248239647,0.0,0.0005668934240362812,0.00496031746031746,0.009015338591576981,0.0027497412008281575,0.0005668934240362812,0.000744047619047619,0.0,0.0,0.0003968253968253968,0.0002834467120181406,0.004447751322751323,0.0,0.0,0.001023391812865497,0.0,0.000744047619047619,0.004991645781119465,0.01603232467894122,0.0,0.0,0.001618629908103592,0.0005668934240362812,0.0,0.011749080945509516,0.0023809523809523807,0.0,0.0011904761904761906,0.0,0.010345176082128756,0.0003968253968253968,0.0002834467120181406,0.0,0.0,0.008616780045351474,0.0007936507936507937,0.0007002801120448179,0.0,0.0020230314347961407,0.0003968253968253968,0.0,0.003356426182513139,0.0,0.0007002801120448179,0.0010844418739155582,0.005456349206349206,0.001984126984126984,0.0,0.005660597572362278,0.0028108465608465607,0.25618230124667896,0.22906403940886697,0.14895050315652864,0.02741702741702742,0.015109890109890108,0.024998733058484626,0.0004578754578754579,0.40361445783132527,0.15476190476190477,0.16666666666666666
151,0.00210181527753694,0.03,0.0019368171769643021,0.03,0.049999999999954525,0.7900000000000001,0.44107142857142856,0.46590909090909094,0.8617977528089888,0.004693396226415094,0.0010869565217391304,0.0036309523809523805,0.0,0.0038074712643678165,0.0011904761904761904,0.005659718501053835,0.0008064516129032258,0.003193143445828643,0.0,0.0020833333333333333,0.0,0.0,0.0,0.0,0.0,0.0032689776217639313,0.0,0.00125,0.003869047619047619,0.002,0.0,0.0,0.0,0.0010869565217391304,0.0010869565217391304,0.0,0.0,0.0,0.0025,0.0017857142857142857,0.0017679900744416873,0.0,0.0,0.0010869565217391304,0.0,0.0017241379310344827,0.0,0.0,0.0011904761904761904,0.0,0.0,0.0,0.0008064516129032258,0.0017857142857142857,0.0,0.00125,0.0,0.0,0.0,0.0011627906976744186,0.017092490842490843,0.0,0.0020833333333333333,0.0010869565217391304,0.0011904761904761904,0.0009615384615384616,0.0,0.0,0.0,0.0020833333333333333,0.004825581395348838,0.0017857142857142857,0.003333333333333333,0.004693396226415094,0.0,0.00458128078817734,0.0009615384615384616,0.0008064516129032258,0.0,0.0,0.00458128078817734,0.0,0.0,0.0,0.0010869565217391304,0.002974137931034483,0.0017857142857142857,0.0009615384615384616,0.0009615384615384616,0.0020833333333333333,0.0025,0.0,0.0017857142857142857,0.0,0.0016666666666666666,0.0010869565217391304,0.0020833333333333333,0.0,0.002872670807453416,0.0,0.0,0.005,0.0,0.0,0.0,0.012048494983277593,0.0,0.00125,0.007079228243021346,0.0,0.0,0.0,0.004606186924089513,0.0,0.0,0.0,0.0,0.0009615384615384616,0.005992979376919702,0.0,0.0,0.007736042692939244,0.002325581395348837,0.0,0.0,0.0,0.0,0.0,0.00125,0.007079228243021346,0.0020833333333333333,0.0,0.0,0.0011627906976744186,0.0,0.005829228243021347,0.0,0.007079228243021346,0.0,0.0,0.0,0.0,0.0,0.00125,0.0,0.0021061869240895127,0.0025,0.0,0.00125,0.0,0.0009615384615384616,0.01,0.0042123738481790254,0.0009615384615384616,0.0,0.0009615384615384616,0.0010869565217391304,0.0,0.0,0.0,0.0,0.0,0.0009615384615384616,0.002325581395348837,0.0,0.0,0.0,0.0011627906976744186,0.002628205128205128,0.0,0.005952380952380952,0.005425824175824176,0.0010869565217391304,0.0,0.0,0.0,0.0009615384615384616,0.0010869565217391304,0.0009615384615384616,0.0,0.0016666666666666666,0.0,0.004285714285714286,0.0,0.0017857142857142857,0.0,0.0,0.01125,0.0,0.0016129032258064516,0.0,0.0,0.0034615384615384616,0.0,0.002056451612903226,0.0,0.0,0.007615289373917998,0.0010869565217391304,0.0,0.0,0.013696236559139785,0.0036309523809523805,0.7261802575107296,0.6942528735632184,0.14001494150731808,0.030303030303030304,0.12692307692307692,0.037497692289812874,0.026983634959653613,0.5,0.3,0.5
103,0.008505543757314521,0.04,0.009239259054640089,0.1,0.2400000000000091,0.7240000000000001,0.6414285714285715,0.38727272727272727,0.6067415730337078,0.0,0.0017391304347826085,0.0,0.007034638709014287,0.0017391304347826085,0.0,0.005454545454545454,0.0,0.005714285714285714,0.0018181818181818182,0.0,0.0,0.0017391304347826085,0.0,0.0,0.0,0.004,0.0,0.0,0.0,0.0,0.0,0.0036363636363636364,0.0,0.0,0.0,0.0,0.0,0.0018181818181818182,0.005739130434782609,0.0018181818181818182,0.0,0.006183574879227053,0.0,0.0036363636363636364,0.0,0.0,0.0,0.0016,0.0018181818181818182,0.000851063829787234,0.003289895470383275,0.0,0.0,0.0,0.0,0.0,0.0,0.006081081081081081,0.0016,0.0017391304347826085,0.005217391304347826,0.0,0.0,0.0,0.0,0.0,0.0,0.0,0.0,0.006486605182257357,0.0,0.0,0.001081081081081081,0.0017391304347826085,0.0,0.0,0.0,0.0,0.0,0.0,0.0,0.0036363636363636364,0.0,0.001081081081081081,0.003076923076923077,0.0,0.0,0.0,0.0,0.0007142857142857143,0.0,0.005,0.0,0.0017391304347826085,0.0,0.0,0.006956521739130434,0.0,0.0018181818181818182,0.0,0.0036363636363636364,0.0,0.0,0.0,0.003076923076923077,0.0,0.0,0.003028571428571428,0.0,0.0,0.0,0.000851063829787234,0.005714285714285714,0.0,0.0025096525096525097,0.0,0.0,0.0,0.0,0.0,0.0,0.0,0.0,0.0,0.005,0.0,0.0017391304347826085,0.0,0.0031677018633540373,0.0,0.0,0.0044444444444444444,0.0,0.0,0.0,0.0007142857142857143,0.0,0.0,0.0,0.0,0.0,0.0,0.005296442687747036,0.00784869976359338,0.007034638709014287,0.0,0.0,0.0,0.0017391304347826085,0.0018181818181818182,0.0,0.0,0.0036363636363636364,0.0,0.0,0.0,0.0018181818181818182,0.0,0.006183574879227053,0.0,0.0036363636363636364,0.0,0.000851063829787234,0.0,0.0,0.0,0.0,0.001081081081081081,0.0036363636363636364,0.0017391304347826085,0.0,0.005217391304347826,0.0,0.0,0.0,0.0,0.0,0.0018181818181818182,0.0,0.0,0.0,0.0,0.004694629694629695,0.000851063829787234,0.00720418118466899,0.0,0.0,0.0,0.007034638709014287,0.0,0.0,0.0,0.0,0.0,0.001081081081081081,0.0,0.0,0.0037803567590801637,0.0,0.0032,0.0,0.00282021151586369,0.0,0.46334763948497854,0.4450574712643678,0.1358504818161116,0.019393939393939394,0.10153846153846154,0.04940070843894483,0.08172889681789526,0.5902777777777777,0.48,0.24
99,0.1991590182150799,0.01,0.19905129993121803,0.05,0.0,0.8,0.4742063492063492,0.5,0.6541822721598003,0.0,0.0,0.0,0.0,0.011111111111111112,0.0,0.012037037037037037,0.0,0.011111111111111112,0.005050505050505051,0.0,0.005050505050505051,0.0,0.005050505050505051,0.0,0.006172839506172839,0.00802469135802469,0.0,0.0,0.0,0.0,0.0,0.0,0.0,0.011111111111111112,0.0,0.0,0.0,0.0,0.008333333333333333,0.0,0.0,0.0,0.006172839506172839,0.0,0.0,0.0,0.0,0.0,0.0,0.0,0.0,0.0,0.003703703703703704,0.0,0.0,0.0,0.0,0.0,0.0,0.0,0.013888888888888888,0.0,0.0,0.0,0.0,0.0,0.0,0.0,0.0,0.017283950617283952,0.0,0.008333333333333333,0.0,0.003703703703703704,0.0,0.0,0.0,0.0,0.0,0.0,0.0,0.0,0.0,0.005050505050505051,0.012962962962962963,0.0,0.0,0.0,0.0,0.0,0.011111111111111112,0.0,0.0,0.0,0.0,0.0,0.011111111111111112,0.01574074074074074,0.01616161616161616,0.0,0.0,0.0,0.0,0.0,0.0,0.025,0.0,0.006172839506172839,0.0,0.0,0.0,0.0,0.011111111111111112,0.0,0.0,0.0,0.0,0.0,0.0,0.0,0.0,0.0,0.0,0.0,0.0,0.0,0.006172839506172839,0.0,0.0,0.0,0.0,0.0,0.005050505050505051,0.0,0.0,0.0,0.0,0.0,0.0,0.0,0.005050505050505051,0.0,0.017283950617283952,0.0,0.0,0.0,0.0,0.0,0.011111111111111112,0.0,0.0,0.013888888888888888,0.00802469135802469,0.0,0.0,0.0,0.01616161616161616,0.0,0.0,0.005050505050505051,0.0,0.0,0.0,0.0,0.0,0.0,0.0,0.0,0.0,0.0,0.008333333333333333,0.017283950617283952,0.0,0.0,0.0,0.011111111111111112,0.0,0.01616161616161616,0.001851851851851852,0.0,0.0,0.0,0.010101010101010102,0.0,0.0,0.0,0.0,0.02191358024691358,0.0,0.011111111111111112,0.0,0.0,0.0,0.0,0.009259259259259259,0.0,0.0,0.0,0.011111111111111112,0.0,0.0,0.01574074074074074,0.0,0.17715784453981878,0.1660280970625798,0.13675599590234022,0.09427609427609428,0.04700854700854701,0.026851316325000537,0.03595679012345679,0.5277777777777777,0.2222222222222222,0.4444444444444444
116,0.026257542290321567,0.03,0.026853451721646045,0.2,0.4444444444443434,0.36111111111111105,0.6349206349206349,0.5454545454545454,0.5705368289637953,0.0038314176245210726,0.004052460949012673,0.0,0.0,0.006535947712418301,0.0,0.006971677559912854,0.0,0.0019157088122605363,0.0,0.0032679738562091504,0.0,0.0,0.003968253968253968,0.0,0.008823529411764706,0.00944081336238199,0.0,0.0,0.0029239766081871343,0.0,0.0,0.0,0.0,0.0019157088122605363,0.0,0.0,0.0,0.0045612114577631814,0.0,0.008241758241758242,0.0,0.0,0.0,0.0,0.0038314176245210726,0.0,0.0,0.0,0.0032679738562091504,0.0,0.004052460949012673,0.0,0.013144517066085694,0.0,0.0,0.0,0.0,0.0,0.003968253968253968,0.005747126436781609,0.0032679738562091504,0.0,0.0,0.0032679738562091504,0.0,0.0,0.003968253968253968,0.0,0.0,0.00744047619047619,0.0,0.0,0.0032679738562091504,0.0,0.0,0.0,0.0,0.003968253968253968,0.0,0.006283068783068783,0.0,0.0,0.0,0.0032679738562091504,0.005387931034482759,0.0,0.0,0.0,0.0,0.0,0.0,0.0,0.003968253968253968,0.0,0.0,0.0,0.006535947712418301,0.0,0.0019157088122605363,0.003968253968253968,0.0,0.0,0.003968253968253968,0.003968253968253968,0.0,0.0019157088122605363,0.0,0.0,0.0,0.0,0.0,0.0,0.007407407407407408,0.0,0.0,0.0,0.0,0.0,0.0,0.0,0.0,0.0,0.0,0.0,0.0,0.0,0.005183682668469687,0.0,0.0045612114577631814,0.0,0.0,0.0,0.003968253968253968,0.003703703703703704,0.0,0.0019157088122605363,0.0,0.0,0.003968253968253968,0.0,0.0,0.0038314176245210726,0.005387931034482759,0.0,0.0,0.007407407407407408,0.0,0.010887260887260887,0.0,0.006919006919006919,0.0,0.0,0.003968253968253968,0.0,0.0,0.0,0.005883962780514504,0.003968253968253968,0.0,0.0,0.0,0.0,0.0,0.0,0.0,0.006105006105006105,0.003968253968253968,0.006105006105006105,0.0,0.0,0.0,0.008451656524678837,0.0,0.003968253968253968,0.003968253968253968,0.003968253968253968,0.0,0.005883962780514504,0.0,0.0,0.0,0.0,0.007236227824463117,0.0,0.0019157088122605363,0.0,0.0,0.007471264367816092,0.0,0.0,0.007236227824463117,0.003968253968253968,0.0,0.0,0.0032679738562091504,0.0,0.0,0.0,0.0019157088122605363,0.008419820919820919,0.0,0.005183682668469687,0.0,0.38364329995231283,0.36270753512132825,0.13755440275415404,0.04377104377104377,0.07051282051282051,0.06028468079199028,0.04713059064505632,0.43137254901960786,0.16666666666666666,0.3888888888888889
87,0.008047567874410804,0.02,0.007831959937091038,0.01,0.125,0.64125,0.5026785714285714,0.49147727272727276,0.651685393258427,0.0,0.00068506006006006,0.0,0.0014912280701754386,0.002178030303030303,0.0038605925324675327,0.0034075422932330823,0.0,0.0017267267267267266,0.004779579456303594,0.0,0.0006578947368421052,0.000625,0.0008928571428571428,0.0,0.005782269962078398,0.0033247768280201657,0.001712087612822907,0.003975802277432712,0.0006578947368421052,0.0035416666666666665,0.0,0.0,0.00018115942028985507,0.004349685276409413,0.0006275879917184265,0.0,0.0,0.001446072076743583,0.0005141129032258065,0.004523296387520526,0.0,0.0,0.0,0.0,0.004129004576659039,0.00021929824561403506,0.0016617294634536013,0.0011574074074074073,0.0018265470439383484,0.0005208333333333333,0.0019505718954248366,0.0003125,0.0010714285714285715,0.0004629629629629629,0.0,0.00282041910331384,0.0,0.0013511664746543779,0.0024752813875256333,0.0020365338164251207,0.0035068377709506745,0.0,0.0018243092691622102,0.005048193176589916,0.0003472222222222222,0.0,0.0036677170868347334,0.0,0.0015625,0.00334390664160401,0.000625,0.00033783783783783786,0.006046447364788208,0.0012191539365452408,0.0007352941176470588,0.00018115942028985507,0.0,0.0026858660130718954,0.0,0.0017830882352941175,0.0,0.0004464285714285714,0.00018115942028985507,0.002582597810792537,0.00496031746031746,0.0,0.0005434782608695652,0.0,0.002529761904761905,0.0004310344827586207,0.0016617294634536013,0.002719817546583851,0.0,0.000557136083451873,0.0004004576659038902,0.002608398840016487,0.0017369389901823282,0.0,0.003857408544908545,0.0007352941176470588,0.0006275879917184265,0.0004467109424414927,0.0003125,0.0016617294634536013,0.0,0.002526844070961718,0.0023065476190476187,0.004844530717692482,0.0,0.001300247258127693,0.002529761904761905,0.0,0.000995732574679943,0.0,0.00033783783783783786,0.0,0.0003472222222222222,0.0,0.0007352941176470588,0.00024509803921568627,0.0031297862712336396,0.0011982570806100218,0.000625,0.0031117814298592334,0.0009047379032258065,0.0,0.0017769607843137255,0.00024509803921568627,0.004292034953862757,0.0008535879629629629,0.0003472222222222222,0.0005208333333333333,0.0003125,0.0,0.0,0.004479166666666667,0.0,0.0,0.0018075980392156861,0.0016617294634536013,0.0,0.0007291666666666667,0.0017222063310450037,0.003544254658385093,0.0007352941176470588,0.0,0.004606374807987711,0.0028422619047619047,0.0005141129032258065,0.0006578947368421052,0.002529761904761905,0.0027109213250517596,0.0037721568616120374,0.0,0.0,0.002529761904761905,0.003918650793650794,0.0,0.0005208333333333333,0.0,0.0006441223832528181,0.0,0.0,0.000625,0.002909982245504355,0.0008586711711711711,0.0004310344827586207,0.006434730676458618,0.00021929824561403506,0.0,0.0017448512585812356,0.0028592555057213504,0.0004629629629629629,0.0008928571428571428,0.0,0.0,0.0017857142857142857,0.005818988631488631,0.0017857142857142857,0.0006578947368421052,0.0012740384615384614,0.0,0.003773101152865218,0.0007688723205964585,0.001931803126656068,0.00024509803921568627,0.00018115942028985507,0.003770636472249375,0.0017769607843137255,0.0015625,0.0004629629629629629,0.0021577612094853477,0.002529761904761905,0.0,0.010713279375370218,0.0004464285714285714,0.0016617294634536013,0.0025774211711711713,0.003918650793650794,0.003279014308426073,0.0010371376811594204,0.002529761904761905,0.001588882080610022,0.47977467811158797,0.44252873563218387,0.1509702335925634,0.04242424242424242,0.12163461538461537,0.06402774251887294,0.02786665735141272,0.56875,0.375,0.4125
202,0.022197280877655646,0.04,0.02881797163714478,0.21,0.18181818181824383,0.8,0.5584415584415584,0.32644628099173556,0.8845760980592441,0.0,0.0,0.0,0.0,0.001976284584980237,0.0,0.0,0.0,0.0,0.0,0.001976284584980237,0.0,0.0,0.0,0.0,0.0,0.0,0.0,0.0,0.0,0.0,0.0,0.0,0.001976284584980237,0.0,0.0,0.0,0.0,0.0,0.0,0.0,0.0,0.0,0.0,0.0,0.0,0.0,0.0,0.0,0.0,0.0,0.0,0.0,0.0,0.0,0.0,0.0,0.0,0.001976284584980237,0.0,0.0,0.001976284584980237,0.0,0.0,0.0,0.0,0.0,0.0,0.0,0.0,0.0,0.0,0.0,0.001976284584980237,0.0,0.0,0.0,0.0,0.0,0.0,0.0,0.0,0.0,0.0,0.0,0.0,0.0,0.0,0.0,0.0,0.0,0.0,0.0,0.0,0.0,0.0,0.0,0.001976284584980237,0.0,0.0,0.0,0.0,0.0,0.0,0.0,0.0,0.0,0.0,0.001976284584980237,0.001976284584980237,0.0,0.0,0.0,0.0,0.0,0.0,0.0,0.0,0.0,0.0,0.0,0.0,0.0,0.0,0.0,0.0,0.0,0.001976284584980237,0.0,0.001976284584980237,0.001976284584980237,0.0,0.0,0.0,0.0,0.0,0.001976284584980237,0.0,0.0,0.0,0.0,0.0,0.0,0.0,0.0,0.0,0.0,0.0,0.0,0.0,0.0,0.0,0.0,0.0,0.0,0.0,0.0,0.0,0.0,0.0,0.0,0.0,0.0,0.0,0.0,0.0,0.0,0.0,0.0,0.0,0.0,0.0,0.001976284584980237,0.0,0.0,0.0,0.0,0.0,0.0,0.0,0.0,0.0,0.0,0.0,0.0,0.0,0.001976284584980237,0.0,0.0,0.0,0.001976284584980237,0.0,0.0,0.0,0.0,0.0,0.0,0.0,0.0,0.0,0.0,0.0,0.003952569169960474,0.0,0.30784237222005467,0.3134796238244514,0.12453304038831864,0.15426997245179064,0.07692307692307693,0.10945152864595316,0.007323878167867937,0.5454545454545454,0.2727272727272727,0.45454545454545453
74,0.03746652599381865,0.03,0.03781186357905135,0.19,0.11363636363626028,0.7363636363636364,0.5625,0.5216942148760331,0.6307456588355465,0.0011961722488038277,0.0,0.00515393697211879,0.0,0.0032467532467532465,0.0,0.007575757575757575,0.002840909090909091,0.01728978092614456,0.005681818181818182,0.0032467532467532465,0.0032467532467532465,0.002066115702479339,0.0,0.0,0.0,0.0,0.0,0.012032085561497326,0.0,0.0,0.002840909090909091,0.0,0.004583651642475172,0.007305194805194804,0.0,0.0,0.0,0.0,0.002066115702479339,0.005681818181818182,0.0,0.0,0.0,0.0,0.005091079353628948,0.0,0.002066115702479339,0.0007331378299120235,0.002066115702479339,0.0,0.0,0.003099173553719008,0.007575757575757575,0.0032467532467532465,0.0,0.012582114854842126,0.0,0.002066115702479339,0.0,0.005091079353628948,0.012696194180151398,0.0,0.0,0.0032467532467532465,0.0,0.0,0.005681818181818182,0.0,0.0,0.007898151475226574,0.0012626262626262625,0.0,0.0032467532467532465,0.002840909090909091,0.0,0.0,0.012032085561497326,0.0,0.0,0.0007331378299120235,0.0,0.002066115702479339,0.0,0.004854016950791144,0.002656434474616293,0.0,0.002840909090909091,0.0,0.005681818181818182,0.0,0.002066115702479339,0.006292875276832496,0.0,0.0009881422924901185,0.0,0.0,0.005981318147093548,0.002840909090909091,0.007711038961038961,0.0,0.0,0.0,0.0,0.002066115702479339,0.0,0.0039190607372425555,0.0,0.0020053475935828875,0.0006684491978609625,0.0,0.006944444444444445,0.0,0.009054834054834055,0.0,0.004234895539243365,0.0,0.0,0.0,0.0032467532467532465,0.0032467532467532465,0.0,0.008429627413584632,0.0012626262626262625,0.0024587985114300904,0.002066115702479339,0.0,0.0,0.0032467532467532465,0.00326797385620915,0.001336898395721925,0.0,0.0,0.0,0.0,0.0,0.002005347593582888,0.0,0.0006684491978609625,0.0,0.0,0.0,0.0,0.00831159621050944,0.0,0.0,0.0016233766233766233,0.0,0.005681818181818182,0.002940241576605213,0.0,0.006944444444444445,0.00917367454448794,0.0032467532467532465,0.0,0.0,0.005681818181818182,0.007305194805194804,0.0,0.0,0.0,0.0,0.0,0.0,0.0012626262626262625,0.0009881422924901185,0.0,0.006087662337662337,0.0,0.0032467532467532465,0.0,0.0,0.01270943851157755,0.0,0.0016233766233766233,0.0,0.0,0.0,0.007305194805194804,0.0,0.0,0.0,0.0,0.0032467532467532465,0.0,0.001336898395721925,0.0032467532467532465,0.002066115702479339,0.0010330578512396695,0.0,0.0,0.002066115702479339,0.002066115702479339,0.0009881422924901185,0.0010330578512396695,0.0,0.0,0.0,0.004521016617790811,0.008567821067821068,0.0007331378299120235,0.0,0.01122425554243736,0.006728120364484,0.2510729613733906,0.22936259143155693,0.15061402182053235,0.026170798898071626,0.04807692307692307,0.0421706353812666,0.033032949221091894,0.40697674418604646,0.18181818181818182,0.4318181818181818
214,0.0,0.4,0.0,0.63,1.0,0.0,0.8392857142857143,0.75,0.5617977528089888,0.0,0.0,0.0,0.0,0.0,0.0,0.0,0.0,0.0,0.0,0.0,0.0,0.0,0.0,0.0,0.0,0.0,0.0,0.0,0.0,0.0,0.0,0.0,0.0,0.0,0.0,0.0,0.0,0.0,0.0,0.0,0.0,0.0,0.0,0.0,0.0,0.0,0.0,0.0,0.0,0.0,0.0,0.0,0.0,0.0,0.0,0.0,0.0,0.0,0.0,0.0,0.0,0.0,0.0,0.0,0.0,0.0,0.0,0.0,0.0,0.0,0.0,0.0,0.1,0.0,0.0,0.0,0.0,0.0,0.0,0.0,0.0,0.0,0.0,0.0,0.0,0.0,0.0,0.0,0.0,0.0,0.0,0.0,0.0,0.0,0.0,0.0,0.0,0.0,0.0,0.0,0.0,0.0,0.0,0.0,0.0,0.0,0.0,0.0,0.0,0.0,0.0,0.0,0.0,0.0,0.0,0.0,0.0,0.0,0.0,0.0,0.0,0.0,0.0,0.0,0.0,0.0,0.0,0.0,0.0,0.0,0.0,0.0,0.0,0.0,0.0,0.0,0.0,0.0,0.0,0.0,0.0,0.0,0.0,0.0,0.0,0.0,0.0,0.0,0.0,0.0,0.0,0.0,0.0,0.0,0.0,0.0,0.0,0.0,0.0,0.0,0.0,0.0,0.0,0.0,0.0,0.0,0.0,0.1,0.0,0.0,0.0,0.0,0.0,0.0,0.0,0.0,0.0,0.0,0.0,0.0,0.0,0.0,0.0,0.0,0.0,0.0,0.0,0.0,0.0,0.0,0.0,0.0,0.0,0.0,0.1,0.0,0.0,0.1,0.0,0.0,0.0,0.0,0.0,0.12446351931330472,0.09195402298850575,0.18564332871559536,0.0,0.0,0.013888888888888888,0.0,0.5,0.0,0.0
210,0.0028589695787122837,0.05,0.0027876870033789426,0.09,0.21052631578936598,0.7157894736842105,0.5366541353383458,0.6064593301435407,0.6918982850384388,0.0,0.0,0.006578947368421052,0.0005263157894736842,0.0006119951040391676,0.0,0.005928282244071718,0.0,0.028245614035087716,0.0,0.0,0.0,0.014035087719298246,0.0,0.0037593984962406013,0.0006119951040391676,0.0013850415512465374,0.0,0.0,0.0,0.0,0.0,0.0,0.0,0.010075187969924813,0.0,0.0,0.0,0.0069365721997300955,0.0034804753820033957,0.0,0.0,0.0,0.0,0.0008488964346349745,0.0,0.0,0.0,0.0,0.005313765182186235,0.0,0.003041878890775325,0.0,0.005928282244071718,0.0,0.0,0.0,0.0,0.01839275608375778,0.0,0.0,0.0006119951040391676,0.0,0.0,0.0,0.008771929824561403,0.0,0.0,0.0,0.006578947368421052,0.019627573897522965,0.010595567867036013,0.0,0.0,0.0,0.0,0.0,0.0,0.003041878890775325,0.0,0.0,0.0,0.0,0.0,0.0037593984962406013,0.006315789473684211,0.0,0.0023923444976076554,0.0,0.0,0.0,0.0,0.01181380871533673,0.0,0.0,0.006578947368421052,0.00796398891966759,0.003004339601646823,0.0,0.006315789473684211,0.0,0.0,0.0,0.0,0.0,0.0,0.0095593635250918,0.0,0.0013850415512465374,0.0,0.0,0.0,0.0,0.021929824561403508,0.0,0.0013850415512465374,0.0,0.0,0.0,0.0,0.0,0.0,0.006578947368421052,0.010595567867036013,0.0020242914979757085,0.01839275608375778,0.0,0.0,0.0,0.0,0.006578947368421052,0.0,0.0,0.0,0.0,0.0,0.0,0.0005263157894736842,0.0,0.0020242914979757085,0.0,0.0,0.0,0.01707696661007357,0.0,0.0005263157894736842,0.0,0.0,0.0,0.005234861346915676,0.0013850415512465374,0.0,0.0006119951040391676,0.005993336482122113,0.0,0.0,0.002631578947368421,0.006315789473684211,0.0,0.0005263157894736842,0.0,0.0,0.0,0.0,0.010595567867036013,0.0018796992481203006,0.0,0.0020242914979757085,0.0,0.0,0.0,0.0,0.0023923444976076554,0.0,0.0,0.0,0.0,0.0,0.006315789473684211,0.0,0.0037593984962406013,0.0,0.0005263157894736842,0.012049354154617312,0.0,0.0,0.0,0.0,0.004829269058155227,0.0,0.0,0.0023923444976076554,0.0023923444976076554,0.0,0.0,0.00796398891966759,0.0,0.0,0.0020242914979757085,0.006315789473684211,0.0,0.009210526315789473,0.0006119951040391676,0.013157894736842105,0.22306302236277387,0.21657592256503325,0.1257722203642539,0.01754385964912281,0.05566801619433198,0.018988048202669573,0.008368168912034102,0.5570175438596491,0.3157894736842105,0.2894736842105263
121,0.006626947778740664,0.04,0.006596417798455453,0.12,0.2777777777778283,0.6111111111111112,0.5932539682539683,0.3623737373737374,0.7109862671660423,0.0,0.001851851851851852,0.0,0.0009578544061302681,0.002843915343915344,0.0006944444444444445,0.0007936507936507937,0.0015873015873015873,0.0028044871794871795,0.0,0.0031746031746031746,0.0,0.001876582002269355,0.0,0.0,0.000496031746031746,0.00041459369817578774,0.0,0.0030864197530864196,0.0005555555555555556,0.0,0.0007936507936507937,0.0,0.0006944444444444445,0.0,0.0,0.0005555555555555556,0.0,0.0,0.0004084967320261438,0.0005555555555555556,0.0,0.002068965517241379,0.0,0.0,0.0018181818181818184,0.0,0.0,0.003717732884399551,0.0,0.0019047619047619045,0.004132550456079868,0.0,0.0007936507936507937,0.0014880952380952382,0.0,0.0,0.0,0.0004084967320261438,0.001378645985757487,0.0,0.006388888888888888,0.0,0.001388888888888889,0.0037808641975308637,0.0007936507936507937,0.0,0.0,0.0025730994152046785,0.0,0.005292781815527992,0.003137905245016746,0.0030864197530864196,0.003711640745222835,0.010287397787397788,0.0025730994152046785,0.0,0.0030864197530864196,0.0029304029304029304,0.0,0.0006313131313131314,0.0,0.0,0.0,0.0,0.000496031746031746,0.0,0.0075096200096200095,0.0,0.0,0.0,0.00281988126815713,0.0004084967320261438,0.0007936507936507937,0.0,0.0,0.000496031746031746,0.005621693121693121,0.0034090909090909094,0.0005555555555555556,0.0,0.0,0.0,0.0,0.0,0.0,0.0004084967320261438,0.0009578544061302681,0.003614612511671335,0.0006944444444444445,0.00215452847805789,0.0,0.0,0.004666514041514042,0.0,0.0,0.0008291873963515755,0.0007936507936507937,0.0,0.0,0.0006944444444444445,0.00041459369817578774,0.0024831649831649834,0.0027294085129906023,0.004629629629629629,0.0004084967320261438,0.0,0.0,0.0020833333333333333,0.0030590569561157795,0.0011029411764705882,0.0,0.004366945315221178,0.0,0.0,0.0006944444444444445,0.004681685273790537,0.0,0.0,0.001349206349206349,0.0009578544061302681,0.0,0.0,0.004072001105583195,0.0005555555555555556,0.002445949644225506,0.0,0.0,0.001851851851851852,0.001851851851851852,0.004980506822612086,0.0,0.0017424242424242424,0.0024321375578249104,0.0,0.0006313131313131314,0.0004084967320261438,0.0024074074074074076,0.0,0.002445949644225506,0.0,0.0,0.0,0.0,0.0027294085129906023,0.0011111111111111111,0.0018034825870646767,0.004180402930402931,0.0007507507507507507,0.0,0.0,0.0004084967320261438,0.003538359788359788,0.001388888888888889,0.007275132275132274,0.0,0.0007936507936507937,0.004320987654320988,0.0005555555555555556,0.0011111111111111111,0.0,0.0,0.0,0.0051291627762216,0.0,0.004435626102292769,0.0,0.0,0.0012467824967824967,0.0016522988505747126,0.0,0.0,0.0,0.0,0.0006944444444444445,0.0011592474827768946,0.0,0.0,0.004719351855574766,0.0013227513227513227,0.004534726348451838,0.0,0.004166666666666667,0.0010398098633392751,0.5797567954220315,0.5446998722860792,0.1445385723525614,0.0101010101010101,0.07051282051282051,0.04791712808806828,0.02176263991533486,0.5740740740740741,0.4444444444444444,0.5555555555555556
249,0.004820643596895923,0.15,0.006659738343677008,0.48,0.09523809523807358,0.761904761904762,0.5153061224489796,0.4523809523809524,0.6987693953986089,0.0,0.0,0.002380952380952381,0.006802721088435374,0.005952380952380952,0.0,0.010101010101010102,0.0,0.0,0.002506265664160401,0.005952380952380952,0.0,0.0,0.0,0.0,0.0,0.016903731189445475,0.006802721088435374,0.0,0.0,0.0,0.0,0.0,0.0,0.0,0.0,0.0,0.0,0.002506265664160401,0.0,0.002506265664160401,0.0,0.0,0.007936507936507936,0.0,0.0,0.0,0.006802721088435374,0.0,0.002976190476190476,0.0,0.0,0.0,0.004329004329004329,0.0,0.0,0.0,0.0,0.013095238095238096,0.0,0.0,0.005952380952380952,0.006802721088435374,0.006802721088435374,0.0,0.0,0.0,0.0,0.0,0.0,0.01362477678267152,0.0,0.0,0.005952380952380952,0.0,0.0,0.0,0.0,0.0,0.0,0.0,0.0,0.0,0.0,0.0021645021645021645,0.011564625850340135,0.0,0.0,0.0,0.0,0.0,0.006802721088435374,0.009183673469387754,0.0,0.0,0.0,0.002506265664160401,0.005952380952380952,0.0,0.007268170426065163,0.0,0.0,0.0,0.0,0.006802721088435374,0.0,0.0,0.006802721088435374,0.0,0.0,0.0,0.0,0.0,0.0,0.0,0.0,0.0,0.0,0.0,0.010101010101010102,0.0,0.0,0.002380952380952381,0.0,0.0,0.009183673469387754,0.0,0.0,0.0,0.0,0.0,0.0,0.012935477221191507,0.0,0.0,0.0,0.0,0.0,0.0,0.0,0.006802721088435374,0.0,0.0,0.01362477678267152,0.0,0.0,0.0,0.0,0.0,0.0,0.002506265664160401,0.0,0.0,0.010101010101010102,0.0,0.0,0.0,0.002506265664160401,0.0,0.0,0.0,0.0,0.006802721088435374,0.0,0.0,0.0,0.0,0.0,0.0,0.0,0.0,0.002380952380952381,0.009615384615384616,0.0,0.0,0.0,0.0,0.0,0.002506265664160401,0.0,0.0,0.0,0.0,0.010931174089068827,0.0,0.0,0.0,0.0,0.0,0.0,0.0,0.003663003663003663,0.0,0.0,0.0,0.0,0.0,0.0,0.0,0.0,0.0,0.0,0.005952380952380952,0.0,0.17698753321070917,0.18500273672687464,0.12492830958243811,0.002886002886002886,0.020146520146520144,0.039158910541944356,0.02498358992719895,0.5158730158730158,0.2857142857142857,0.19047619047619047
20,0.016296407040974913,0.03,0.0163960636783063,0.11,0.10526315789479668,0.7219298245614035,0.5482456140350876,0.5829346092503987,0.6704119850187265,0.0006265664160401002,0.0013472069642797694,0.0007215619694397284,0.0003132832080200501,0.0030701754385964912,0.005281070253942476,0.005972069501817785,0.0010256410256410256,0.0002192982456140351,0.0009746588693957114,0.0008382066276803119,0.0011117202729044834,0.0010964912280701754,0.0,0.0028758528265107213,0.0021785559035503673,0.009267707123744277,0.0005847953216374269,0.0008458646616541352,0.0,0.0,0.0010256410256410256,0.0,0.001046475838719606,0.0023300438596491227,0.0005847953216374269,0.00013706140350877192,0.00013706140350877192,0.00035087719298245617,0.007883062356746568,0.0004744433198380567,0.0,0.0,0.001495215311004785,0.0014619883040935672,0.006497748705340792,0.0,0.0,0.0008771929824561404,0.0008771929824561404,0.0,0.0018893788243633444,0.0,0.004510081197724218,0.0,0.0010964912280701754,0.0002829654782116582,0.0029239766081871343,0.002665852665852666,0.000914719954967633,0.006841349643169234,0.01029227363869882,0.0005847953216374269,0.0003654970760233918,0.005502838833096454,0.0009746588693957114,0.0,0.00013706140350877192,0.0,0.0,0.002695246179966044,0.00039872408293460925,0.0,0.005150001071053702,0.004034123770965877,0.0,0.0,0.0006265664160401002,0.002038900355463823,0.0004873294346978557,0.005052938007097599,0.0,0.0,0.0,0.002756892230576441,0.0,0.0002829654782116582,0.004911316753422016,0.0,0.0008382066276803119,0.0005847953216374269,0.0,0.0007990991972685336,0.0018842086276296803,0.0033625730994152046,0.0,0.000977244171436549,0.008835136945773824,0.0,0.0028543581175160117,0.0010642414860681114,0.0,0.0,0.00013706140350877192,0.0,0.0,0.0005159958720330237,0.0008771929824561404,0.0019568958280869637,0.0007446459952938373,0.0,0.0,0.0,0.0002192982456140351,0.0,0.0005022637238256933,0.0,0.0013733829523303208,0.0,0.0010964912280701754,0.0011441647597254005,0.0,0.00102985080747685,0.0022738829947067936,0.0,0.002665852665852666,0.0003654970760233918,0.0024516260554148144,0.0,0.0004616805170821791,0.0020718888335723292,0.0,0.0,0.00013706140350877192,0.0002192982456140351,0.0005159958720330237,0.0011623569393205708,0.0003132832080200501,0.0002829654782116582,0.005815821605295289,0.0007309941520467836,0.0009746588693957114,0.002505941410365659,0.004369606347497047,0.0002192982456140351,0.0003132832080200501,0.0002192982456140351,0.002665852665852666,0.00013706140350877192,0.003085879547573096,0.0009746588693957114,0.0008382066276803119,0.0024425545225323355,0.005114928034632419,0.0,0.0,0.0,0.0010964912280701754,0.0,0.0010964912280701754,0.00013706140350877192,0.0,0.0007309941520467836,0.0,0.0,0.0,0.0005159958720330237,0.004851873272925905,0.0016459417775207248,0.0005847953216374269,0.0016812865497076023,0.0,0.008662742011569243,0.0,0.0,0.0,0.0010964912280701754,0.0014619883040935672,0.006562988668251826,0.002239841858519362,0.0017230576441102756,0.0,0.0,0.006036087261081725,0.0,0.002562366074175722,0.0,0.0005847953216374269,0.00443498136996589,0.0,0.0019945697577276526,0.0,0.0,0.0,0.0,0.005408285671443566,0.0,0.0007309941520467836,0.0040602215766689445,0.0,0.001834922293326368,0.0003654970760233918,0.0043045471112421576,0.0014684472987049203,0.26733679692794216,0.24702561000201653,0.14153174563896026,0.02445507708665603,0.033400809716599186,0.0726352714087946,0.013742791791952882,0.5148809523809523,0.2894736842105263,0.38596491228070173
188,0.011071790683864498,0.06,0.011291636226633728,0.36,0.289473684210634,0.5526315789473685,0.5817669172932332,0.5418660287081339,0.6481371969248966,0.0,0.0018796992481203006,0.0,0.0,0.0,0.0,0.0021929824561403508,0.0,0.0,0.00161461345671872,0.0,0.0009398496240601503,0.0,0.0,0.0,0.0,0.005156075808249721,0.0007974481658692185,0.0011441647597254005,0.0,0.0007974481658692185,0.0,0.0,0.0,0.002288329519450801,0.0,0.0,0.0,0.0006747638326585695,0.0,0.0029630933521093703,0.0,0.0,0.0,0.003341687552213868,0.0007309941520467836,0.0,0.0,0.0,0.0,0.0,0.0005980861244019139,0.0,0.0033371472158657514,0.0,0.0,0.0,0.0,0.0042720437457279565,0.0024777853725222146,0.004490392648287385,0.0,0.0007974481658692185,0.0,0.004511278195488722,0.0021929824561403508,0.0,0.0,0.0,0.0,0.0,0.003224686577089323,0.0,0.0,0.0037593984962406013,0.0,0.0,0.0,0.0024777853725222146,0.0,0.0033625730994152046,0.0,0.0,0.0,0.0,0.0,0.0,0.0037593984962406013,0.0,0.0,0.0,0.0,0.0,0.0,0.0010526315789473684,0.0,0.0,0.0,0.0,0.00161461345671872,0.0009398496240601503,0.0,0.0,0.0,0.0,0.0,0.0,0.0007309941520467836,0.002381711855396066,0.0,0.0007309941520467836,0.0,0.0,0.0,0.0,0.0010526315789473684,0.0,0.0,0.0,0.0011441647597254005,0.0,0.0,0.0,0.0020805218173639227,0.0,0.0005980861244019139,0.0,0.0,0.0,0.002381711855396066,0.0,0.0,0.0018796992481203006,0.0,0.0018796992481203006,0.0,0.0,0.0,0.0,0.0,0.0,0.0009398496240601503,0.0,0.0005980861244019139,0.0011441647597254005,0.0,0.0018796992481203006,0.0011441647597254005,0.002288329519450801,0.0,0.00161461345671872,0.0,0.0,0.0011441647597254005,0.0,0.0,0.0,0.0029630933521093703,0.0,0.0,0.0,0.0,0.0,0.0,0.0020805218173639227,0.0,0.0024777853725222146,0.0,0.0,0.0,0.0,0.0018796992481203006,0.0,0.0007974481658692185,0.0,0.0,0.0,0.0,0.00161461345671872,0.0,0.0007974481658692185,0.0,0.0,0.002667245035666088,0.0,0.0015379357484620643,0.0,0.0007974481658692185,0.0,0.0,0.0,0.0,0.0,0.0011441647597254005,0.0018796992481203006,0.0010526315789473684,0.0,0.0,0.0,0.0,0.0,0.002631578947368421,0.002402159244264507,0.0,0.32380844815902415,0.2909860859044162,0.15425157975116305,0.028708133971291867,0.044534412955465584,0.09304361404156161,0.024541627528198648,0.5495495495495495,0.2894736842105263,0.5263157894736842
71,0.24198919124183602,0.01,0.24314139556898653,0.07,0.1391752577319494,0.7396907216494847,0.5053387334315169,0.5796626054358014,0.6595621452565736,0.001622260900611416,0.0012473408607429225,0.0042589390849700134,0.0007363770250368188,0.005674360677392819,0.0,0.006336265999407076,0.0011403616429389624,0.0016980272847066118,0.0009856123258185114,0.0012147074002744106,0.0,0.0002147766323024055,0.0,0.0,0.002345346893755679,0.005658859508880254,0.0,0.0,0.0014315862515130013,0.0009664948453608248,0.0008181966944853542,0.0,0.000589101620029455,0.0,0.0002147766323024055,0.0,0.0,0.002240654907620394,0.0031886069257203277,0.0,0.0,0.0,0.0041259427857365995,0.00045264752614270404,0.000836792073905476,0.0,0.0,0.0,0.0,0.0003965107057890563,0.003023034271226894,0.0010309278350515464,0.006167307394006051,0.0,0.0002147766323024055,0.00046860356138706655,0.0006149394103816242,0.006123136719309056,0.0010309278350515464,0.000836792073905476,0.002511069671698998,0.0,0.0,0.002973999455397931,0.00046860356138706655,0.00022411474675033616,0.0,0.0007363770250368188,0.0,0.003115510292785057,0.00168855342824415,0.0,0.0029304144959149793,0.00016108247422680412,0.0,0.0002147766323024055,0.0,0.0010834600126252937,0.0002454590083456063,0.0022958831844981553,0.00046860356138706655,0.0002945508100147275,0.0002147766323024055,0.0007371208402136237,0.0013544456129059444,0.0018818355689186497,0.002384020618556701,0.00023430178069353328,0.0,0.0,0.00015620118712902218,0.005588666059026884,0.0037552081366514353,0.0,0.0002147766323024055,0.0014151655904233226,0.00442948227400926,0.0023865774832269675,0.0006536368843069874,0.0,0.0002147766323024055,0.0,0.0,0.0010309278350515464,0.0,0.0008803412528055029,0.0003965107057890563,0.0007056946489936179,0.0016815500802007774,0.0014350984067478915,0.0,0.0002945508100147275,0.002594128831920476,0.0,0.002254927802387049,0.0,0.000589101620029455,0.0010270228053733208,0.0027595543059460584,0.002414702994599902,0.0006595161234336492,0.004163286929934042,0.00032216494845360824,0.0002454590083456063,0.0012616249729651792,0.0,0.0013599151000606427,0.001374570446735395,0.0021220233916924096,0.003626555246855429,0.003015566192112584,0.0002147766323024055,0.0,0.0,0.0008684446436575526,0.0013540854486124346,0.0,0.0017980143719228015,0.0007696162657502863,0.0,0.0,0.00027129679869777537,0.0030817596791375365,0.0009255394632497182,0.0,0.0005584192439862543,0.0007338201603665521,0.0007363770250368188,0.003033660926702164,0.0003965107057890563,0.0002454590083456063,0.0006348822444598966,0.0067484491453563625,0.00046860356138706655,0.0,0.0,0.00027129679869777537,0.0,0.0,0.0,0.0006112873380914618,0.0,0.0032071329611670267,0.00032216494845360824,0.0021999475675547296,0.00027129679869777537,0.000312689508793208,0.0002577319587628866,0.0,0.0002945508100147275,0.0,0.006839610047993917,0.0,0.0003965107057890563,0.00027129679869777537,0.0,0.0,0.0011045655375552283,0.0,0.0,0.0,0.0,0.006842380465030556,0.0,0.0009613811160202913,0.0016950832672482158,0.0002147766323024055,0.0035867875593750724,0.0,0.00410218361249289,0.0008805841924398626,0.0005584192439862543,0.001083221275959958,0.0018018969302026227,0.0015785603596562808,0.0,0.0,0.0009440573323987514,0.0002454590083456063,0.0003965107057890563,0.0029269127207271536,0.005543325447553044,0.002240712124172456,0.2657183310472988,0.2507406090769049,0.13578659429250284,0.020930959075288972,0.021808088818398096,0.08089438706396049,0.01038337382127171,0.5189982728842832,0.27835051546391754,0.3402061855670103
106,0.05438015381166368,0.03,0.05550678994121479,0.16,0.2222222222221717,0.7444444444444446,0.6388888888888888,0.6767676767676768,0.5043695380774031,0.0,0.0,0.0,0.0,0.0,0.0,0.0,0.0,0.0,0.0,0.0,0.0,0.0,0.0,0.0,0.0,0.011111111111111112,0.0,0.0,0.0,0.0,0.0,0.0,0.0,0.0,0.0,0.0,0.0,0.0,0.011111111111111112,0.0,0.0,0.0,0.0,0.0,0.022222222222222223,0.0,0.0,0.0,0.0,0.0,0.0,0.0,0.0038314176245210726,0.0,0.0,0.0,0.0,0.0,0.0,0.0,0.0,0.0,0.0,0.0,0.0,0.0,0.0,0.0,0.0,0.0,0.0,0.0,0.0038314176245210726,0.0,0.0,0.0,0.0,0.0,0.0,0.03333333333333334,0.0,0.0,0.0,0.011111111111111112,0.011111111111111112,0.0,0.0,0.0,0.0,0.0,0.0,0.0,0.0,0.0,0.0,0.0,0.0,0.0,0.0,0.0,0.0,0.0,0.0,0.0,0.0,0.0,0.0,0.011111111111111112,0.0,0.0,0.0,0.0,0.0,0.0,0.0,0.0038314176245210726,0.0,0.0,0.0,0.0,0.0,0.0,0.0,0.0,0.0,0.0,0.0,0.0,0.0,0.0,0.0,0.0,0.0,0.0,0.0,0.0,0.0,0.0,0.0,0.0,0.0,0.022222222222222223,0.0,0.0,0.0,0.0,0.0,0.0,0.0,0.0,0.0,0.0,0.0,0.0,0.0,0.0,0.0,0.0,0.0,0.0,0.0,0.0,0.0,0.0,0.0,0.0,0.0,0.013888888888888888,0.0,0.0,0.0,0.0,0.0,0.0,0.0,0.0,0.0,0.0,0.0,0.0,0.0,0.0,0.0038314176245210726,0.0,0.0,0.0,0.0,0.0,0.0,0.0,0.0,0.0,0.0,0.0,0.0,0.0,0.0,0.0,0.0,0.011111111111111112,0.0,0.0,0.0,0.19313304721030042,0.1839080459770115,0.1533965244540501,0.013468013468013467,0.0,0.0491515117303287,0.017720306513409962,0.6296296296296295,0.4444444444444444,0.0
14,0.007003435594133303,0.07,0.007281862700478782,0.34,0.0,0.8,0.0,0.0,0.2247191011235955,0.0,0.0,0.0,0.0,0.0,0.0,0.0,0.0,0.0,0.0,0.0,0.0,0.0,0.0,0.0,0.0,0.0,0.038461538461538464,0.0,0.0,0.0,0.0,0.0,0.0,0.0,0.0,0.0,0.0,0.0,0.0,0.0,0.0,0.0,0.0,0.0,0.0,0.0,0.0,0.0,0.0,0.0,0.0,0.0,0.0,0.038461538461538464,0.0,0.038461538461538464,0.0,0.0,0.0,0.0,0.0,0.038461538461538464,0.0,0.0,0.0,0.0,0.0,0.0,0.0,0.0,0.0,0.0,0.0,0.0,0.0,0.0,0.0,0.0,0.0,0.0,0.0,0.0,0.0,0.0,0.0,0.0,0.0,0.0,0.0,0.0,0.0,0.0,0.038461538461538464,0.0,0.0,0.0,0.0,0.0,0.0,0.0,0.0,0.0,0.0,0.0,0.0,0.038461538461538464,0.0,0.0,0.0,0.0,0.0,0.0,0.0,0.0,0.0,0.0,0.0,0.0,0.0,0.0,0.0,0.0,0.0,0.0,0.0,0.0,0.0,0.0,0.0,0.0,0.0,0.0,0.0,0.0,0.0,0.0,0.0,0.0,0.0,0.0,0.0,0.0,0.0,0.0,0.0,0.0,0.0,0.0,0.0,0.0,0.0,0.0,0.0,0.0,0.0,0.038461538461538464,0.0,0.038461538461538464,0.0,0.0,0.0,0.0,0.0,0.0,0.0,0.0,0.0,0.0,0.0,0.0,0.0,0.0,0.0,0.0,0.0,0.0,0.0,0.0,0.0,0.0,0.0,0.0,0.0,0.0,0.0,0.0,0.0,0.0,0.0,0.0,0.0,0.0,0.0,0.0,0.0,0.0,0.0,0.0,0.0,0.0,0.0,0.0,0.0,0.6051502145922747,0.5747126436781609,0.13860248524015034,0.0,0.0,0.0763888888888889,0.038461538461538464,0.16666666666666666,0.0,1.0
92,0.0341500359513465,0.01,0.0337348119735985,0.01,0.09999999999990905,0.92,0.5821428571428572,0.6909090909090909,0.6898876404494381,0.009,0.005,0.01,0.0,0.0,0.0,0.0047619047619047615,0.0,0.0047619047619047615,0.025,0.0,0.0,0.0,0.0,0.0,0.0,0.0,0.0,0.0,0.0,0.0,0.0,0.0,0.0,0.0,0.0,0.0,0.0,0.025,0.0,0.025,0.0,0.0,0.0,0.0,0.0,0.0,0.0,0.0,0.0047619047619047615,0.0,0.0047619047619047615,0.0047619047619047615,0.0047619047619047615,0.0,0.0,0.01,0.05,0.0,0.0,0.0,0.0,0.0,0.0,0.0,0.0,0.0,0.0,0.0,0.0,0.0,0.0,0.0,0.0,0.0,0.0,0.0,0.0,0.005,0.0,0.0,0.0,0.0,0.0,0.0,0.004,0.0,0.0,0.0,0.0,0.0,0.0047619047619047615,0.0047619047619047615,0.0,0.0,0.0,0.0,0.0,0.0,0.025,0.005,0.0,0.0,0.0,0.0,0.0,0.0,0.0047619047619047615,0.005,0.0,0.0,0.0,0.0,0.009523809523809523,0.0,0.0,0.0,0.0,0.0,0.0,0.0,0.0,0.01,0.0,0.0,0.0,0.0,0.005,0.0,0.0,0.01,0.0,0.0,0.0,0.0,0.0,0.0047619047619047615,0.0,0.0,0.0,0.0,0.0,0.005,0.0,0.0,0.0,0.0,0.0,0.0,0.0,0.025,0.0,0.0,0.0,0.0,0.0,0.0,0.025,0.0,0.0,0.0,0.0,0.0,0.0,0.0,0.0,0.0,0.0,0.0,0.0,0.0,0.0,0.004,0.0,0.0,0.0,0.0,0.0,0.025,0.0,0.0,0.0,0.0,0.075,0.0,0.0047619047619047615,0.0,0.0,0.004,0.0,0.0,0.0,0.0,0.0,0.0,0.0,0.0,0.0,0.005,0.0,0.0,0.0,0.004,0.01,0.2506437768240343,0.2275862068965517,0.16684759169479646,0.01818181818181818,0.04230769230769231,0.06045499227559483,0.005,0.6,0.4,0.1
179,0.004639514614596076,0.03,0.0047593304802150994,0.02,0.20408163265301482,0.663265306122449,0.5437317784256559,0.7282003710575139,0.6892914469158449,0.00024888003982080636,0.0,0.0008163265306122449,0.0,0.0006377551020408163,0.0034013605442176874,0.0,0.0017006802721088435,0.001998299319727891,0.001972646469469589,0.0011610413396127683,0.0,0.0,0.001972646469469589,0.0,0.003859555079067274,0.00024888003982080636,0.0,0.0,0.0,0.0,0.0005232862375719519,0.0005232862375719519,0.0012755102040816326,0.0,0.0,0.0,0.0,0.0020408163265306124,0.00024888003982080636,0.0,0.0,0.0,0.0,0.0,0.0037515006002400964,0.0,0.0,0.0014577259475218659,0.006382553021208484,0.0,0.0013605442176870747,0.0,0.0,0.0019495603119296498,0.0,0.0030839002267573695,0.0,0.0,0.0,0.0012004801920768306,0.002361521531689599,0.0,0.0,0.0026785714285714286,0.0005232862375719519,0.0,0.0,0.0005232862375719519,0.0,0.0,0.0014577259475218659,0.0,0.0021621453459432552,0.005782312925170068,0.0,0.0,0.0,0.0,0.0,0.00481859410430839,0.0,0.0,0.0,0.0,0.00935374149659864,0.0031060228969636634,0.008639455782312925,0.0,0.0005232862375719519,0.0,0.0,0.002658206139598696,0.0035194190246455054,0.0,0.0,0.0,0.0006377551020408163,0.0,0.0,0.0,0.0,0.0,0.0013605442176870747,0.0,0.0,0.0017237664296487828,0.0,0.0007721662773927583,0.00335490293678447,0.0013605442176870747,0.0,0.0013605442176870747,0.003358843537414966,0.0,0.0005232862375719519,0.0,0.0,0.0,0.0,0.0,0.0,0.0013140866102538578,0.0014577259475218659,0.0005232862375719519,0.0,0.0,0.0,0.0,0.002564102564102564,0.003603782976605276,0.0,0.0,0.0,0.009070294784580499,0.0,0.00024888003982080636,0.0,0.0028571428571428576,0.0,0.0,0.0,0.0022675736961451248,0.0012004801920768306,0.003401360544217687,0.0,0.0,0.0017006802721088435,0.0005232862375719519,0.0008163265306122449,0.0,0.0005232862375719519,0.0017237664296487828,0.0022675736961451248,0.0,0.0017006802721088435,0.0013396127681841968,0.0,0.0,0.0,0.0005232862375719519,0.0,0.0,0.0,0.0014577259475218659,0.0,0.0,0.0,0.0008866351418616226,0.0,0.0,0.0,0.0006377551020408163,0.0,0.005999352121801102,0.0,0.0,0.0,0.0,0.0,0.0,0.0,0.0,0.007458430526682217,0.0013605442176870747,0.0,0.0,0.0,0.0035425051821854443,0.0,0.0013605442176870747,0.0020408163265306124,0.004081632653061225,0.0,0.0,0.003768299064466312,0.00024888003982080636,0.0,0.00024888003982080636,0.0005232862375719519,0.00481859410430839,0.0020954810495626822,0.005179791696898539,0.0008163265306122449,0.29061925199264255,0.2707013840018766,0.15817435216489228,0.04081632653061224,0.05180533751962323,0.16562753017065346,0.03871633734378664,0.5170068027210883,0.3469387755102041,0.02040816326530612
102,0.01682277569355162,0.06,0.01820940579208857,0.31,0.10714285714288962,0.7464285714285714,0.5127551020408163,0.36850649350649356,0.6135634028892456,0.0,0.002232142857142857,0.0,0.0,0.010995765929976456,0.0,0.011309523809523811,0.0035714285714285718,0.00822328931572629,0.009291830767394677,0.005456349206349207,0.0018796992481203006,0.002232142857142857,0.00701530612244898,0.0,0.0,0.0072569598014644455,0.0018796992481203006,0.0,0.0,0.0029301194161875277,0.0035714285714285718,0.0,0.0,0.000992063492063492,0.0,0.0,0.0,0.0003968253968253968,0.006754785247432306,0.0022765246449456974,0.0,0.0,0.0,0.0,0.016921768707482993,0.0,0.0,0.006448412698412697,0.0,0.0,0.002232142857142857,0.0,0.012536075036075036,0.0018796992481203006,0.0,0.0011904761904761904,0.00202020202020202,0.0072508169934640525,0.002628968253968254,0.011763038548752835,0.027011958629605686,0.0,0.0,0.002232142857142857,0.0,0.0,0.0017857142857142859,0.0,0.0,0.0031719924812030073,0.0009398496240601503,0.0,0.012346415839062898,0.006696428571428571,0.0,0.0,0.0,0.00744047619047619,0.003968253968253968,0.020851981143334527,0.0,0.0,0.0,0.0,0.0,0.0017857142857142859,0.008035714285714287,0.0,0.0,0.000992063492063492,0.0003968253968253968,0.003259637188208617,0.0018796992481203006,0.0,0.0,0.0,0.018359317411174997,0.0,0.0026733500417710945,0.002628968253968254,0.0,0.0,0.0,0.0,0.0,0.0062499999999999995,0.0,0.0047619047619047615,0.0017857142857142859,0.0,0.0011904761904761904,0.0,0.002497665732959851,0.0,0.0,0.0003968253968253968,0.0,0.0,0.0,0.0018796992481203006,0.0,0.0017857142857142859,0.0009398496240601503,0.0,0.0072508169934640525,0.0,0.0009398496240601503,0.0018796992481203006,0.006980519480519481,0.0017857142857142859,0.0,0.0,0.0017857142857142859,0.0,0.002232142857142857,0.0,0.0,0.0017857142857142859,0.0007936507936507937,0.001984126984126984,0.0,0.002232142857142857,0.005739795918367346,0.000992063492063492,0.0,0.0,0.0052666900093370685,0.0029761904761904765,0.0052666900093370685,0.0,0.0,0.007623626373626374,0.0,0.0,0.0,0.0,0.0029761904761904765,0.0,0.0,0.0017857142857142859,0.0,0.001984126984126984,0.002551020408163265,0.0009398496240601503,0.0,0.002628968253968254,0.0007936507936507937,0.0,0.0,0.0,0.0,0.011662888839746425,0.0,0.009821428571428573,0.0029761904761904765,0.0035714285714285718,0.0,0.005847953216374269,0.0013736263736263737,0.0,0.0,0.0,0.014252148227712137,0.0003968253968253968,0.003621031746031746,0.0,0.0,0.011516690009337069,0.0,0.0,0.008035714285714287,0.0,0.0,0.0018796992481203006,0.0052666900093370685,0.0,0.001984126984126984,0.0,0.0,0.010364452798663324,0.002232142857142857,0.018883547008547007,0.0,0.2000306560392397,0.1769293924466338,0.1853061875532121,0.31168831168831174,0.007554945054945054,0.06541961515559616,0.027211082568225426,0.4575757575757576,0.23214285714285715,0.23214285714285715
